D,F,I,R0,R1_plus_R2,R1_plus_R2_bulk,R_total,R_total_bulk,ambiguous_support,bulk_gA_observed,bulk_gA_predicted,bulk_identity_error,check4_error,child_ambiguous,child_failures,delta_I_identity_error,fixed_j,fourier_resid_child_max,fourier_resid_parent,full_j,max_abs_g_on_S,mean_R1,mean_R1_bulk,mean_R2,mean_inner,mean_solve_time_child,mean_unorm,method,min_w,n,num_children,ok,parent_id,q,s2,s3,seed,solve_time_parent,solver_status,std_child_R1,std_child_R2,std_child_Rsum,subset_vs_bulk_gap,sum_w_err_parent,support_1em10,support_1em8,support_1em9,tau,theta_like_value,w0
1.2284731222306935,127,1.7543186799740316,0.013813532913181352,0.01704595647261531,0.024361770736540098,0.030859489385796662,0.03817530364972145,False,7.631541796815107e-05,7.631541796815133e-05,2.574980159653073e-19,0.0,0,0,7.91033905045424e-16,-1,7.686993402922226e-14,9.805524447958902e-15,False,1.026262408387879e-14,-0.10347125478815139,-0.0961554405242266,0.1205172112607667,-0.0004519226075159115,0.09209771249993537,0.0009415407129747398,highs-ipm,0.0,509,32,True,0,127,0.013813532913181352,0.0002669791774528193,5319000,0.0994433999994726,0,0.09314406146710828,0.10441856382057553,0.05299439810844122,0.007315814263924789,6.661338147750939e-16,127,127,127,0.047651271584212826,23.151307972630747,0.04548390564367534
1.3316585189676613,127,1.8320888872764771,0.014425896750208481,0.015375627488093901,0.022624185412406864,0.02980152423830238,0.03705008216261534,False,8.272551887934724e-05,8.272551887934771e-05,4.743384504624082e-19,2.0816681711721685e-17,0,0,5.620504062164855e-16,-1,2.206082538869225e-13,5.568917722797995e-14,False,5.825201432330118e-14,-0.11274249348755813,-0.10549393556324517,0.12811812097565203,-0.0004948112046732742,0.09841609999998013,0.0010009228201222815,highs-ipm,0.0,509,32,True,1,127,0.014425896750208481,0.0002906694903496572,5319001,0.08559770000010758,0,0.11057704072378896,0.13513088144037758,0.05381440126156082,0.007248557924312962,0.0,127,127,127,0.04658839891803233,22.657899775875187,0.04451453787008878
0.645128061659803,127,1.54947258778637,0.012200571557372992,-0.005080797570359036,-0.0012340524864402902,0.007119773987013956,0.010966519070932702,False,4.0076756078433505e-05,4.007675607843354e-05,3.3881317890172014e-20,1.0408340855860843e-17,0,0,4.440892098500626e-16,-1,7.612747238150419e-14,1.7729307605351963e-14,False,1.8533785617336207e-14,-0.1176804467158023,-0.11383370163188355,0.11259964914544326,-0.00048473965307797867,0.09130271875017115,0.0008796847589487755,highs-ipm,0.0,509,32,True,2,127,0.012200571557372992,0.00018885196614552624,5319002,0.10948670000016136,0,0.09139685070168509,0.08850782399736087,0.032522297360515914,0.0038467450839187456,0.0,127,127,127,0.04548250886018459,22.14345702930354,0.04350384485128397
1.370132184704454,127,1.7989603603979596,0.014165042207857949,-0.02188344267690434,-0.022876310631403246,-0.007718400469046392,-0.008711268423545297,False,8.511558654003696e-05,8.511558654003758e-05,6.2341624917916505e-19,6.938893903907228e-18,0,0,9.08995101411847e-16,-1,7.353969863621579e-14,1.3258491526890737e-14,False,1.3850032232198828e-14,-0.1497774935982943,-0.1507703615527932,0.12789405092138995,-0.000674062311355636,0.08485864062507176,0.000999172272823359,highs-ipm,0.0,509,32,True,3,127,0.014165042207857949,0.00028559678609880405,5319003,0.08449149999978545,0,0.13979362960422778,0.12376500440122624,0.060774298539453035,0.000992867954498905,4.440892098500626e-16,127,127,127,0.04438730670967897,21.63291239761025,0.04250081021141503
0.5039231637204875,127,1.5317628335490803,0.012061124673614806,0.017336951618987878,0.015493554449685143,0.029398076292602684,0.02755467912329995,False,3.130480119364016e-05,3.1304801193640075e-05,8.809142651444724e-20,2.7755575615628914e-17,0,0,7.355227538141662e-16,-1,3.791888678050803e-13,1.8922363675955012e-14,False,1.9838297671270766e-14,-0.11086254812548996,-0.11270594529479269,0.12819949974447784,-0.00047156240000142404,0.088158087499977,0.001001558591753733,highs-ipm,0.0,509,32,True,4,127,0.012061124673614806,0.00017671402702974735,5319004,0.10773539999991044,0,0.10182221618165262,0.11942502316456727,0.03941249256003741,0.0018433971693027351,7.771561172376096e-16,127,127,127,0.04790160132205107,23.267370755196236,0.045711926827497515
0.5334413356893887,127,1.5166273849056426,0.011941947912642855,0.008262981953570128,0.01213955488696282,0.020204929866212983,0.024081502799605674,False,3.313853413471715e-05,3.313853413471734e-05,1.8973538018496328e-19,3.469446951953614e-18,0,0,6.522560269672795e-16,-1,7.822388570222216e-14,1.2647001501608912e-14,False,1.3176959523519827e-14,-0.08868970929876964,-0.08481313636537695,0.09695269125233977,-0.00036443984806197106,0.08513206249998007,0.0007574429004089044,highs-ipm,0.0,509,32,True,5,127,0.011941947912642855,0.00017568354890787506,5319005,0.10004599999956554,0,0.06497715389679137,0.07514376393278206,0.031845407104413866,0.0038765729333926913,4.440892098500626e-16,127,127,127,0.04330326304156675,21.126513899611293,0.04150592121731099
0.6464575923347561,127,1.5153228236503933,0.01193167577677475,-0.010051706790560888,-0.013205154755343618,0.0018799689862138615,-0.001273478978568868,False,4.015934941102319e-05,4.0159349411022115e-05,1.07742590890747e-18,1.3877787807814457e-17,0,0,3.3306690738754696e-16,-1,2.603700675202214e-13,3.547249299851174e-14,False,3.6963487826113806e-14,-0.176703431418191,-0.17985687938297373,0.16665172462763012,-0.0007427252845007633,0.08982522812499383,0.0013019665986533603,highs-ipm,0.0,509,32,True,6,127,0.01193167577677475,0.00018244533772772997,5319006,0.08354159999998956,0,0.15156552086043676,0.14276272064925294,0.03856518862100676,0.0031534479647827296,4.440892098500626e-16,127,127,127,0.04244343609773345,20.724106676346214,0.04071533728162321
0.8142998835464981,127,1.6691596469669128,0.013142989346196163,-0.0327803560246738,-0.029626217016990558,-0.01963736667847764,-0.016483227670794395,False,5.058607700869013e-05,5.058607700869021e-05,8.131516293641283e-20,6.938893903907228e-18,0,0,7.216449660063518e-16,-1,7.557236086919161e-14,1.3272369314698551e-14,False,1.3877787807814457e-14,-0.15173268961326636,-0.14857855060558312,0.11895233358859256,-0.0006309710403117493,0.08350736562488237,0.0009293151061608794,highs-ipm,0.0,509,32,True,7,127,0.013142989346196163,0.0002232248627074962,5319007,0.08875059999991208,0,0.1689378256861952,0.1250291020831292,0.0537079922824,0.003154139007683243,2.220446049250313e-16,127,127,127,0.046500442303825384,22.617023534688094,0.04443423091294321
0.7207702618947205,127,1.6755151787519567,0.013193032903558714,-0.03076055318195134,-0.028233966186899273,-0.017567520278392625,-0.015040933283340559,False,4.477581381318981e-05,4.477581381318981e-05,0.0,8.673617379884035e-18,0,0,9.992007221626409e-16,-1,6.163342405884897e-14,7.647528443843754e-15,False,8.014422459012849e-15,-0.18526976506320514,-0.18274317806815307,0.1545092118812538,-0.0007586163531419128,0.08766599375005057,0.0012071032178222953,highs-ipm,0.0,509,32,True,8,127,0.013193032903558714,0.00021874396280754677,5319008,0.09173659999942174,0,0.16785065497419127,0.1363716056141184,0.060909450259169405,0.002526586995052066,2.220446049250313e-16,127,127,127,0.047430489474812265,23.04889860021589,0.04528270844836128
0.6803622364983583,127,1.6005631712783004,0.01260285961636457,-0.020304926394602102,-0.015412012287802923,-0.007702066778237532,-0.0028091526714383534,False,4.2265579530008105e-05,4.226557953000786e-05,2.439454888092385e-19,8.673617379884035e-18,0,0,8.873110579621368e-16,-1,8.56255170933462e-14,9.127789669938213e-15,False,9.56179579958416e-15,-0.15047571862474352,-0.14558280451794434,0.1301707922301414,-0.0006109484096782279,0.09479861562493852,0.0010169593142979798,highs-ipm,0.0,509,32,True,9,127,0.01260285961636457,0.00020101461353777718,5319009,0.1044131999997262,0,0.12697099623380018,0.1066310742128777,0.0462490556870326,0.004892914106799179,1.1102230246251565e-16,127,127,127,0.048553675267034746,23.569437877967314,0.046305378935102774
0.6806587849973255,127,1.5722009751972281,0.012379535237773449,-0.016713869153537536,-0.013195996650566366,-0.004334333915764087,-0.0008164614127929171,False,4.228400176671564e-05,4.228400176671534e-05,3.049318610115481e-19,2.42861286636753e-17,0,0,6.938893903907228e-16,-1,4.8466222354881516e-14,1.1282207806884159e-14,False,1.1803058530546195e-14,-0.17300008868208097,-0.1694822161791098,0.15628621952854344,-0.000704323908716363,0.09298040312495459,0.0012209860900667456,highs-ipm,0.0,509,32,True,10,127,0.012379535237773449,0.00019545382177496684,5319010,0.08776420000049256,0,0.11519043209885652,0.1223391750036936,0.044673996905869186,0.00351787250297117,2.220446049250313e-16,127,127,127,0.04590632521090824,22.340738332986415,0.04389143090960003
0.6162826538454136,127,1.6023855453715925,0.012617209018673957,0.004049896004427844,0.003184690106650595,0.0166671050231018,0.01580189912532455,False,3.8284816707536426e-05,3.828481670753413e-05,2.2971533529536625e-18,1.0408340855860843e-17,0,0,3.0531133177191805e-16,-1,1.148674254672355e-13,4.300292760772706e-14,False,4.5005665860742283e-14,-0.13857754986957355,-0.1394427557673508,0.1426274458740014,-0.0005829830814237482,0.0980393843750278,0.0011142769208906359,highs-ipm,0.0,509,32,True,11,127,0.012617209018673957,0.000197403564378525,5319011,0.09148310000000492,0,0.1226125700593007,0.11325610581888618,0.027390593346775998,0.0008652058977772492,0.0,127,127,127,0.046559478692758186,22.644460383862466,0.0444881343494351
1.1984148673606574,127,1.7285573973143198,0.01361068816782929,-0.015616322860912718,-0.007260805560315636,-0.0020056346930834284,0.006349882607513653,False,7.444813390447188e-05,7.44481339044718e-05,8.131516293641283e-20,0.0,0,0,6.800116025829084e-16,-1,4.544498458103341e-14,1.1361571405910098e-14,False,1.189326415129699e-14,-0.14855028255108196,-0.14019476525048488,0.13293395969016925,-0.0006220839356641784,0.09234302499993419,0.0010385465600794472,highs-ipm,0.0,509,32,True,12,127,0.01361068816782929,0.00025955270278198975,5319012,0.09795320000011998,0,0.08519011065929337,0.08379465354386033,0.04854587704117648,0.008355517300597082,4.440892098500626e-16,127,127,127,0.047462783595068295,23.063880863598357,0.04531214315048793
0.9526971943224359,127,1.6880923898740428,0.013292066062000337,-0.014753416022991073,-0.015346867677982157,-0.0014613499609907356,-0.0020548016159818196,False,5.9183618482251395e-05,5.91836184822516e-05,2.0328790734103208e-19,1.734723475976807e-17,0,0,8.326672684688674e-16,-1,9.662453129277715e-14,1.7819513226102757e-14,False,1.8686441283222166e-14,-0.14786843584367854,-0.14846188749866962,0.13311501982068746,-0.0006391128665239298,0.09691071562508569,0.0010399610923491208,highs-ipm,0.0,509,32,True,13,127,0.013292066062000337,0.00023574636437926055,5319013,0.08038419999957114,0,0.12533909847444094,0.10707903537875463,0.04174729221793294,0.000593451654991084,0.0,127,127,127,0.05026188177651262,24.358970146541836,0.047856522881221684
1.3471743333130617,127,1.8130248732716496,0.014275786403713776,-0.029810393498253623,-0.03524407731234572,-0.015534607094539847,-0.02096829090863194,False,8.368939495889606e-05,8.368939495889543e-05,6.369687763352339e-19,1.0408340855860843e-17,0,0,6.661338147750939e-16,-1,1.8114589689366412e-13,5.4924814696377666e-14,False,5.74956748877753e-14,-0.19042008318396617,-0.19585376699805826,0.16060968968571254,-0.0008487431722950605,0.10271816875010131,0.0012547632006696292,highs-ipm,0.0,509,32,True,14,127,0.014275786403713776,0.0002873230531598204,5319014,0.09570720000010624,0,0.16856062746942882,0.13328795920458242,0.06877229314487679,0.005433683814092094,0.0,127,127,127,0.0470367695426005,22.86616515639907,0.04492370364714945
0.6724090374334506,127,1.513054856749129,0.011913817769678182,0.021610786216645916,0.02345479101459161,0.0335246039863241,0.03536860878426979,False,4.177150953381702e-05,4.177150953381599e-05,1.0299920638612292e-18,2.0816681711721685e-17,0,0,4.996003610813204e-16,-1,9.21286430390772e-14,2.752236372832728e-14,False,2.8803348595118905e-14,-0.1270719319330843,-0.1252279271351386,0.14868271814973022,-0.0005309430999054512,0.0970678031250145,0.0011615837355447673,highs-ipm,0.0,509,32,True,15,127,0.011913817769678182,0.00018362849754886097,5319015,0.08285810000052152,0,0.09777773375774285,0.10313454619396481,0.05589792729931062,0.001844004797945692,4.440892098500626e-16,127,127,127,0.04646331556421256,22.599767493457826,0.044400329063767834
0.742268910925166,127,1.6188393091284765,0.012746766213610051,-0.006146800954901888,-0.001183739460598826,0.006599965258708164,0.011563026753011225,False,4.611135657502893e-05,4.6111356575028875e-05,5.421010862427522e-20,1.734723475976807e-18,0,0,3.2612801348363973e-16,-1,9.694328673148789e-14,1.4525707026091794e-14,False,1.5140666498325572e-14,-0.12773446924468945,-0.12277140775038639,0.12158766828978756,-0.0005256871680999757,0.0993137250000018,0.0009499036585139654,highs-ipm,0.0,509,32,True,16,127,0.012746766213610051,0.00020850081342332005,5319016,0.09994599999936327,0,0.1171157802122761,0.11375160692862055,0.03161202474505026,0.0049630614943030615,3.3306690738754696e-16,127,127,127,0.04317615879952842,21.067069682890743,0.04138913493691698
0.4508157844100095,127,1.5042422931563109,0.011844427505167803,-0.0068159024822322944,-0.005004931723497114,0.005028525022935508,0.006839495781670689,False,2.8005655468813467e-05,2.8005655468813064e-05,4.0318768289304696e-19,2.2551405187698492e-17,0,0,1.0547118733938987e-15,-1,1.2990530959960944e-13,2.2366657137506962e-14,False,2.3391011350071267e-14,-0.14350474280512687,-0.1416937720463917,0.13668884032289458,-0.0005814969525250306,0.10077071562494666,0.0010678815650226139,highs-ipm,0.0,509,32,True,17,127,0.011844427505167803,0.00016824109745986523,5319017,0.09439079999992828,0,0.11073397451214942,0.11550954230940244,0.042998318658025635,0.0018109707587351809,0.0,127,127,127,0.04499640906096988,21.916986521144487,0.043058912615215106
0.47556486590981073,127,1.4702161841786858,0.011576505387233746,0.04099920231612203,0.04080643585063176,0.052575707703355776,0.05238294123786551,False,2.9543122153924835e-05,2.954312215392503e-05,1.9651164376299768e-19,0.0,0,0,4.996003610813204e-16,-1,6.060082990977378e-14,1.5116380369661897e-14,False,1.582067810090848e-14,-0.13279107294540932,-0.13298383941089958,0.17379027526153135,-0.0005490112448527515,0.10345761249993757,0.0013577365254807136,highs-ipm,0.0,509,32,True,18,127,0.011576505387233746,0.00016350055763722152,5319018,0.084643899999719,0,0.10291614552776066,0.12972936071473543,0.04629945692719261,0.00019276646549026832,0.0,127,127,127,0.046286382422144196,22.51751437147708,0.04423873157461116
0.9170987886403416,127,1.7096754775163105,0.013462011633986698,0.003226794531178745,0.004179347348517465,0.016688806165165444,0.017641358982504164,False,5.6972168219754826e-05,5.697216821975356e-05,1.2671612890924333e-18,3.122502256758253e-17,0,0,6.036837696399289e-16,-1,5.343598827312057e-14,4.718306908374492e-14,False,4.93424745506843e-14,-0.13849440543753716,-0.13754185262019844,0.1417211999687159,-0.0005942450300174037,0.1072525531251074,0.001107196874755593,highs-ipm,0.0,509,32,True,19,127,0.013462011633986698,0.0002380859958497716,5319019,0.08636079999996582,0,0.13780820028215804,0.12043105029107212,0.05470054005102198,0.0009525528173387199,0.0,127,127,127,0.04644348051663203,22.590547911192207,0.04438221593554461
0.35600115381148045,127,1.391755924039759,0.010958708063305189,0.04459648932432435,0.04413935712484855,0.05555519738762954,0.055098065188153744,False,2.211556472715827e-05,2.2115564727158392e-05,1.2197274440461925e-19,0.0,0,0,5.967448757360216e-16,-1,2.1290261220663353e-13,3.5572239598380406e-14,False,3.712308238590367e-14,-0.09830047356764644,-0.09875760576712224,0.1428969628919708,-0.00040788746225497963,0.11707644062505551,0.0011163825225935218,highs-ipm,0.0,509,32,True,20,127,0.010958708063305189,0.0001421653980972933,5319020,0.1394047000003411,0,0.08043707640307846,0.0967113536211599,0.04279749772707676,0.000457132199475796,2.220446049250313e-16,127,127,127,0.04320192361185594,21.07912056210549,0.04141281053458839
0.7367034873956115,127,1.664269794228288,0.013104486568726677,-0.0017423458496218514,0.0022736367227777776,0.011362140719104826,0.015378123291504455,False,4.576562038011949e-05,4.5765620380120105e-05,6.166399856011306e-19,5.204170427930421e-18,0,0,4.163336342344337e-16,-1,7.561659631782902e-14,6.004398367398522e-14,False,6.269290642180181e-14,-0.11730716710498307,-0.11329118453258344,0.11556482125536122,-0.0004883093099605242,0.10746980624998059,0.0009028501660575095,highs-ipm,0.0,509,32,True,21,127,0.013104486568726677,0.00021740327579988094,5319021,0.10910239999975602,0,0.1087135344539676,0.10213491862949856,0.04755086868559168,0.004015982572399629,4.440892098500626e-16,127,127,127,0.04627467984299582,22.512073066337955,0.044228041387697356
0.8745193494280306,127,1.7025197962209844,0.013405667686779404,-0.016242582456673482,-0.026238103502510296,-0.0028369147698940785,-0.012832435815730892,False,5.4327040995125124e-05,5.432704099512488e-05,2.439454888092385e-19,2.7755575615628914e-17,1,0,5.551115123125783e-16,-1,9.912990567295665e-14,2.3980383651034387e-14,False,2.5125734826048074e-14,-0.2145339501137383,-0.2245294711595751,0.19829136765706482,-0.0009313952877122152,0.11050801250004838,0.0015491513098208189,highs-ipm,0.0,509,32,True,22,127,0.013405667686779404,0.00023393223423351557,5319022,0.13443259999985457,0,0.16434971293322356,0.150396690936681,0.052293520439528965,0.009995521045836814,0.0,127,127,127,0.04730068186845114,22.988667426520173,0.045164376083536684
0.8753258259136693,127,1.7327059857467386,0.013643354218478256,-0.004813248374598483,-0.011958006571639174,0.008830105843879773,0.0016853476468390825,False,5.437714106566726e-05,5.437714106566712e-05,1.4230153513872246e-19,1.9081958235744878e-17,0,0,3.885780586188048e-16,-1,5.902911623043017e-14,2.075423166658652e-14,False,2.1788126858268697e-14,-0.19810883506508298,-0.20525359326212367,0.1932955866904845,-0.0008561489897458377,0.11010680625003033,0.0015101217710194101,highs-ipm,0.0,509,32,True,23,127,0.013643354218478256,0.00024041142407813543,5319023,0.14926239999931568,0,0.18824814711247703,0.1744106937841703,0.047497833760599,0.00714475819704069,2.220446049250313e-16,127,127,127,0.05013129198323965,24.298702280625154,0.047738118429518965
0.5067362567462456,127,1.477616318324225,0.011634774160033268,-0.0005811125407305107,-0.0014571047407867799,0.011053661619302758,0.010177669419246489,False,3.147955664099927e-05,3.1479556640999144e-05,1.2874900798265365e-19,1.0408340855860843e-17,0,0,8.881784197001252e-16,-1,4.1661118999059e-14,1.3314002678121994e-14,False,1.3905543383430086e-14,-0.1556439138125265,-0.15651990601258278,0.155062801271796,-0.0006428854395026507,0.10645714374996373,0.0012114281349359063,highs-ipm,0.0,509,32,True,24,127,0.011634774160033268,0.00016678568050866658,5319024,0.09424200000012206,0,0.0986486893392222,0.11465547340250083,0.04249968209995913,0.0008759922000562692,6.661338147750939e-16,127,127,127,0.04457765414595674,21.72172252607038,0.0426752898351088
0.8513378488194777,127,1.6053091433954145,0.012640229475554446,0.0023110563665373896,0.0017416222915079826,0.014951285842091835,0.014381851767062429,False,5.288695583896053e-05,5.288695583896104e-05,5.149960319306146e-19,1.734723475976807e-18,0,0,6.557254739192331e-16,-1,5.921305112899233e-14,1.0374947428948289e-14,False,1.0817735596191369e-14,-0.15162256375772903,-0.15219199783275844,0.15393362012426642,-0.0006473869473731737,0.1032764375000852,0.0012026064072208314,highs-ipm,0.0,509,32,True,25,127,0.012640229475554446,0.00021255845338758744,5319025,0.12676620000002004,0,0.1268091242334595,0.12318762214651151,0.03936450179969431,0.0005694340750294069,0.0,127,127,127,0.0432654871870371,21.108848369536588,0.04147121487138819
1.4624602669906581,127,1.8111187624647587,0.014260777657202824,-0.00010909648917906134,-0.0011203819733801579,0.014151681168023763,0.013140395683822666,False,9.085120750101991e-05,9.08512075010197e-05,2.0328790734103208e-19,1.734723475976807e-18,0,0,5.551115123125783e-16,-1,8.956512831739816e-14,1.27675647831893e-14,False,1.3378187446733136e-14,-0.14940183116585337,-0.15041311665005447,0.1492927346766743,-0.000678402444415295,0.10337690625004825,0.001166349489661518,highs-ipm,0.0,509,32,True,26,127,0.014260777657202824,0.00029404249728703187,5319026,0.09439239999937854,0,0.17696554705460246,0.13933326501552395,0.07745966500920927,0.0010112854842010965,0.0,127,127,127,0.04781614999034901,23.227758367068326,0.04563410288225604
0.7478770309031074,127,1.6070617249041235,0.012654029329953728,-0.011873530337705746,-0.011125430827121169,0.0007804989922479827,0.0015285985028325594,False,4.6459745166026143e-05,4.6459745166026286e-05,1.4230153513872246e-19,2.949029909160572e-17,0,0,5.412337245047638e-16,-1,6.173967587175255e-14,1.3558598688234724e-14,False,1.4224732503009818e-14,-0.16131547361508725,-0.16056737410450267,0.1494419432773815,-0.0006736760502617399,0.10655137500003775,0.001167515181854543,highs-ipm,0.0,509,32,True,27,127,0.012654029329953728,0.00020649292693625915,5319027,0.11698780000006082,0,0.15546646464383196,0.13380175856913576,0.06018324333649314,0.0007480995105845767,2.220446049250313e-16,127,127,127,0.048164849760214005,23.389363355923802,0.04595159794876975
0.7883650158840573,127,1.538285029019838,0.012112480543463292,0.031221214289755272,0.030960332889413522,0.04333369483321856,0.04307281343287681,False,4.897494671223402e-05,4.897494671223413e-05,1.0842021724855044e-19,6.938893903907228e-18,0,0,7.216449660063518e-16,-1,9.880366923925576e-14,1.1141261524461044e-14,False,1.1705914015891494e-14,-0.12743563746516384,-0.1276965188655056,0.15865685175491911,-0.0005477894735306154,0.09908242500009123,0.0012395066543353056,highs-ipm,0.0,509,32,True,28,127,0.012112480543463292,0.00019559091365804583,5319028,0.0958253999997396,0,0.12273392193864219,0.12358160720062307,0.04358895341243953,0.00026088140034175034,2.220446049250313e-16,127,127,127,0.046818448272442664,22.764778563083958,0.044724515841029384
1.0999617650102043,127,1.7438115317827048,0.013730799462855943,0.0064701080488744345,-0.002963964257744589,0.020200907511730377,0.010766835205111354,False,6.833201339668759e-05,6.833201339668827e-05,6.776263578034403e-19,3.2959746043559335e-17,0,0,4.544975507059235e-16,-1,3.0140820395097023e-13,3.2931990467943706e-14,False,3.4534874959746276e-14,-0.18475281980505098,-0.19418689211167,0.19122292785392542,-0.0008268745607078992,0.10300238124989392,0.0014939291238587923,highs-ipm,0.0,509,32,True,29,127,0.013730799462855943,0.00025673261971532937,5319029,0.11013009999987844,0,0.1253721323318581,0.12150516665237708,0.047968085506657876,0.009434072306619024,1.1102230246251565e-16,127,127,127,0.04850695901159,23.547809506361503,0.046262887045896865
0.8266135941774346,127,1.6717470700057009,0.013163362755950401,-0.04666293510394437,-0.04744359427155326,-0.03349957234799397,-0.03428023151560286,False,5.135103145216441e-05,5.135103145216425e-05,1.6263032587282567e-19,6.938893903907228e-18,0,0,8.326672684688674e-16,-1,6.263316688209786e-14,2.1328804607895213e-14,False,2.2287727219350018e-14,-0.21075049481252772,-0.2115311539801366,0.16408755970858335,-0.0008776446016870729,0.10201553437497068,0.0012819340602233074,highs-ipm,0.0,509,32,True,30,127,0.013163362755950401,0.00022452426438403377,5319030,0.08336970000073052,0,0.19001535143464582,0.17418541831682396,0.06551271686217149,0.0007806591676088881,5.551115123125783e-16,127,127,127,0.04525781403643588,22.038799457128825,0.043298230760567435
1.2538237054698973,127,1.867330910907415,0.014703392999270985,-0.07547377779534664,-0.07442171968555575,-0.06077038479607566,-0.05971832668628477,False,7.78902512474715e-05,7.789025124746907e-05,2.439454888092385e-18,5.551115123125783e-17,0,0,4.0245584642661925e-16,-1,2.292949630080393e-13,4.1725737448539135e-14,False,4.3645642655576466e-14,-0.23436795152950107,-0.23331589341971018,0.15889417373415443,-0.000989280459918212,0.10576563437498976,0.0012413607322980815,highs-ipm,0.0,509,32,True,31,127,0.014703392999270985,0.00029392699090459505,5319031,0.11593209999955434,0,0.22740135289209132,0.16661935634796526,0.08585949708074783,0.0010520581097908932,8.881784197001252e-16,127,127,127,0.04649174935950729,22.612983273372834,0.04442629326792305
0.9635183688209756,127,1.6793486994624158,0.013223218106003274,-0.031485228402482135,-0.02890886016345931,-0.01826201029647886,-0.015685642057456036,False,5.985585334015635e-05,5.985585334015619e-05,1.6263032587282567e-19,1.734723475976807e-17,0,0,7.91033905045424e-16,-1,7.026670911791655e-14,2.3711935193126976e-14,False,2.4799606812564434e-14,-0.167512834507335,-0.16493646626831218,0.13602760610485287,-0.0007041389247007506,0.1107616624999821,0.001062715672694163,highs-ipm,0.0,509,32,True,32,127,0.013223218106003274,0.00023459175542235,5319032,0.1152514000004885,0,0.15038079742558133,0.11105701553955838,0.061932951706995906,0.002576368239022825,2.220446049250313e-16,127,127,127,0.046835174785470085,22.772547713339556,0.04473977939752369
0.6186952556456852,127,1.5562867177471444,0.012254226123993264,0.02728400452278286,0.025262071231359387,0.039538230646776126,0.037516297355352654,False,3.843469277030383e-05,3.843469277030391e-05,8.131516293641283e-20,0.0,0,0,8.049116928532385e-16,-1,1.4089424071883627e-13,9.786659330157654e-15,False,1.0193235144839718e-14,-0.09090718958584469,-0.09292912287726816,0.11819119410862755,-0.0004014390790096327,0.103732575000123,0.0009233687039736527,highs-ipm,0.0,509,32,True,33,127,0.012254226123993264,0.00018852524046635659,5319033,0.08027450000008685,0,0.09555551584222921,0.10979411895595076,0.038864382595552145,0.0020219332914234722,0.0,127,127,127,0.04514935766942793,21.9882669257761,0.0431989527029
0.6783433467923425,127,1.6223108825526835,0.012774101437422705,-0.0036977356092461056,-0.003681362515596115,0.0090763658281766,0.00909273892182659,False,4.214016171747407e-05,4.214016171747451e-05,4.404571325722362e-19,1.0408340855860843e-17,0,0,6.106226635438361e-16,-1,3.299097106612692e-14,2.0360449437539785e-14,False,2.1288526497187377e-14,-0.13392899874464648,-0.1339126256509965,0.13023126313540037,-0.0005652363556666795,0.10123155312513177,0.0010174317432453154,highs-ipm,0.0,509,32,True,34,127,0.012774101437422705,0.0002052350391494333,5319034,0.08797659999981988,0,0.108891159202529,0.10950763711538096,0.03502994429950567,1.6373093649990622e-05,4.440892098500626e-16,127,127,127,0.04560787893621697,22.201831916332125,0.04361853028748944
0.8454224779298941,127,1.5964552129808498,0.012570513488038188,0.01168440560301895,0.02126267076741449,0.024254919091057137,0.033833184255452675,False,5.2519480154143757e-05,5.251948015414062e-05,3.1374100366299285e-18,1.3877787807814457e-17,0,0,3.469446951953614e-16,-1,5.623481552381043e-14,5.998009706097152e-14,False,6.263739527057055e-14,-0.08726169634314007,-0.07768343117874453,0.09894610194615902,-0.00035597038319611145,0.09722163437504605,0.0007730164214543673,highs-ipm,0.0,509,32,True,35,127,0.012570513488038188,0.00021043410781720038,5319035,0.12358109999968292,0,0.07757177587940942,0.08345882625159377,0.036614657572703296,0.009578265164395538,0.0,127,127,127,0.04398890168180151,21.44692431113731,0.04213541122030905
0.8334016326560127,127,1.7168859409689752,0.013518786936763585,-0.014024384755139493,-0.008971565407995666,-0.0005055978183759087,0.004547221528767919,False,5.177271914259976e-05,5.177271914260059e-05,8.334804200982315e-19,5.204170427930421e-18,0,0,5.620504062164855e-16,-1,9.34444307956056e-14,2.2697121959680544e-14,False,2.3696322681843185e-14,-0.1364226273378821,-0.13136980799073827,0.12239824258274261,-0.000564936031606422,0.10705772187498042,0.0009562362701776766,highs-ipm,0.0,509,32,True,36,127,0.013518786936763585,0.00023442860480829168,5319036,0.1058352999998533,0,0.12443838471183644,0.10906661206543115,0.058146886614617,0.005052819347143828,4.440892098500626e-16,127,127,127,0.046231361939202034,22.49193064088371,0.04418846884260061
0.8575489601552445,127,1.6412361003079525,0.012923118900062619,-0.004889721515778975,0.005357366184545728,0.008033397384283644,0.018280485084608347,False,5.327280356250238e-05,5.3272803562495326e-05,7.054090384733813e-18,1.0408340855860843e-17,0,0,5.689893001203927e-16,-1,2.1382895454280515e-13,1.4419585317448913e-13,False,1.50712775592865e-13,-0.11535024361982915,-0.10510315591950445,0.11046052210405018,-0.0004638320063730596,0.1069757312499462,0.000862972828937892,highs-ipm,0.0,509,32,True,37,127,0.012923118900062619,0.00022017514397106456,5319037,0.11797440000009374,0,0.10149918535189403,0.09150652123590165,0.04463977807875146,0.010247087700324703,0.0,127,127,127,0.045187417570992046,22.00600117927912,0.04323379406538138
0.7957599490617885,127,1.6141803382310587,0.012710081403394163,-0.03631813884053289,-0.040919768389390015,-0.02360805743713873,-0.028209686985995852,False,4.9434336019247225e-05,4.943433601924669e-05,5.353248226647178e-19,3.469446951953614e-17,0,0,5.551115123125783e-16,-1,1.3552353683721208e-13,1.6906614996869962e-14,False,1.7638668303732175e-14,-0.23665521127746006,-0.24125684082631718,0.20033707243692717,-0.0009918438704970482,0.1041050249999671,0.0015651333784134935,highs-ipm,0.0,509,32,True,38,127,0.012710081403394163,0.00021088338479716807,5319038,0.0759077000002435,0,0.15206653530793862,0.14698640678181213,0.036323880003371105,0.004601629548857122,0.0,127,127,127,0.04263566125019531,20.81412748757096,0.040892195456917406
0.6640956616656438,127,1.664752270320835,0.013108285593077442,-0.02263184859406453,-0.02551280313035431,-0.009523563000987088,-0.01240451753727687,False,4.125506457872006e-05,4.1255064578720474e-05,4.1335207826009857e-19,2.949029909160572e-17,0,0,5.828670879282072e-16,-1,6.362271820492538e-14,2.251600598676684e-14,False,2.352978922814941e-14,-0.15203893490338477,-0.15491988943967455,0.12940708630932024,-0.0006464108827024492,0.110135453125082,0.0010109928617915644,highs-ipm,0.0,509,32,True,39,127,0.013108285593077442,0.00021300116456097828,5319039,0.13352390000000014,0,0.1420413036359934,0.13050567839306845,0.051316774797584626,0.0028809545362897815,0.0,127,127,127,0.04519129757375707,22.007809018730484,0.04323734581283003
1.018487723948179,127,1.6268158725454707,0.012809573799570635,-0.01613570511099688,-0.017555227681061936,-0.0033261313114262437,-0.004745653881491301,False,6.327066904597808e-05,6.327066904597714e-05,9.351243737687476e-19,1.734723475976807e-18,0,0,8.604228440844963e-16,-1,7.549516567451064e-14,3.494730546615976e-14,False,3.660960423701454e-14,-0.16282896684933637,-0.16424848941940143,0.1466932617383395,-0.000704866330840514,0.10439470937507167,0.0011460411073307773,highs-ipm,0.0,509,32,True,40,127,0.012809573799570635,0.00022723154610416394,5319040,0.13706459999957588,0,0.12940016416403843,0.12705874724463626,0.046628628569522414,0.0014195225700650571,2.220446049250313e-16,127,127,127,0.04732912506602549,23.001866444885,0.045190307357337915
1.0973728403342407,127,1.7889181307705764,0.014085969533626586,-0.0411218198668048,-0.03352888297802084,-0.027035850333178214,-0.019442913444394257,False,6.817118377399683e-05,6.817118377399741e-05,5.827586677109586e-19,3.122502256758253e-17,0,0,3.885780586188048e-16,-1,7.662739800323726e-14,1.838026258971226e-14,False,1.9241552795534744e-14,-0.18580771554167355,-0.1782147786528896,0.14468589567486875,-0.0007643226628868474,0.10574455000011085,0.0011303585599599121,highs-ipm,0.0,509,32,True,41,127,0.014085969533626586,0.00026645178987748364,5319041,0.09943569999995816,0,0.15557658770799226,0.13221740295088075,0.048139021782318284,0.007592936888783958,4.440892098500626e-16,127,127,127,0.0492397321492961,23.886841963801558,0.046928962600788916
0.8897937132054156,127,1.6672186101874695,0.01312770559202732,0.026525367739381273,0.017080561564446956,0.03965307333140859,0.030208267156474275,False,5.527591764108056e-05,5.527591764108037e-05,1.8973538018496328e-19,2.7755575615628914e-17,0,0,6.245004513516506e-16,-1,6.586831774457735e-14,1.3673957799387182e-14,False,1.4301060335952798e-14,-0.14007922515824928,-0.1495240313331836,0.16660459289763055,-0.0006393541650363288,0.11236089687494655,0.0013015983820127387,highs-ipm,0.0,509,32,True,42,127,0.01312770559202732,0.00022750397466432223,5319042,0.08432219999940571,0,0.13026070628414005,0.1362069773955305,0.05507902127748582,0.009444806174934317,6.661338147750939e-16,127,127,127,0.04744639527578482,23.056277919612207,0.04529720612890414
0.5343589382362456,127,1.522350572649138,0.011987012383064079,0.04152912633122381,0.040338877558073916,0.05351613871428789,0.052325889941137994,False,3.319553759749026e-05,3.319553759749141e-05,1.1519648082658485e-18,6.938893903907228e-18,0,0,7.788908407135864e-16,-1,4.841006068234677e-14,3.6988207635646475e-14,False,3.876066134722578e-14,-0.11270040751197032,-0.11389065628512021,0.15422953384319413,-0.0004780809137112422,0.10908026250001512,0.0012049182331499541,highs-ipm,0.0,509,32,True,43,127,0.011987012383064079,0.00017681878630301966,5319043,0.15246949999982462,0,0.11924148570800089,0.15585489912500308,0.05075110347337945,0.0011902487731498962,4.440892098500626e-16,127,127,127,0.047656036516597326,23.15351770186049,0.04548824695846855
1.050668010711557,127,1.7389105386300074,0.01369220896559061,-0.057730476890451216,-0.06665912106594252,-0.044038267924860604,-0.052966912100351905,False,6.526977833883852e-05,6.526977833883879e-05,2.710505431213761e-19,1.3877787807814457e-17,0,0,6.106226635438361e-16,-1,7.590044044658573e-14,1.0576123259635343e-14,False,1.1129985821867194e-14,-0.2366051859678847,-0.24553383014337601,0.1788747090774335,-0.0010243863023364013,0.09340772187491098,0.0013974586646674492,highs-ipm,0.0,509,32,True,44,127,0.01369220896559061,0.0002526181333046103,5319044,0.10882140000012441,0,0.20975907544826142,0.17340108643080993,0.05768895835185792,0.008928644175491302,0.0,127,127,127,0.04492399776093987,21.883232569369895,0.04299259836811374
0.7474977209367387,127,1.59630779509928,0.012569352717317165,-0.00997660108525461,-0.012350521291515565,0.002592751632062554,0.00021883142580159977,False,4.643618160724786e-05,4.6436181607248256e-05,3.9302328752599536e-19,6.938893903907228e-18,0,0,3.885780586188048e-16,-1,7.225470222138597e-14,4.518694446398186e-14,False,4.71359062892418e-14,-0.2044334770922239,-0.20680739729848485,0.1944568760069693,-0.0008542775773044547,0.10381692187496583,0.0015191943438044476,highs-ipm,0.0,509,32,True,45,127,0.012569352717317165,0.00020433357912030898,5319045,0.13420870000027207,0,0.14081139482152957,0.13596386341902403,0.04608420458810392,0.0023739202062609543,4.440892098500626e-16,127,127,127,0.04334513130184951,21.146091710911012,0.04154438450080749
0.8379420514585926,127,1.6654042223604015,0.013113419073703949,-0.009862155171478787,-0.00738799425314246,0.0032512639022251617,0.005725424820561488,False,5.205477981808335e-05,5.205477981808378e-05,4.2690460541616737e-19,1.474514954580286e-17,0,0,7.7021722333370235e-16,-1,4.88563182965418e-14,1.9383800120564842e-14,False,2.0310142456736457e-14,-0.15657891289396683,-0.1541047519756305,0.14671675772248804,-0.0006540264672228904,0.09848028437500034,0.0011462246697069379,highs-ipm,0.0,509,32,True,46,127,0.013113419073703949,0.00022391427089803745,5319046,0.10408649999953923,0,0.13428151185301046,0.12729970965933882,0.04584567987687047,0.0024741609183363267,4.440892098500626e-16,127,127,127,0.04719475199427639,22.939504537564737,0.045067788875372765
0.597609034829105,127,1.582734515033136,0.012462476496323906,-0.024665396088581024,-0.022519701018598973,-0.012202919592257118,-0.010057224522275067,False,3.712477094469357e-05,3.7124770944693256e-05,3.1170812458958252e-19,1.9081958235744878e-17,0,0,6.661338147750939e-16,-1,1.444892382823637e-13,1.4667086989383904e-14,False,1.530026105811544e-14,-0.1413136826615306,-0.13916798759154855,0.11664828657294958,-0.0005807497224741797,0.1005752875000212,0.0009113147388511686,highs-ipm,0.0,509,32,True,47,127,0.012462476496323906,0.0001923651546844988,5319047,0.09686750000037136,0,0.14430818732484213,0.12835724376107793,0.03980333318831738,0.002145695069982051,2.220446049250313e-16,127,127,127,0.04464249978690864,21.751970072222463,0.042734715269592265
0.8693014926942115,127,1.6293420616461112,0.012829465052331583,-0.017057882329746726,-0.025743491312323036,-0.004228417277415143,-0.012914026259991452,False,5.400289640430602e-05,5.400289640430448e-05,1.5382118322138094e-18,1.3877787807814457e-17,0,0,4.996003610813204e-16,-1,1.1745396322204726e-12,5.3328869098479004e-14,False,5.5837279244741467e-14,-0.19121206899642537,-0.19989767797900168,0.17415418666667865,-0.0008348532010097798,0.10442826249996529,0.001360579583333427,highs-ipm,0.0,509,32,True,48,127,0.012829465052331583,0.00021849197386963925,5319048,0.09664780000002793,0,0.15545886720540772,0.16223706707399466,0.047170169336122225,0.00868560898257631,2.220446049250313e-16,127,127,127,0.04542767309787098,22.117919968865817,0.043453673809166635
0.6931069244735824,127,1.579971743573737,0.012440722390344387,0.02573420751787041,0.02253147728207322,0.03817492990821479,0.0349721996724176,False,4.305730722197074e-05,4.305730722197136e-05,6.166399856011306e-19,2.0816681711721685e-17,0,0,5.967448757360216e-16,-1,7.029267575994758e-14,1.9710199184591604e-14,False,2.0608514894604468e-14,-0.11628791785208532,-0.11949064808788251,0.14202212536995573,-0.0005098176513152624,0.10211111250009708,0.0011095478544527792,highs-ipm,0.0,509,32,True,49,127,0.012440722390344387,0.00019774428885640879,5319049,0.09932320000007167,0,0.08831453121158483,0.11363859482505151,0.04654655582291431,0.003202730235797188,0.0,127,127,127,0.04552157364247102,22.161647897225674,0.04353958329513885
0.7545682520902083,127,1.563007665082485,0.012307146969153424,0.012080915260009234,0.008440873124969328,0.024388062229162656,0.02074802009412275,False,4.687541835608014e-05,4.687541835607843e-05,1.7076184216646695e-18,2.0816681711721685e-17,0,0,1.119764003743029e-15,-1,4.845169404577021e-14,2.491583328545488e-14,False,2.5979218776228663e-14,-0.17110685394811642,-0.17474689608315633,0.18318776920812566,-0.0007294804811809079,0.10844670312491189,0.0014311544469384817,highs-ipm,0.0,509,32,True,50,127,0.012307146969153424,0.00019824919171658562,5319050,0.11482059999980265,0,0.12683544449248638,0.14086671183955726,0.05408686496980269,0.003640042135039906,2.220446049250313e-16,127,127,127,0.0435690784382845,21.25078385637345,0.04175006651546846
0.47555860849148285,127,1.5217831354269462,0.011982544373440521,0.016929274617607903,0.013061145458605677,0.028911818991048423,0.025043689832046197,False,2.954273342951085e-05,2.954273342951059e-05,2.574980159653073e-19,6.938893903907228e-18,0,0,1.0547118733938987e-15,-1,7.760111997434649e-14,2.1736085153989393e-14,False,2.2738755323103987e-14,-0.13336524312804676,-0.137233372287049,0.15029451774565467,-0.0005656105939257957,0.10943710625005565,0.001174175919887927,highs-ipm,0.0,509,32,True,51,127,0.011982544373440521,0.0001730660623573284,5319051,0.0863483000002816,0,0.10788563649432616,0.13460926615042904,0.041137283743423715,0.003868129159002226,2.220446049250313e-16,127,127,127,0.04494499513390695,21.893020809413045,0.04301182870218673
0.6029161036032292,127,1.6047868302134816,0.0126361167733345,-0.014639736672242831,-0.014535915293320767,-0.0020036198989083313,-0.001899798519986267,False,3.7454457581180335e-05,3.7454457581180335e-05,0.0,2.2551405187698492e-17,0,0,4.0245584642661925e-16,-1,2.164423154593642e-13,2.2495894036467234e-14,False,2.3488155864725968e-14,-0.1839393842297079,-0.18383556285078584,0.16929964755746507,-0.0007555621249670625,0.10684256874998255,0.0013226534965426959,highs-ipm,0.0,509,32,True,52,127,0.0126361167733345,0.00019705232029449207,5319052,0.08605579999948532,0,0.12387015700752184,0.10524244005623966,0.057949268240585,0.00010382137892206433,2.220446049250313e-16,127,127,127,0.04346335674657846,21.201366047951524,0.04165297848320535
0.7200531335642785,127,1.6760772692784718,0.013197458813216312,-0.004957199736952883,-0.0059062226254727734,0.00824025907626343,0.007291236187743539,False,4.473126424406663e-05,4.473126424406688e-05,2.439454888092385e-19,1.9081958235744878e-17,0,0,7.771561172376096e-16,-1,4.424238753131249e-14,1.8415824420969784e-14,False,1.9345636204093353e-14,-0.13122977073459485,-0.13217879362311474,0.12627257099764197,-0.0005610546768343588,0.10413213124999743,0.0009865044609190779,highs-ipm,0.0,509,32,True,53,127,0.013197458813216312,0.0002188163026942933,5319053,0.13119379999989178,0,0.10172730364538603,0.09990619297597304,0.0369238562379431,0.0009490228885198904,0.0,127,127,127,0.049840119350492304,24.164270617792223,0.047474009072283344
0.5650814433979912,127,1.5379189800984425,0.012109598268491674,0.007452743215025037,0.006040800664998569,0.01956234148351671,0.01815039893349024,False,3.5104086331709855e-05,3.510408633170378e-05,6.078308429496859e-18,2.0816681711721685e-17,0,0,4.579669976578771e-16,-1,1.9522907596103423e-12,6.095419308183025e-13,False,6.375733274666118e-13,-0.1489070669552136,-0.15031900950524008,0.15635981017023864,-0.0006222877172115479,0.10492545000002451,0.0012215610169549894,highs-ipm,0.0,509,32,True,54,127,0.012109598268491674,0.00018167748978517112,5319054,0.11430680000012217,0,0.14845359916469636,0.1383922633062116,0.03517170179488774,0.0014119425500264682,6.661338147750939e-16,127,127,127,0.04600476261674196,22.386536857960255,0.04398140836534431
0.8131264306505602,127,1.6791973802572946,0.01322202661619917,-0.02702703144879437,-0.0314355477817502,-0.0138050048325952,-0.01821352116555103,False,5.051317956665499e-05,5.051317956665516e-05,1.6940658945086007e-19,2.42861286636753e-17,0,0,4.996003610813204e-16,-1,4.628589178601317e-14,2.2202725769027154e-14,False,2.3224477896377493e-14,-0.18926872053249882,-0.19367723686545466,0.16224168908370445,-0.0008070648860723374,0.10100575937502754,0.001267513195966441,highs-ipm,0.0,509,32,True,55,127,0.01322202661619917,0.00022523592736769306,5319055,0.07574490000024525,0,0.1354109491347237,0.1144080464285273,0.06819298446406842,0.004408516332955831,0.0,127,127,127,0.04712595224933953,22.907568705929712,0.04500504657353578
0.9837142379737076,127,1.6436690711870527,0.012942276151079155,0.02180373754106925,0.02042060271478864,0.0347460136921484,0.03336287886586779,False,6.111046458702443e-05,6.111046458702025e-05,4.174178364069192e-18,6.938893903907228e-18,0,0,7.216449660063518e-16,-1,5.323736243512123e-14,8.213937342793631e-14,False,8.608391777187308e-14,-0.11847303362520349,-0.1198561684514841,0.14027677116627274,-0.00052929862260063,0.10284671875004392,0.0010959122747365058,highs-ipm,0.0,509,32,True,56,127,0.012942276151079155,0.0002284929167059716,5319056,0.11047980000057578,0,0.1200378424341904,0.12222880251105002,0.04723088848048233,0.0013831348262806076,2.220446049250313e-16,127,127,127,0.047803974805595784,23.222113831513887,0.04562301342144182
1.472597799881813,127,1.8174464529311571,0.014310601991583915,-0.016664083800185636,-0.015608595996305291,-0.0023534818086017213,-0.0012979940047213763,False,9.148097305775449e-05,9.14809730577537e-05,7.860465750519907e-19,2.0816681711721685e-17,0,0,5.499073418846478e-16,-1,2.270189244923948e-14,1.1224961932176925e-14,False,1.1775302954930567e-14,-0.19614488169588096,-0.1950893938920006,0.17948079789569532,-0.0008535489179483811,0.10494316562514427,0.0014021937335601197,highs-ipm,0.0,509,32,True,57,127,0.014310601991583915,0.0002960945755566903,5319057,0.12889809999978752,0,0.1491527474612031,0.15617144979287662,0.05338864067429261,0.001055487803880345,2.220446049250313e-16,127,127,127,0.04895746267147188,23.756300313946856,0.04667249570520011
0.7156297584632665,127,1.5807287625390496,0.012446683169598816,-0.0042718062305055204,-0.008488776896772632,0.008174876939093296,0.003957906272826184,False,4.445647457748488e-05,4.445647457748412e-05,7.589415207398531e-19,1.9949319973733282e-17,0,0,6.106226635438361e-16,-1,2.0062874565894909e-13,3.268771971848272e-14,False,3.4132419113319656e-14,-0.17578300679478306,-0.17999997746105018,0.17151120056427754,-0.0007475813865347113,0.09507238437515753,0.0013399312544084183,highs-ipm,0.0,509,32,True,58,127,0.012446683169598816,0.00019928905568736448,5319058,0.12232849999963946,0,0.12360768729121135,0.12178196794869109,0.036553948677499996,0.004216970666267111,4.440892098500626e-16,127,127,127,0.043993399151102876,21.44902466444652,0.04213953765117194
0.6995542294308631,127,1.6282118956156624,0.01282056610720994,0.041595966973898724,0.04010874988787848,0.054416533081108664,0.05292931599508842,False,4.345782780616697e-05,4.3457827806165806e-05,1.1655173354219173e-18,2.7755575615628914e-17,0,0,8.881784197001252e-16,-1,7.970013538027843e-14,6.113512474037464e-14,False,6.414313524771842e-14,-0.10356540472359449,-0.10505262180961474,0.1451613716974932,-0.00045381963174997335,0.10456692499994347,0.0011340732163866657,highs-ipm,0.0,509,32,True,59,127,0.01282056610720994,0.0002077393642789517,5319059,0.11953799999992043,0,0.0903281427179769,0.10646837017225146,0.051332527295963166,0.0014872170860202455,0.0,127,127,127,0.049787118349308344,24.13979253207574,0.04742591853060067
1.161915980376916,127,1.7545507152571793,0.013815359962654955,0.0027476020902006404,-0.008017100162465318,0.016562962052855595,0.005798259800189637,False,7.218074378813102e-05,7.218074378813071e-05,3.1170812458958252e-19,1.9081958235744878e-17,0,0,4.440892098500626e-16,-1,4.07035516403198e-14,3.486447242018187e-14,False,3.653327640407156e-14,-0.16312989805045408,-0.17389460030312004,0.16587750014065472,-0.0007514565262221934,0.10590401249990578,0.001295917969848865,highs-ipm,0.0,509,32,True,60,127,0.013815359962654955,0.00026290310575896803,5319060,0.10797699999966426,0,0.15857525630422506,0.14438413463048552,0.06302222418809823,0.010764702252665959,1.1102230246251565e-16,127,127,127,0.047223008981769295,22.952619800716214,0.04509355560062125
0.7218578155265162,127,1.594816844636946,0.012557612949897212,0.016752401936090552,0.021174136132050672,0.029310014885987765,0.033731749081947884,False,4.484337500640874e-05,4.4843375006407096e-05,1.6466320494623599e-18,1.3877787807814457e-17,0,0,8.049116928532385e-16,-1,3.972820336595184e-14,2.986803512849967e-14,False,3.128747261271769e-14,-0.09162882105591967,-0.08720708685995955,0.10838122299201022,-0.0003854960580531241,0.10671714374998942,0.0008467283046250799,highs-ipm,0.0,509,32,True,61,127,0.012557612949897212,0.00020244891707261832,5319061,0.1010922000004939,0,0.08719141392257172,0.09089538252691566,0.04335613847690315,0.00442173419596012,4.440892098500626e-16,127,127,127,0.04727260799517676,22.975639089431613,0.04513878013640788
0.6806038435189704,127,1.6170337114406002,0.012732548908981104,0.017282024767063364,0.019071275981894384,0.030014573676044466,0.031803824890875486,False,4.228058868277532e-05,4.2280588682775136e-05,1.8295911660692887e-19,0.0,0,0,6.453171330633722e-16,-1,3.6434830846809874e-14,7.607900854439409e-15,False,7.972789095589405e-15,-0.1135298562177357,-0.11174060500290468,0.13081188098479907,-0.00047876732697537153,0.1095971124999835,0.0010219678201937427,highs-ipm,0.0,509,32,True,62,127,0.012732548908981104,0.00020431532441281744,5319062,0.1501581000002261,0,0.09419530380838417,0.09067706636399545,0.04121531112605663,0.0017892512148310197,2.220446049250313e-16,127,127,127,0.04619120694781741,22.473257450740338,0.04415178281088475
0.5087411578495472,127,1.4898182738594876,0.011730852550074706,0.018608372828928466,0.019959478251667856,0.030339225379003174,0.031690330801742564,False,3.16041054511553e-05,3.16041054511558e-05,5.014435047745458e-19,4.163336342344337e-17,0,0,7.424616477180734e-16,-1,1.0222465235409928e-13,1.7575784577728015e-14,False,1.827704654289164e-14,-0.13566135301138132,-0.13431024758864193,0.1542697258403098,-0.0005562535100942884,0.10916595312500021,0.0012052322331274202,highs-ipm,0.0,509,32,True,63,127,0.011730852550074706,0.0001691549164222959,5319063,0.14230330000009417,0,0.09828624860758384,0.11002668805320388,0.03415193463339802,0.0013511054227393904,0.0,127,127,127,0.046154755218584115,22.456305139434868,0.0441184776806186
0.5239692648482703,127,1.517699583450698,0.011950390420871638,0.000700905596370982,0.0003148003938449606,0.01265129601724262,0.012265190814716598,False,3.255010852557573e-05,3.255010852557476e-05,9.690056916589196e-19,3.469446951953614e-17,0,0,5.967448757360216e-16,-1,6.618317005546714e-14,3.0715881227383335e-14,False,3.212707877509047e-14,-0.13768389847924845,-0.13807000368177447,0.13838480407561943,-0.0005718860604075062,0.09582384374994035,0.0010811312818407768,highs-ipm,0.0,509,32,True,64,127,0.011950390420871638,0.00017529799060417216,5319064,0.10519560000011552,0,0.12491229453696379,0.1281449493074427,0.04750858853926278,0.00038610520252602143,4.440892098500626e-16,127,127,127,0.04605011005698325,22.40763209491715,0.04402285283873703
1.0812039466090162,127,1.7107985609404155,0.013470854810554453,0.007203074500470752,0.007361636985670356,0.020673929311025206,0.02083249179622481,False,6.716673698522014e-05,6.71667369852207e-05,5.55653613398821e-19,1.3877787807814457e-17,0,0,6.661338147750939e-16,-1,4.529753308557538e-14,1.078401690862707e-14,False,1.1282641487753153e-14,-0.1339550984870993,-0.1337965360018997,0.14115817298757005,-0.0005898094557426414,0.10733605937502944,0.001102798226465391,highs-ipm,0.0,509,32,True,65,127,0.013470854810554453,0.00024849870808635457,5319065,0.10184010000011767,0,0.1734614253970228,0.17047417996934075,0.04436173383822156,0.0001585624851996037,4.440892098500626e-16,127,127,127,0.04594753828672373,22.359913984071408,0.043929104094442846
0.7665553824176954,127,1.6337819282059076,0.01286442463154258,-0.013215948860142268,-0.020331741678371484,-0.0003515242285996884,-0.007467317046828905,False,4.7620084921936665e-05,4.7620084921936834e-05,1.6940658945086007e-19,1.0408340855860843e-17,0,0,5.828670879282072e-16,-1,2.1124367446251346e-13,2.352848818554243e-14,False,2.466082893448629e-14,-0.19322131072836485,-0.20033710354659406,0.18000536186822258,-0.0008301868956508199,0.09073343437495396,0.001406291889595489,highs-ipm,0.0,509,32,True,66,127,0.01286442463154258,0.00021301994986359409,5319066,0.0945904000000155,0,0.19745876415380648,0.15690841851716258,0.068310090293039,0.007115792818229216,2.220446049250313e-16,127,127,127,0.04709769804948661,22.894452305496056,0.044979277613941174
0.9746897519032398,127,1.6998885647550783,0.013384949328780144,0.017390362943145,0.031830528957121754,0.03077531227192514,0.045215478285901896,False,6.05498439157554e-05,6.054984391575563e-05,2.303929616531697e-19,6.938893903907228e-18,0,0,7.494005416219807e-16,-1,2.738988506487128e-13,2.995233184741042e-14,False,3.12944115066216e-14,-0.07881961351906903,-0.06437944750509228,0.09620997646221403,-0.0003120320607325223,0.10251630625012353,0.0007516404411110471,highs-ipm,0.0,509,32,True,67,127,0.013384949328780144,0.00023958775401378385,5319067,0.091767400000208,0,0.07401753680685585,0.07780870448461692,0.051769670865979334,0.014440166013976755,2.220446049250313e-16,127,127,127,0.04511677331461208,21.97308301186795,0.04316912183078182
0.8181161185462761,127,1.674901744722625,0.013188202714351378,0.01024199543807014,0.008473955178284365,0.02343019815242152,0.021662157892635744,False,5.082314981378623e-05,5.082314981378659e-05,3.5914196963582334e-19,1.3877787807814457e-17,0,0,6.661338147750939e-16,-1,6.123573870198129e-14,1.7734715063687234e-14,False,1.8519907829528393e-14,-0.12731846320372303,-0.1290865034635088,0.13756045864179317,-0.0005550673039681178,0.0987698000000421,0.0010746910831390091,highs-ipm,0.0,509,32,True,68,127,0.013188202714351378,0.00022465199163129577,5319068,0.11995540000043547,0,0.13058097827646886,0.14398607976222216,0.045370202822768775,0.0017680402597857747,6.661338147750939e-16,127,127,127,0.045170990562703295,21.998347068585815,0.04321875651981496
1.0463240795482396,127,1.7379593460311469,0.01368471926008777,-0.02054219601191179,-0.014576925602317298,-0.006857476751824019,-0.0008922063422295273,False,6.499992390217635e-05,6.499992390217722e-05,8.673617379884035e-19,2.6020852139652106e-17,0,0,6.938893903907228e-16,-1,5.605238495576259e-14,1.303384483675174e-14,False,1.3586354263850353e-14,-0.1528779555109357,-0.1469126851013412,0.1323357594990239,-0.0006388776000792913,0.1077251468751399,0.0010338731210861242,highs-ipm,0.0,509,32,True,69,127,0.01368471926008777,0.0002521437639038534,5319069,0.1031567999998515,0,0.13804466610802893,0.10356995224415094,0.06662482051637861,0.005965270409594492,2.220446049250313e-16,127,127,127,0.04463768351204837,21.749723627857787,0.04273030182290331
0.6902958584019165,127,1.589624411023274,0.012516727645852552,-0.006209720994912099,-0.009581346371339311,0.006307006650940453,0.002935381274513241,False,4.2882677693401864e-05,4.288267769340201e-05,1.4230153513872246e-19,1.5612511283791264e-17,0,0,7.494005416219807e-16,-1,9.646949038211172e-14,1.1948341621659253e-14,False,1.2476131239225197e-14,-0.14828205672668288,-0.1516536821031101,0.14207233573177078,-0.0006352798734086758,0.10004380312494732,0.0011099401229044592,highs-ipm,0.0,509,32,True,70,127,0.012516727645852552,0.00019946689977822602,5319070,0.10478220000004512,0,0.11983158263318634,0.1223464963932039,0.04087455265379835,0.003371625376427212,2.220446049250313e-16,127,127,127,0.046038510221096875,22.402236125690294,0.04401225172041315
1.6481151197921047,127,1.8697787820864826,0.014722667575484115,-0.027710121409604466,-0.014017535739263204,-0.01298745383412035,0.0007051318362209114,False,0.00010238449010441217,0.00010238449010441178,3.9302328752599536e-19,5.204170427930421e-18,0,0,5.342948306008566e-16,-1,1.0811143646982657e-13,1.2279910974796054e-14,False,1.2788381464901022e-14,-0.155882489889779,-0.14218990421943775,0.12817236848017455,-0.0006578138034615905,0.10620319062502404,0.0010013466287513637,highs-ipm,0.0,509,32,True,71,127,0.014722667575484115,0.0003189402823320054,5319071,0.10027159999935975,0,0.13653062761677964,0.11478561293297457,0.03602160197357492,0.013692585670341262,2.220446049250313e-16,127,127,127,0.04857821360715618,23.580797698421442,0.04632769685348024
1.5595776751495882,127,1.844469240732706,0.014523379848289024,-0.03324893711534693,-0.04943359106004494,-0.018725557267057907,-0.034910211211755915,False,9.688435178518256e-05,9.688435178518134e-05,1.2197274440461925e-18,1.3877787807814457e-17,0,0,4.718447854656915e-16,-1,4.091692262786495e-14,2.0741654921385688e-14,False,2.1774249070460883e-14,-0.23794385357524753,-0.25412850751994553,0.2046949164599006,-0.0010895738342849685,0.10757795312505891,0.0015991790348429734,highs-ipm,0.0,509,32,True,72,127,0.014523379848289024,0.00030762257146498066,5319072,0.09683059999952093,0,0.18211191153807652,0.1698034786280293,0.05714983834388009,0.016184653944698008,2.220446049250313e-16,127,127,127,0.050663618069843736,24.544279590574153,0.04822058858658969
0.8440201716050562,127,1.5399491324915502,0.012125583720405907,-0.0025940200134974833,0.0026121124074141855,0.009531563706908424,0.014737696127820093,False,5.2432365840149355e-05,5.2432365840149714e-05,3.5914196963582334e-19,2.2551405187698492e-17,0,0,7.771561172376096e-16,-1,8.851122959563362e-14,3.13169629118093e-14,False,3.2654434711787417e-14,-0.1328756182165665,-0.12766948579565482,0.130281598203069,-0.0005511412947294263,0.1024526406249322,0.0010178249859614766,highs-ipm,0.0,509,32,True,73,127,0.012125583720405907,0.00019935913585879684,5319073,0.11013809999985824,0,0.12863088985398494,0.139265224644935,0.03524170558319792,0.005206132420911669,2.220446049250313e-16,127,127,127,0.04214046952704648,20.582157220130856,0.040436458192791465
0.5412375548307281,127,1.5872406549966864,0.012497957913359736,-0.009357945970900061,-0.007805307150002522,0.0031400119424596744,0.004692650763357214,False,3.362285219717808e-05,3.362285219717707e-05,1.009663273127126e-18,1.734723475976807e-18,0,0,3.608224830031759e-16,-1,8.764603626199019e-14,1.7716600755890433e-13,False,1.8558071745999882e-13,-0.1743036996488883,-0.17275106082799077,0.16494575367798825,-0.000708431683556516,0.10417333437487741,0.0012886387006092832,highs-ipm,0.0,509,32,True,74,127,0.012497957913359736,0.0001897557475172074,5319074,0.13406289999966248,0,0.13849616903455744,0.12407602552062577,0.05078114101074976,0.0015526388208975395,4.440892098500626e-16,127,127,127,0.04766321742433197,23.156847797548266,0.04549478938614591
0.8678137206013103,127,1.6639243029068698,0.013101766164621022,0.003650705713854535,0.003885604613976218,0.016752471878475558,0.01698737077859724,False,5.3910472771211276e-05,5.391047277121356e-05,2.2836008257975937e-18,1.3877787807814457e-17,0,0,8.604228440844963e-16,-1,3.278436550013808e-13,1.219233047855539e-13,False,1.2781442570997115e-13,-0.164209025904965,-0.16397412700484332,0.16785973161881954,-0.0006944344063838828,0.10373929687503392,0.0013114041532720276,highs-ipm,0.0,509,32,True,75,127,0.013101766164621022,0.00022546083491880607,5319075,0.1252156999998988,0,0.14977613609488385,0.15026786984441082,0.03824742755194821,0.0002348989001216828,4.440892098500626e-16,127,127,127,0.048252201249035495,23.42982958346701,0.04603109937812772
0.9430977686793786,127,1.6437295531310934,0.012942752386859003,0.004924053998013378,0.0038857048216874024,0.017866806384872383,0.016828457208546407,False,5.858728131626313e-05,5.8587281316263084e-05,4.743384504624082e-20,3.469446951953614e-18,0,0,5.967448757360216e-16,-1,1.5111049483105057e-13,1.9297063946766002e-14,False,2.017830347256222e-14,-0.1485821282354755,-0.14962047741180148,0.15350618223348889,-0.0006430422712061126,0.09365244062490774,0.001199267048699132,highs-ipm,0.0,509,32,True,76,127,0.012942752386859003,0.0002259870179500231,5319076,0.1073207999997976,0,0.18205761102890677,0.15287848332088422,0.06317761057625418,0.0010383491763259756,0.0,127,127,127,0.04595567958991431,22.363701797037347,0.043936545770210896
0.786442319923294,127,1.68260262675522,0.013248839580749764,-0.015841416192512753,-0.017783883437365894,-0.0025925766117629884,-0.0045350438566161295,False,4.88555046640379e-05,4.885550466403948e-05,1.5788694136820158e-18,1.5612511283791264e-17,0,0,9.402201239794294e-16,-1,1.0289165353061236e-13,4.766803271549769e-14,False,5.004330283497893e-14,-0.1628525460606648,-0.16479501330551793,0.14701112986815204,-0.0006925860253887189,0.10616161250004552,0.0011485244520949378,highs-ipm,0.0,509,32,True,77,127,0.013248839580749764,0.00022429127159072853,5319077,0.1196628999996392,0,0.12369085380526261,0.10379535146583484,0.04175061183973351,0.001942467244853141,0.0,127,127,127,0.04919408931345873,23.86573820382014,0.04688750138275077
0.5466061543161209,127,1.51895958930579,0.011960311726817243,0.016162277160112037,0.017940704661846635,0.02812258888692928,0.029901016388663878,False,3.3956361255061725e-05,3.395636125506138e-05,3.4558944247975454e-19,3.469446951953614e-18,0,0,6.522560269672795e-16,-1,5.0768417247937236e-14,1.8512968935624485e-14,False,1.9366452885805074e-14,-0.12072585799216656,-0.11894743049043197,0.1368881351522786,-0.0004985947616083112,0.10555072812499589,0.0010694385558771766,highs-ipm,0.0,509,32,True,78,127,0.011960311726817243,0.00017693870594954025,5319078,0.13193950000004406,0,0.11898343502071933,0.12220884946245275,0.03657467351078179,0.0017784275017345974,2.220446049250313e-16,127,127,127,0.044810754397413964,21.830435695925072,0.042888871701228036
0.8578509915639444,127,1.6471876730706374,0.012969981677721554,0.04693304824149258,0.0437447570444815,0.05990302991921413,0.05671473872220305,False,5.3291566409461944e-05,5.3291566409461477e-05,4.675621868843738e-19,2.0816681711721685e-17,0,0,6.38378239159465e-16,-1,1.9948192403473897e-13,1.3516965324811281e-14,False,1.4127587988355117e-14,-0.1244583449017759,-0.127646636098787,0.17139139314326848,-0.0005519112386703481,0.10023677499989958,0.001338995258931785,highs-ipm,0.0,509,32,True,79,127,0.012969981677721554,0.00022140729257113308,5319079,0.11828240000068035,0,0.1109556335152145,0.12761997931830493,0.04352998814756434,0.003188291197011084,2.220446049250313e-16,127,127,127,0.04909728990850909,23.820975236348698,0.046799558421117285
1.1306875331120056,127,1.748736307238225,0.013769577222348228,-0.023244878880729403,-0.02329374337127227,-0.009475301658381174,-0.00952416614892404,False,7.024076483182383e-05,7.024076483182232e-05,1.5043305143236374e-18,3.469446951953614e-18,0,0,7.216449660063518e-16,-1,1.741762116480583e-12,6.558208837104118e-14,False,6.872280522429719e-14,-0.2008313968137837,-0.20088026130432657,0.1775865179330543,-0.0008549292855518479,0.09775770000001671,0.0013873946713519867,highs-ipm,0.0,509,32,True,80,127,0.013769577222348228,0.00025970402414069,5319080,0.10481789999994362,0,0.17654359070313277,0.1782046004841971,0.06709508164442005,4.88644905428659e-05,2.220446049250313e-16,127,127,127,0.04742451253997777,23.046125609865708,0.04527726053018803
0.9620258943970592,127,1.6850970314933948,0.013268480562940117,0.016140171073692852,0.016817413036112755,0.02940865163663297,0.030085893599052872,False,5.9763137588051504e-05,5.9763137588051545e-05,4.0657581468206416e-20,6.938893903907228e-18,0,0,7.979727989493313e-16,-1,5.9387390838328e-14,2.4096804941502702e-14,False,2.5174307083375425e-14,-0.1111072332409956,-0.1104299912785757,0.12724740431468845,-0.0004911302910199878,0.1095957187501142,0.0009941203462085035,highs-ipm,0.0,509,32,True,81,127,0.013268480562940117,0.00023569830119318685,5319081,0.1018471999996109,0,0.14585150006561318,0.13068364747931113,0.0533763586916504,0.0006772419624199028,1.1102230246251565e-16,127,127,127,0.04459079663886337,21.7278532054961,0.04268733439193733
0.9046301744756653,127,1.6267340962227532,0.012808929891517742,0.008057204746499555,0.015141249242051916,0.020866134638017297,0.027950179133569657,False,5.619759083239418e-05,5.619759083239238e-05,1.802486111757151e-18,1.0408340855860843e-17,0,0,5.689893001203927e-16,-1,2.1299056810787642e-13,3.397369191526778e-14,False,3.5513259000197195e-14,-0.11276058762435623,-0.10567654312880387,0.12081779237085578,-0.00046899658742928247,0.097728149999881,0.0009438890028973108,highs-ipm,0.0,509,32,True,82,127,0.012808929891517742,0.00022015586795767392,5319082,0.08877950000078272,0,0.12340328585411788,0.11649762187111626,0.04955286695881628,0.007084044495552361,4.440892098500626e-16,127,127,127,0.04591445366352637,22.3445204652017,0.04389886142475776
0.4966302745987639,127,1.465100943716722,0.011536227903281276,0.04992881148071805,0.052784390941608764,0.06146503938399933,0.06432061884489004,False,3.085175108497394e-05,3.0851751084974204e-05,2.642742795433417e-19,1.3877787807814457e-17,0,0,8.500145032286355e-16,-1,5.2539786757344054e-14,3.227561447272098e-14,False,3.3709146585181315e-14,-0.08018911391207771,-0.077333534451187,0.13011792539279576,-0.0003329358700349234,0.10130645000006666,0.001016546292131217,highs-ipm,0.0,509,32,True,83,127,0.011536227903281276,0.00016387569284384608,5319083,0.14439689999926486,0,0.06629600020974821,0.07713992171014729,0.049900917829936636,0.0028555794608907115,4.440892098500626e-16,127,127,127,0.043788581186547826,21.35335471730881,0.04195158097703106
0.557107602817164,127,1.5311399432600723,0.01205622002566986,-0.02068326851284541,-0.026268407482966355,-0.00862704848717555,-0.014212187457296495,False,3.460873403971861e-05,3.4608734039720166e-05,1.5585406229479126e-18,1.734723475976807e-18,0,0,9.020562075079397e-16,-1,1.0449497170328392e-13,3.377159663031648e-14,False,3.518019209280965e-14,-0.18107531066334606,-0.186660449633467,0.16039204215050065,-0.0007637511154204507,0.1034420968750851,0.0012530628293007863,highs-ipm,0.0,509,32,True,84,127,0.01205622002566986,0.00017989318176350803,5319084,0.10224299999936193,0,0.16806718157135409,0.15383861648351624,0.03685147321058932,0.005585138970120945,5.551115123125783e-16,127,127,127,0.04174067306305664,20.39471351984911,0.040068199449605324
0.5261896267265928,127,1.5352870261343863,0.0120888742215306,-0.02584908866367827,-0.0238636724054776,-0.01376021444214767,-0.011774798183946998,False,3.268804222694647e-05,3.2688042226946294e-05,1.7618285302889447e-19,1.3877787807814457e-17,0,0,3.608224830031759e-16,-1,4.9835136017861714e-14,3.5735303605122226e-14,False,3.720634911275056e-14,-0.21653898923103115,-0.21455357297283048,0.19068990056735288,-0.0008707879366520654,0.09949223437502042,0.0014897648481824444,highs-ipm,0.0,509,32,True,85,127,0.0120888742215306,0.00017876470204868005,5319085,0.13813290000052802,0,0.14721098309682093,0.13328003097652827,0.0445721451870025,0.001985416258200673,2.220446049250313e-16,127,127,127,0.041838217480990536,20.440460275410032,0.040158075197269216
0.5221864570991559,127,1.493603866072852,0.011760660362778362,0.022504312716234404,0.024876079017225036,0.034264973079012766,0.0366367393800034,False,3.243935663685233e-05,3.2439356636853356e-05,1.0232158002831948e-18,1.3877787807814457e-17,0,0,7.112366251504909e-16,-1,5.821124832161573e-14,2.628236170365561e-14,False,2.7429447602145274e-14,-0.09551758291651907,-0.09314581661552844,0.11802189563275348,-0.0003962902027912613,0.09981215625009554,0.0009220460596308865,highs-ipm,0.0,509,32,True,86,127,0.011760660362778362,0.00017068875726002392,5319086,0.13851449999947363,0,0.11933306357362274,0.1186995708934056,0.04088331041464944,0.0023717663009906326,4.440892098500626e-16,127,127,127,0.042538818601227754,20.76877933147441,0.040803102812326936
0.6029379159740861,127,1.5714189355469383,0.012373377445251483,-0.017284116305653685,-0.016419955272287373,-0.004910738860402202,-0.00404657782703589,False,3.7455812613023075e-05,3.745581261302327e-05,1.9651164376299768e-19,6.938893903907228e-18,0,0,4.996003610813204e-16,-1,3.967616166167254e-14,2.12269438137902e-14,False,2.215588823517578e-14,-0.1470950539241898,-0.1462308928908235,0.12981093761853613,-0.0006086702379678025,0.09937280937501214,0.0010141479501448135,highs-ipm,0.0,509,32,True,87,127,0.012373377445251483,0.00019048269495750255,5319087,0.1163366999999198,0,0.10570764810247922,0.0971547198923784,0.048315331236153745,0.0008641610333663119,1.1102230246251565e-16,127,127,127,0.04383063289684479,21.373000026431235,0.04199017686921657
0.5675691374597526,127,1.4898280208148595,0.0117309292977548,0.0036670474507987383,0.005680816140175765,0.015397976748553538,0.017411745437930566,False,3.525862728881904e-05,3.5258627288819284e-05,2.439454888092385e-19,2.0816681711721685e-17,0,0,4.440892098500626e-16,-1,1.2205297536538318e-13,2.2776485558706483e-14,False,2.383510055992133e-14,-0.20115049110026134,-0.19913672241088431,0.20481753855106008,-0.0008131364492063362,0.103765606249965,0.0016001370199301569,highs-ipm,0.0,509,32,True,88,127,0.0117309292977548,0.00017280405909014037,5319088,0.09014449999995122,0,0.15306782663323418,0.1602478962431552,0.05592687943700566,0.0020137686893770285,0.0,127,127,127,0.044493076094915984,21.682265062955995,0.042597770261210206
0.6563483571257089,127,1.6063250181024942,0.012648228488996016,0.008582801777207022,0.008412115164382727,0.021231030266203037,0.021060343653378742,False,4.077378519751598e-05,4.077378519751748e-05,1.5043305143236374e-18,1.3877787807814457e-17,0,0,7.216449660063518e-16,-1,3.7293302126983896e-14,1.927624726505428e-14,False,2.017830347256222e-14,-0.12881033315311585,-0.12898101976594015,0.13739313493032287,-0.0005446058936582212,0.10639720937496122,0.0010733838666431475,highs-ipm,0.0,509,32,True,89,127,0.012648228488996016,0.00020067136343900348,5319089,0.0962015999994037,0,0.10555107756724415,0.10178524894041727,0.054454207264655344,0.00017068661282429454,0.0,127,127,127,0.04671495943785435,22.716704427954255,0.044630067638417
0.8667080096742392,127,1.7700387637822947,0.01393731310064799,-0.07696866495697482,-0.07327524941665875,-0.06303135185632683,-0.05933793631601076,False,5.3841783607384216e-05,5.384178360738541e-05,1.1926223897340549e-18,3.469446951953614e-17,0,0,6.106226635438361e-16,-1,7.355791323271355e-14,1.4975325667021533e-14,False,1.569577801063815e-14,-0.20262572496128126,-0.19893230942096518,0.12565706000430643,-0.0008309211172830306,0.1098550343750162,0.000981695781283644,highs-ipm,0.0,509,32,True,90,127,0.01393731310064799,0.00024798470053730506,5319090,0.13717730000007577,0,0.17464159402407306,0.11986082649659081,0.060744331323717954,0.003693415540316068,2.220446049250313e-16,127,127,127,0.04763645065157428,23.144434662015616,0.04547040208647469
0.6132103453747184,127,1.5726686011206659,0.012383217331658786,-0.012533202960044815,-0.009968284823963142,-0.00014998562838602902,0.002414932507695644,False,3.809395823385203e-05,3.809395823385223e-05,1.9651164376299768e-19,1.9081958235744878e-17,0,0,8.604228440844963e-16,-1,5.017313604513407e-14,1.617369432826976e-14,False,1.692396223162973e-14,-0.13845119585930887,-0.1358862777232272,0.12591799289926406,-0.0005688997305902084,0.10405977187494386,0.0009837343195255005,highs-ipm,0.0,509,32,True,91,127,0.012383217331658786,0.00019136318893456198,5319091,0.13002990000040882,0,0.12881435058739651,0.13210865142144834,0.04312354381472149,0.002564918136081673,0.0,127,127,127,0.04579379036423375,22.288370336638543,0.04378854683033113
0.5633091484144331,127,1.5627160591756044,0.012304850859650428,0.02846904051160544,0.02661098960973611,0.040773891371255866,0.03891584046938654,False,3.499398751880734e-05,3.4993987518807086e-05,2.574980159653073e-19,2.0816681711721685e-17,0,0,7.563394355258879e-16,-1,1.051849579658537e-13,2.7922976431060675e-14,False,2.928907116839241e-14,-0.09006271501756115,-0.09192076591943048,0.11853175552916659,-0.0003940594793915824,0.10242533437488532,0.000926029340071614,highs-ipm,0.0,509,32,True,92,127,0.012304850859650428,0.00018633459173040883,5319092,0.09431089999998221,0,0.07470774556809083,0.08571968088434384,0.032481142176750244,0.0018580509018693292,1.1102230246251565e-16,127,127,127,0.04983084546786394,24.15998772815554,0.04746559475079674
0.6195024635185468,127,1.5294034637969423,0.012042546959031042,0.0675298713821601,0.06414928266553838,0.07957241834119114,0.07619182962456941,False,3.8484838276208396e-05,3.8484838276208633e-05,2.371692252312041e-19,1.3877787807814457e-17,0,0,6.106226635438361e-16,-1,7.247327737935905e-14,1.660303838857402e-14,False,1.739580701709542e-14,-0.11361240221381314,-0.11699299093043486,0.18114227359597324,-0.0004954887090982198,0.0945049374999769,0.001415174012468541,highs-ipm,0.0,509,32,True,93,127,0.012042546959031042,0.00018343216681707678,5319093,0.1166614000003392,0,0.13907728963207433,0.16624700557701777,0.06575177713595894,0.003380588716621724,2.220446049250313e-16,127,127,127,0.0459921635927291,22.380675576279085,0.04396989307716913
0.5364711429911845,127,1.5584516867386375,0.01227127312392628,0.013345012410021326,0.016338895382533886,0.025616285533947604,0.028610168506460164,False,3.332675234349622e-05,3.332675234349642e-05,2.0328790734103208e-19,1.3877787807814457e-17,0,0,4.440892098500626e-16,-1,4.33962761559048e-14,1.4609624274242172e-14,False,1.532107773982716e-14,-0.10764485209266995,-0.1046509691201574,0.12098986450269128,-0.0004421196004691112,0.09879925312486648,0.0009452333164272756,highs-ipm,0.0,509,32,True,94,127,0.01227127312392628,0.00018384542147000364,5319094,0.12676580000061222,0,0.09099630019371889,0.11482890416734419,0.05799174436586651,0.00299388297251256,5.551115123125783e-16,127,127,127,0.0479495886002901,23.289613224760515,0.04575562519599315
0.5849774290278267,127,1.5341578256519746,0.012079982879149406,0.02951803498407296,0.0319106615223029,0.04159801786322237,0.04399064440145231,False,3.6340068162932975e-05,3.6340068162931904e-05,1.0706496453294356e-18,0.0,0,0,6.505213034913027e-16,-1,3.623143451925159e-14,1.639660629493278e-14,False,1.7132129048746947e-14,-0.0898609467160352,-0.08746832017780526,0.11937898170010816,-0.0003780131938574837,0.09940326562497148,0.000932648294532095,highs-ipm,0.0,509,32,True,95,127,0.012079982879149406,0.00018219465949761429,5319095,0.07746380000025965,0,0.07102426959531535,0.08861949360255661,0.03688711707672512,0.0023926265382299416,4.440892098500626e-16,127,127,127,0.04667932207051425,22.7001474404699,0.04459753917577584
0.7404240994072854,127,1.606310470749322,0.012648113942908048,-0.013656147974610261,-0.01146330876948004,-0.0010080340317022134,0.001184805173428007,False,4.599675287755169e-05,4.5996752877551255e-05,4.336808689942018e-19,2.949029909160572e-17,0,0,5.828670879282072e-16,-1,7.991524109129955e-14,1.8263168755083825e-14,False,1.9040324872321435e-14,-0.146772982466565,-0.14458014326143478,0.13311683449195474,-0.0006107629374925309,0.10164847812501421,0.0010399752694683964,highs-ipm,0.0,509,32,True,96,127,0.012648113942908048,0.00020588117228880862,5319096,0.09980650000034075,0,0.12845691763669653,0.12976786226761317,0.035559308527338025,0.0021928392051302203,0.0,127,127,127,0.042910193277813646,20.942635827310394,0.04114466763715205
0.7909648580509119,127,1.6145586877087736,0.01271306053313995,0.03226322234380999,0.030561558728001675,0.044976282876949936,0.04327461926114162,False,4.913645455316637e-05,4.913645455316634e-05,3.3881317890172014e-20,2.7755575615628914e-17,0,0,8.049116928532385e-16,-1,8.218252467440124e-14,2.2393328510950106e-14,False,2.343264471349471e-14,-0.13702203999515378,-0.1387237036109621,0.16928526233896377,-0.000591025921783487,0.09829722500003868,0.0013225411120231544,highs-ipm,0.0,509,32,True,97,127,0.01271306053313995,0.00021066182739827574,5319097,0.0990778000004866,0,0.11653488583275524,0.14071380001192604,0.05433492873790032,0.0017016636158083132,0.0,127,127,127,0.045760022856147296,22.272654456770102,0.043757670838448136
1.0409304852494479,127,1.7804365403174585,0.014019185356830381,-0.03917873000762734,-0.036490135456943185,-0.025159544650796957,-0.022470950100112803,False,6.46648621122084e-05,6.466486211220862e-05,2.303929616531697e-19,3.8163916471489756e-17,0,0,3.885780586188048e-16,-1,7.244118499505348e-14,1.1296519275560968e-14,False,1.189326415129699e-14,-0.1766316344491402,-0.17394303989845605,0.13745290444151287,-0.0007441298617155526,0.10724703124995472,0.0010738508159493193,highs-ipm,0.0,509,32,True,98,127,0.014019185356830381,0.0002610753772302715,5319098,0.12261420000049839,0,0.15246580248773264,0.12670301671865355,0.048704196817025966,0.0026885945506841535,1.1102230246251565e-16,127,127,127,0.050331233149302566,24.39097007158443,0.04791939110330929
0.7771555547576362,127,1.6468176864514041,0.01296706839725515,-0.01534843010719178,-0.013850541673440464,-0.002381361709936629,-0.0008834732761853134,False,4.827859064584547e-05,4.827859064584562e-05,1.4907779871675686e-19,1.0408340855860843e-17,0,0,5.967448757360216e-16,-1,7.168164716311876e-14,1.57883417711141e-14,False,1.6604773112049998e-14,-0.13479882329160106,-0.13330093485784975,0.11945039318440928,-0.0005689853674343212,0.10282682500013607,0.0009332061967531975,highs-ipm,0.0,509,32,True,99,127,0.01296706839725515,0.00021632860358154822,5319099,0.12950699999964854,0,0.12791748775340098,0.11169943720342868,0.04691489754414052,0.0014978884337513154,3.3306690738754696e-16,127,127,127,0.050979766231991824,24.690010070427903,0.04850689601262849
0.4643577952555612,127,1.5472690594894927,0.012183220940862147,-0.009215180497037567,-0.005514793022111553,0.0029680404438245794,0.006668427918750594,False,2.8846914588859153e-05,2.8846914588858706e-05,4.472333961502706e-19,1.6479873021779667e-17,0,0,6.453171330633722e-16,-1,1.6336649914794332e-13,4.265511555079371e-14,False,4.4728110104585994e-14,-0.1302476955446074,-0.1265473080696814,0.12103251504756984,-0.0005231723367360516,0.10339926250003373,0.0009455665238091394,highs-ipm,0.0,509,32,True,100,127,0.012183220940862147,0.0001772211133801885,5319100,0.14871669999956794,0,0.11284797581171963,0.09235168516393374,0.04017528263094048,0.0037003874749260146,0.0,127,127,127,0.0484328809156688,23.51350938607041,0.04619549977616977
0.6035513193938438,127,1.524512253449359,0.012004033491727236,0.006244143374448119,0.005634544939214142,0.018248176866175355,0.01763857843094138,False,3.749391856545701e-05,3.749391856545706e-05,4.743384504624082e-20,2.0816681711721685e-17,0,0,6.366435156834882e-16,-1,4.6976311729451936e-14,1.271075258935106e-14,False,1.3253287356462806e-14,-0.1588792939397809,-0.15948889237501487,0.16512343731422902,-0.0006604974044053589,0.10733257187496292,0.0012900268540174142,highs-ipm,0.0,509,32,True,101,127,0.012004033491727236,0.0001815170767134408,5319101,0.14474060000065947,0,0.11822434292984574,0.12415966781289496,0.03611293639920979,0.0006095984352339767,2.220446049250313e-16,127,127,127,0.04408352455697017,21.491110118818337,0.04222222027272758
0.583279274363231,127,1.5624534091572924,0.01230278274927002,-0.006331434823269394,-0.004218732652056578,0.005971347926000625,0.008084050097213441,False,3.6234575107644334e-05,3.6234575107644e-05,3.3203691532368573e-19,5.204170427930421e-18,0,0,1.1102230246251565e-15,-1,1.8285026270881133e-13,1.4758376812307183e-14,False,1.5501488981328748e-14,-0.13152880942377804,-0.12941610725256522,0.12519737460050864,-0.0005417662440629769,0.10701378124997518,0.0009781044890664738,highs-ipm,0.0,509,32,True,102,127,0.01230278274927002,0.00018752185071303098,5319102,0.08034150000003137,0,0.11559170952132998,0.11372008832712562,0.05207263775477645,0.0021127021712128158,4.440892098500626e-16,127,127,127,0.04755562448240606,23.10694754133433,0.04539675351932088
0.9142584165960387,127,1.704935494805097,0.013424688935473205,-0.027086475976464824,-0.02481986533806929,-0.01366178704099162,-0.011395176402596087,False,5.679571814052718e-05,5.6795718140526417e-05,7.657177843178875e-19,2.949029909160572e-17,0,0,9.992007221626409e-16,-1,1.4636382383859114e-13,1.5486743831782945e-14,False,1.6202317265623378e-14,-0.15749742450125287,-0.15523081386285734,0.13041094852478805,-0.0006631660847923129,0.10873184062501196,0.0010188355353499066,highs-ipm,0.0,509,32,True,103,127,0.013424688935473205,0.00023690640821144148,5319103,0.13807859999997163,0,0.12481041551366845,0.12805519696607187,0.03250228460193097,0.002266610638395533,0.0,127,127,127,0.04743224368039559,23.049712455374962,0.04528430737794688
0.6199731956930612,127,1.5017291148138272,0.011824638699321474,-0.0030915705029677942,-0.0022868669430906596,0.00873306819635368,0.009537771756230815,False,3.8514081181079245e-05,3.8514081181078947e-05,2.981555974335137e-19,1.3877787807814457e-17,0,0,4.718447854656915e-16,-1,5.722939483421285e-14,1.4837875936604683e-14,False,1.5487611193520934e-14,-0.1560966090678719,-0.15529190550799477,0.1530050385649041,-0.0006451230870716835,0.09836963437501822,0.0011953518637883133,highs-ipm,0.0,509,32,True,104,127,0.011824638699321474,0.00017826049537929086,5319104,0.12297850000049948,0,0.11798143413113409,0.11510959743757931,0.03300717963439305,0.0008047035598771346,2.220446049250313e-16,127,127,127,0.044313356471848114,21.598400809861445,0.04243300748499302
0.8870798153062348,127,1.739679783566286,0.013698266012332962,-0.05380518322964856,-0.05598802163223235,-0.040106917217315595,-0.04228975561989939,False,5.5107324410385666e-05,5.5107324410385355e-05,3.1170812458958252e-19,6.938893903907228e-18,0,0,4.3021142204224816e-16,-1,1.5133077083118174e-13,1.0555271934276078e-13,False,1.1052964099533824e-13,-0.22553689244311373,-0.22771973084569752,0.17173170921346517,-0.0009446375230263913,0.10471905937498605,0.0013416539782301967,highs-ipm,0.0,509,32,True,105,127,0.013698266012332962,0.00024264155029174003,5319105,0.09383419999994658,0,0.18885329961514752,0.13328490451133673,0.07337690295685781,0.002182838402583792,4.440892098500626e-16,127,127,127,0.046918118963511064,22.81107005395088,0.044815461795581296
0.8020212570563328,127,1.7171649147181482,0.013520983580457861,0.0030042257495230262,0.0013765895917507709,0.01652520932998089,0.014897573172208632,False,4.982330206822517e-05,4.982330206822569e-05,5.21772295508649e-19,5.204170427930421e-18,0,0,6.38378239159465e-16,-1,7.756669655537007e-14,1.4287182548144983e-14,False,1.5015766408055242e-14,-0.15900027576390138,-0.16062791192167364,0.1620045015134244,-0.0006772760830122634,0.10788060937500177,0.0012656601680736282,highs-ipm,0.0,509,32,True,106,127,0.013520983580457861,0.00023254241437133848,5319106,0.09920800000054442,0,0.1308491421112666,0.14598336595907238,0.05364936905006441,0.001627636157772257,4.440892098500626e-16,127,127,127,0.05054191521393879,24.48815651363694,0.048110327138775916
0.785151011574675,127,1.5809423943438465,0.012448365309794067,0.03414428500687294,0.027299099568204394,0.04659265031666701,0.03974746487799846,False,4.877528578536258e-05,4.877528578536211e-05,4.675621868843738e-19,2.7755575615628914e-17,0,0,1.0685896612017132e-15,-1,3.801828101467064e-14,1.0075273948473296e-14,False,1.0526302052227265e-14,-0.11195712039014055,-0.1188023058288091,0.1461014053970135,-0.0005128467929291477,0.09524866562506418,0.001141417229664168,highs-ipm,0.0,509,32,True,107,127,0.012448365309794067,0.00020364125896263433,5319107,0.09557399999994232,0,0.09973963844037369,0.14329558048382793,0.06107871330737888,0.0068451854386685496,0.0,127,127,127,0.04529194882831938,22.054701540039247,0.04332947257375098
0.913406114555619,127,1.678417109999314,0.01321588275590011,-0.024050471363169373,-0.033325041368598124,-0.010834588607269264,-0.020109158612698012,False,5.674277128701172e-05,5.674277128701152e-05,2.0328790734103208e-19,1.734723475976807e-17,0,0,1.1102230246251565e-15,-1,4.5592002395622444e-14,6.316128176031555e-15,False,6.6058269965196814e-15,-0.18113962267707287,-0.19041419268250162,0.1570891513139035,-0.0008005482114530335,0.10186637500001439,0.001227258994639871,highs-ipm,0.0,509,32,True,108,127,0.01321588275590011,0.000231290849382731,5319108,0.10633419999976468,0,0.20417280293090642,0.16605303371644392,0.05730838722293849,0.009274570005428749,5.551115123125783e-16,127,127,127,0.04420227936614555,21.546553423562205,0.042331146215249915
0.628819975105892,127,1.5638170255791002,0.012313519886449608,-0.011836211323100476,-0.0125709584283136,0.00047730856334913217,-0.00025743854186399164,False,3.9063662328883255e-05,3.906366232888321e-05,4.743384504624082e-20,5.204170427930421e-18,0,0,4.996003610813204e-16,-1,7.404228055327144e-14,1.2108369862318114e-14,False,1.2601031329495527e-14,-0.16659658522396065,-0.16733133232917377,0.15476037390086017,-0.0006927016792397183,0.09541968125006406,0.00120906542110047,highs-ipm,0.0,509,32,True,109,127,0.012313519886449608,0.00019060968842438814,5319109,0.09840260000055423,0,0.1382850256997655,0.12995047138509414,0.04162866890190837,0.0007347471052131238,2.220446049250313e-16,127,127,127,0.043259584311311834,21.10608782855634,0.04146579141170204
0.7482585940913549,127,1.6607487381440604,0.013076761717669767,-0.029779760152902623,-0.027700594215840757,-0.016702998435232857,-0.01462383249817099,False,4.6483448699839764e-05,4.6483448699840265e-05,5.014435047745458e-19,3.642919299551295e-17,0,0,4.996003610813204e-16,-1,1.0130438155009358e-13,1.9619722513297688e-14,False,2.0483614804334138e-14,-0.1673679211862532,-0.16528875524919134,0.1375881610333506,-0.0006921426488919939,0.09673580625010914,0.0010749075080730515,highs-ipm,0.0,509,32,True,110,127,0.013076761717669767,0.0002173938226386288,5319110,0.106033899999602,0,0.1629808858806562,0.1461876242273591,0.04616389723373081,0.0020791659370618665,2.220446049250313e-16,127,127,127,0.043730732524973746,21.326326955385532,0.04189848124830164
0.7863082497153646,127,1.67816607580203,0.013213906108677401,-0.03035361188667865,-0.025485632315358664,-0.01713970577800125,-0.012271726206681263,False,4.884717593159073e-05,4.884717593159099e-05,2.642742795433417e-19,8.673617379884035e-18,0,0,7.355227538141662e-16,-1,1.8141781479852348e-13,1.509816577316414e-14,False,1.5785983631388945e-14,-0.13147228142436387,-0.1266043018530439,0.10111866953768522,-0.0005433952300450437,0.09918001562499512,0.0007899896057631658,highs-ipm,0.0,509,32,True,111,127,0.013213906108677401,0.00022335852363371253,5319111,0.08300949999920704,0,0.1177533018062434,0.08638734858690073,0.043686247572746445,0.004867979571319986,4.440892098500626e-16,127,127,127,0.046581963879409265,22.654909441331906,0.04450866294957152
1.141099973492899,127,1.7307536765591907,0.013627981705190478,-0.003832341903104497,-0.001371016172106207,0.009795639802085981,0.012256965533084271,False,7.088760823877612e-05,7.088760823877731e-05,1.1926223897340549e-18,5.204170427930421e-18,0,0,4.0245584642661925e-16,-1,4.589503690283214e-14,2.022991149597253e-14,False,2.1246893133763933e-14,-0.09981434828555391,-0.09735302255455562,0.09598200638244941,-0.0004511728525925102,0.1069848312500028,0.000749859424862886,highs-ipm,0.0,509,32,True,112,127,0.013627981705190478,0.0002564702252102458,5319112,0.10094349999963015,0,0.11244896799982805,0.10609079893536211,0.04020095005028924,0.00246132573099829,5.551115123125783e-16,127,127,127,0.050300862602217465,24.376957095031365,0.047891860697507595
1.6534530755210963,127,1.7542867327372842,0.013813281360136096,0.009975473316258365,0.007669971189837421,0.023788754676394464,0.02148325254997352,False,0.00010271609550560589,0.00010271609550560589,0.0,3.469446951953614e-18,0,0,6.106226635438361e-16,-1,6.931618907329851e-14,9.032705139411235e-15,False,9.46465128492946e-15,-0.13507619058539722,-0.13738169271181816,0.14505166390165558,-0.0006393633326611456,0.10086551250000753,0.0011332161242316842,highs-ipm,0.0,509,32,True,113,127,0.013813281360136096,0.00029332103764518274,5319113,0.0928303999999116,0,0.10335406076933705,0.11615554574651707,0.057216219393820995,0.002305502126420944,8.881784197001252e-16,127,127,127,0.04656353780180302,22.646346719568378,0.04449184031349387
0.8680025164529372,127,1.6527497293634628,0.013013777396562698,-0.012536172745681418,-0.01079032617970288,0.0004776046508812807,0.002223451216859818,False,5.392220117948553e-05,5.3922201179484634e-05,8.944667923005412e-19,8.673617379884035e-18,0,0,4.926614671774132e-16,-1,3.3416845679479223e-14,2.1279852879807493e-14,False,2.225303274983048e-14,-0.21969546367153836,-0.21794961710555982,0.20715929092585694,-0.0009052878929980777,0.10525945312488716,0.0016184319603582574,highs-ipm,0.0,509,32,True,114,127,0.013013777396562698,0.00022317466577989563,5319114,0.09370159999980388,0,0.17834730199552648,0.15766917017924328,0.06137496565603454,0.0017458465659785372,3.3306690738754696e-16,127,127,127,0.04535989421189601,22.08635158254413,0.04339165340381951
0.4024448371339253,127,1.4660527751621153,0.011543722639071774,0.021685870332566415,0.024366982254595798,0.03322959297163819,0.03591070489366757,False,2.5000747187070036e-05,2.5000747187069992e-05,4.404571325722362e-20,0.0,0,0,5.689893001203927e-16,-1,5.799809417450508e-14,2.4914098561978903e-14,False,2.6069424396979457e-14,-0.07259667280155274,-0.06991556087952336,0.09428254313411916,-0.0002981084068727081,0.10722308124996971,0.0007365823682353059,highs-ipm,0.0,509,32,True,115,127,0.011543722639071774,0.00015820916217338117,5319115,0.08559499999955733,0,0.06740272008441449,0.08254837861510692,0.03300623430849521,0.0026811119220293833,0.0,127,127,127,0.04615327692429521,22.455617616123245,0.044117126947196945
0.9004453467718457,127,1.685929337153832,0.013275034150817575,-0.004545322189093329,-0.004579724835526891,0.008729711961724246,0.008695309315290684,False,5.593762024812644e-05,5.593762024812614e-05,3.049318610115481e-19,2.2551405187698492e-17,0,0,7.741203511546502e-16,-1,5.6240602452906074e-14,8.814780502741648e-15,False,9.228728892196614e-15,-0.12290625261311364,-0.1229406552595472,0.11836093042402031,-0.0005361745548557324,0.10747873437492217,0.0009246947689376587,highs-ipm,0.0,509,32,True,116,127,0.013275034150817575,0.00023205425486067365,5319116,0.11717709999993531,0,0.1092531711902636,0.08879465695409504,0.056906989670035574,3.440264643356228e-05,3.3306690738754696e-16,127,127,127,0.04648454145321548,22.609633169382523,0.04441971153120339
1.0565095426902738,127,1.800777333995349,0.014179349086577551,-0.017391698721563903,-0.024915028318470395,-0.0032123496349863515,-0.010735679231892843,False,6.563266699017723e-05,6.563266699017583e-05,1.395910297075087e-18,1.0408340855860843e-17,0,0,9.575673587391975e-16,-1,4.6726511548911276e-14,2.9878877150224525e-14,False,3.123890035539034e-14,-0.17583479868116608,-0.18335812827807257,0.15844309995960218,-0.0007818753555763968,0.10485663124998723,0.001237836718434392,highs-ipm,0.0,509,32,True,117,127,0.014179349086577551,0.00026655766317326994,5319117,0.11885879999954341,0,0.17806205373302414,0.16086187777462935,0.05284374672968941,0.007523329596906492,2.220446049250313e-16,127,127,127,0.04543446611556588,22.121083628274594,0.04345988925004832
0.9582572669026237,127,1.7012148244145124,0.013395392318224507,-0.018797706804756564,-0.013388096598529714,-0.005402314486532058,7.295719694792521e-06,False,5.95290222645646e-05,5.952902226456618e-05,1.5788694136820158e-18,1.214306433183765e-17,0,0,1.0547118733938987e-15,-1,2.557190570406931e-13,3.457130415274179e-14,False,3.612388166374103e-14,-0.15317761301723254,-0.1477680028110057,0.13437990621247597,-0.0006367477832450571,0.1054691468750093,0.0010498430172849686,highs-ipm,0.0,509,32,True,118,127,0.013395392318224507,0.00023884860473124953,5319118,0.08528340000066237,0,0.11675969299785827,0.1109226600822236,0.03354105657184036,0.00540961020622685,0.0,127,127,127,0.045419677906366134,22.11419637770679,0.04344635830590725
0.6894630164619889,127,1.6335778524479676,0.012862817735810769,-0.016201087236213454,-0.016235026830510355,-0.003338269500402686,-0.003372209094699586,False,4.283093974358701e-05,4.283093974358706e-05,4.743384504624082e-20,1.5612511283791264e-17,0,0,5.689893001203927e-16,-1,7.419542411013502e-14,1.0919650600405006e-14,False,1.1400602684119576e-14,-0.13642347560622875,-0.13645741520052565,0.1202223883700153,-0.0005758677178706404,0.10984859062509145,0.0009392374091407445,highs-ipm,0.0,509,32,True,119,127,0.012862817735810769,0.0002081988726189164,5319119,0.14766490000056365,0,0.15162093767521678,0.14576458062122066,0.04140239424096561,3.393959429690008e-05,0.0,127,127,127,0.04220721512302523,20.61343673876204,0.040497911078117954
0.5220440510068567,127,1.5431061644750452,0.012150442239960986,0.005496395450424019,0.006034882362499966,0.017646837690385005,0.018185324602460952,False,3.2430510061166974e-05,3.243051006116655e-05,4.2690460541616737e-19,1.0408340855860843e-17,0,0,4.440892098500626e-16,-1,1.1126516374915241e-13,4.7630736160764187e-14,False,4.9911463850804694e-14,-0.13985309718439232,-0.13931461027231637,0.14534949263481634,-0.0005766282064374024,0.10469045000007782,0.0011355429112095026,highs-ipm,0.0,509,32,True,120,127,0.012150442239960986,0.00018000004252264506,5319120,0.13735649999944144,0,0.10807653353715985,0.126207227520947,0.04768808086515361,0.0005384869120759472,2.220446049250313e-16,127,127,127,0.047308156551150095,22.99213610999825,0.045171190785851176
0.7528167317860796,127,1.670911267803594,0.013156781636248772,-0.014338616618335992,-0.010478834219135785,-0.0011818349820872202,0.0026779474171129865,False,4.676661011138e-05,4.676661011137987e-05,1.3552527156068805e-19,1.0408340855860843e-17,0,0,7.28583859910259e-16,-1,4.024818672787589e-14,1.2364675255893687e-14,False,1.2989609388114332e-14,-0.14591806967075419,-0.14205828727155398,0.1315794530524182,-0.0006016817947658876,0.1039056250000101,0.0010279644769720171,highs-ipm,0.0,509,32,True,121,127,0.013156781636248772,0.00021977563374413127,5319121,0.1318157000005158,0,0.1367715244259862,0.12245080245347857,0.0411630133579831,0.0038597823992002067,3.3306690738754696e-16,127,127,127,0.04868875648668972,23.631966013206334,0.046428223994511464
0.6484784468808442,127,1.5529082502870968,0.012227624018008636,-0.0006688457280124016,0.002167434364192228,0.011558778289996234,0.014395058382200863,False,4.028488928368885e-05,4.028488928368739e-05,1.463672932855431e-18,1.3877787807814457e-17,0,0,9.020562075079397e-16,-1,2.3151706246560266e-13,4.239458176874544e-14,False,4.4228509743504674e-14,-0.14075157818915063,-0.137915298096946,0.14008273246113823,-0.0005790165224748827,0.10282019375003415,0.0010943963473526424,highs-ipm,0.0,509,32,True,122,127,0.012227624018008636,0.00018972053324388223,5319122,0.15054679999957443,0,0.1146849921592422,0.12621448123743767,0.039899482503027585,0.0028362800922046294,4.440892098500626e-16,127,127,127,0.044046531829504514,21.473836670796,0.04218828422553242
0.8301134121799659,127,1.6334146159145193,0.012861532408775743,0.012108910726506328,0.010985475352255414,0.024970443135282072,0.023847007761031158,False,5.156844774629484e-05,5.1568447746295815e-05,9.75781955236954e-19,1.3877787807814457e-17,0,0,4.579669976578771e-16,-1,5.00835402881053e-14,3.382320465372679e-14,False,3.549244231848547e-14,-0.13479792123586987,-0.13592135661012078,0.1469068319623762,-0.0005825112470045802,0.10159098125004107,0.001147709624706064,highs-ipm,0.0,509,32,True,123,127,0.012861532408775743,0.0002168861503914156,5319123,0.10704489999989164,0,0.11142876669133299,0.13130231650341784,0.04231039455058957,0.001123435374250914,1.1102230246251565e-16,127,127,127,0.04871940302063821,23.646149833862506,0.04645609004688115
0.6667901661477399,127,1.5324042203041541,0.012066174963024836,-0.004531927125770385,-0.00033804806404472143,0.007534247837254451,0.011728126898980114,False,4.142245304823378e-05,4.1422453048233603e-05,1.7618285302889447e-19,2.7755575615628914e-17,0,0,6.661338147750939e-16,-1,1.1824287209083462e-13,5.6307822987600176e-14,False,5.882794251732548e-14,-0.13463831361201306,-0.1304444345502874,0.13010638648624268,-0.0005509710255102938,0.10195524687492252,0.001016456144423771,highs-ipm,0.0,509,32,True,124,127,0.012066174963024836,0.00018693365122163323,5319124,0.11488919999919744,0,0.13735799493689366,0.12490590045457027,0.04543101683574648,0.004193879061725664,2.220446049250313e-16,127,127,127,0.04476426056537905,21.808755800516877,0.04284627858647717
0.9186901931997793,127,1.6616786198881102,0.013084083621166222,0.03236401946321585,0.02848016993334257,0.045448103084382074,0.041564253554508795,False,5.707102972670211e-05,5.707102972670243e-05,3.2526065174565133e-19,2.7755575615628914e-17,0,0,8.187894806610529e-16,-1,4.439504319719845e-14,1.7839896226945484e-14,False,1.867256349541435e-14,-0.12165881790663485,-0.12554266743650813,0.1540228373698507,-0.0005474720744005623,0.11026300312511239,0.0012033034169519586,highs-ipm,0.0,509,32,True,125,127,0.013084083621166222,0.00022815215010186832,5319125,0.13208380000014586,0,0.15430529761095002,0.1527284919971105,0.0598200675867005,0.003883849529873279,4.440892098500626e-16,127,127,127,0.04668299128928936,22.70185219784553,0.04460088840441165
1.0655813239196394,127,1.739716515514665,0.013698555240272952,-0.01760536904218421,-0.021806754352634877,-0.003906813801911258,-0.008108199112361925,False,6.61962257394127e-05,6.619622573941207e-05,6.369687763352339e-19,6.938893903907228e-18,0,0,7.494005416219807e-16,-1,5.819997261902188e-14,1.4854003443920405e-14,False,1.5591694602079542e-14,-0.18866045544875878,-0.19286184075920945,0.17105508640657457,-0.000819562791205074,0.09894844062503694,0.0013363678625513639,highs-ipm,0.0,509,32,True,126,127,0.013698555240272952,0.0002537165898861756,5319126,0.13555629999973462,0,0.13353304419342277,0.14337900356286035,0.04175230847907572,0.004201385310450667,3.3306690738754696e-16,127,127,127,0.04808530731070441,23.352508856316614,0.04587919225209551
1.0553891845939691,127,1.7810671642564093,0.014024150899656767,-0.020831256206617937,-0.019632711138751757,-0.006807105306961171,-0.005608560239094991,False,6.556306791238963e-05,6.556306791238873e-05,8.944667923005412e-19,1.214306433183765e-17,0,0,4.510281037539698e-16,-1,6.626296733536208e-14,2.4980018054066022e-14,False,2.6166568911634158e-14,-0.16697364549403035,-0.16577510042616417,0.1461423892874124,-0.0007131220539520925,0.09695311249996053,0.0011417374163079095,highs-ipm,0.0,509,32,True,127,127,0.014024150899656767,0.0002621110687696904,5319127,0.11736089999976684,0,0.17535918124630245,0.16223452166628696,0.04783038062890908,0.0011985450678661802,2.220446049250313e-16,127,127,127,0.047727091694755676,23.18646703440229,0.04555298042122258
0.6823938281647308,127,1.5120593069030697,0.01190597879451236,0.060937517385752524,0.06024108939390904,0.07284349618026488,0.0721470681884214,False,4.2391786415901374e-05,4.239178641590074e-05,6.369687763352339e-19,1.3877787807814457e-17,0,0,4.163336342344337e-16,-1,1.5693696342466978e-13,1.1438766600591066e-14,False,1.1844691893969639e-14,-0.0793836219012435,-0.08008004989308698,0.14032113928699602,-0.00035520448131077175,0.09673094687499884,0.0010962589006796564,highs-ipm,0.0,509,32,True,128,127,0.01190597879451236,0.0001840608330185952,5319128,0.11381240000082471,0,0.06978846091513138,0.09107874929546862,0.04944350206014696,0.0006964279918434818,1.1102230246251565e-16,127,127,127,0.045378850548428114,22.095181012158694,0.043409000023887416
0.621356741979687,127,1.590089606202515,0.012520390600019802,0.001975820478050866,-0.0003250182700527682,0.014496211078070668,0.012195372329967034,False,3.8600030080758817e-05,3.8600030080758905e-05,8.809142651444724e-20,1.0408340855860843e-17,0,0,8.326672684688674e-16,-1,2.0029290725975812e-13,9.417813751078086e-15,False,9.853229343548264e-15,-0.15566950366893806,-0.1579703424170417,0.15764532414698892,-0.000655671680147328,0.10285140625001077,0.001231604094898351,highs-ipm,0.0,509,32,True,129,127,0.012520390600019802,0.00019528437582819492,5319129,0.09511310000016238,0,0.12969310416190266,0.12191351979113293,0.04397273301909821,0.002300838748103634,2.220446049250313e-16,127,127,127,0.048431260005270135,23.512758807438253,0.0461940251619612
0.4871837964497675,127,1.5692199879758812,0.012356062897447884,0.00044016847969355344,-0.00041046285878883204,0.012796231377141438,0.011945600038659052,False,3.0264915349440545e-05,3.0264915349440468e-05,7.792703114739563e-20,2.42861286636753e-17,0,0,7.572067972638763e-16,-1,1.4617452213927518e-13,4.587888229046211e-14,False,4.797551245161458e-14,-0.1146318376758696,-0.11548246901435198,0.11507200615556315,-0.0004813683099367529,0.10750187499999697,0.0008990000480903371,highs-ipm,0.0,509,32,True,130,127,0.012356062897447884,0.00018287774611648537,5319130,0.08874809999997524,0,0.11295235860833779,0.10917862779804939,0.036744923244578266,0.0008506313384823855,4.440892098500626e-16,127,127,127,0.04596589525386398,22.36845464118906,0.043945883381510925
0.6332661821284559,127,1.575154856579862,0.012402794146298126,0.02221844539964174,0.018158188182233692,0.03462123954593987,0.03056098232853182,False,3.9339870364011945e-05,3.933987036401201e-05,6.776263578034403e-20,2.7755575615628914e-17,0,0,6.730727086790012e-16,-1,4.925027399793613e-13,1.5507126832625673e-14,False,1.6257828416854636e-14,-0.14596488881779474,-0.15002514603520278,0.16818333421743648,-0.0006253755970640229,0.0982144031250698,0.0013139322985737225,highs-ipm,0.0,509,32,True,131,127,0.012402794146298126,0.00019309188445257498,5319131,0.08935109999947599,0,0.13324495395177072,0.1564905549191662,0.03811274860423731,0.004060257217408048,2.220446049250313e-16,127,127,127,0.04819900734924937,23.40518791637596,0.04598268745849894
0.6500330986873569,127,1.6468974497686837,0.012967696454871525,-0.007802580935726652,-0.0036170502978913333,0.0051651155191448726,0.009350646156980192,False,4.038146762981698e-05,4.038146762981638e-05,6.030874584450618e-19,6.938893903907228e-18,0,0,4.0939474033052647e-16,-1,6.04383080041182e-14,1.414233313790092e-14,False,1.4765966227514582e-14,-0.1166563671853898,-0.11247083654755448,0.10885378624966315,-0.00047972067289370104,0.10206165937503897,0.0008504202050754933,highs-ipm,0.0,509,32,True,132,127,0.012967696454871525,0.00020846328406856908,5319132,0.08082919999924343,0,0.12459402810153489,0.12381803823076103,0.04216775493738285,0.004185530637835319,5.551115123125783e-16,127,127,127,0.04724941471062234,22.96487517670496,0.04511763296012763
2.757706249981777,127,2.080581295742964,0.016382529887739875,0.06124608345729965,0.06786336891696948,0.07762861334503952,0.08424589880470935,False,0.00017131470057610404,0.00017131470057610374,2.981555974335137e-19,0.0,0,0,9.43689570931383e-16,-1,5.780792511345112e-14,7.365635878997523e-15,False,7.743805596760467e-15,-0.13437136774833258,-0.12775408228866275,0.19561745120563223,-0.0006703540845161926,0.09466491562503165,0.0015282613375440018,highs-ipm,0.0,509,32,True,133,127,0.016382529887739875,0.00043936541497781935,5319133,0.12105100000007951,0,0.19930409781140201,0.20403055048585622,0.13173747487526563,0.0066172854596698305,0.0,127,127,127,0.04913177142431434,23.83692147748488,0.046830886989164794
0.7898401936427626,127,1.641157706910623,0.012922501629217504,0.0340679923692926,0.034168248083028666,0.0469904939985101,0.047090749712246166,False,4.906658795793609e-05,4.906658795793635e-05,2.642742795433417e-19,6.938893903907228e-18,0,0,1.0651202142497596e-15,-1,6.19157503045642e-14,1.3160479650498047e-14,False,1.3787582187063663e-14,-0.09976819223221085,-0.09966793651847479,0.13383618460150346,-0.0004383944649832285,0.10000999375003516,0.0010455951921992457,highs-ipm,0.0,509,32,True,134,127,0.012922501629217504,0.00021596123830336023,5319134,0.11356840000007651,0,0.12886002782219255,0.11824796034425779,0.050735766286077816,0.00010025571373606379,0.0,127,127,127,0.04678119785399606,22.747475553153002,0.0446905217154283
1.317141350356841,127,1.8201360004826643,0.014331779531359562,-0.04969709201801323,-0.04464917259512721,-0.035365312486653665,-0.03031739306376765,False,8.182368084137821e-05,8.182368084137977e-05,1.5585406229479126e-18,6.938893903907228e-18,0,0,3.608224830031759e-16,-1,1.4232712230999311e-13,5.2964577168523874e-14,False,5.555278459468127e-14,-0.21504733618849303,-0.20999941676560702,0.1653502441704798,-0.0009021339025820322,0.09655304999992609,0.0012917987825818735,highs-ipm,0.0,509,32,True,135,127,0.014331779531359562,0.00028706283158347513,5319135,0.11018789999980072,0,0.19479232707782215,0.16101562869314512,0.053781373797453756,0.005047919422886016,2.220446049250313e-16,127,127,127,0.048735995190808526,23.653828671731812,0.04647117617236112
0.6990028460157983,127,1.6513736908186798,0.01300294244739118,-0.01798171753629728,-0.015752824111702715,-0.004978775088906099,-0.0027498816643115355,False,4.3423574671099655e-05,4.3423574671099275e-05,3.7947076036992655e-19,3.469446951953614e-18,0,0,6.106226635438361e-16,-1,3.5121211494626436e-14,1.5162784222644277e-14,False,1.5792922525292852e-14,-0.10369169973565828,-0.10146280631106372,0.085709982199361,-0.00043976266182369194,0.1094850218750878,0.0006696092359325078,highs-ipm,0.0,509,32,True,136,127,0.01300294244739118,0.00021241477541967307,5319136,0.10156420000021171,0,0.1013812499459062,0.0820976841885051,0.03907674992789195,0.0022288934245945635,1.1102230246251565e-16,127,127,127,0.04329456957059174,21.12244859139001,0.04149793436422399
0.8022028583300346,127,1.6660787338897778,0.013118730188108486,-0.00908648818385746,-0.009796938035150332,0.004032242004251025,0.0033217921529581536,False,4.9834583533692664e-05,4.983458353369311e-05,4.472333961502706e-19,1.734723475976807e-18,0,0,4.718447854656915e-16,-1,1.1693250534516864e-13,1.974288788009204e-14,False,2.067790383364354e-14,-0.12960958033644504,-0.1303200301877379,0.12052309215258758,-0.0005588972014545444,0.10092254687498325,0.0009415866574420905,highs-ipm,0.0,509,32,True,137,127,0.013118730188108486,0.00022183775843820442,5319137,0.07557189999988623,0,0.104734558729709,0.09657284997828525,0.03826092192064003,0.0007104498512928714,2.220446049250313e-16,127,127,127,0.04784193041363355,23.239709992256895,0.04565758348184066
0.7987298947473292,127,1.6394205795353745,0.01290882346090846,0.01881405485159636,0.018479211949731997,0.031722878312504824,0.03138803541064046,False,4.9618835494435855e-05,4.961883549443519e-05,6.640738306473715e-19,6.938893903907228e-18,0,0,1.096345236817342e-15,-1,6.553503399675531e-14,2.1120583580669372e-14,False,2.2072621508328893e-14,-0.09740054252427435,-0.09773538542613872,0.11621459737587071,-0.0004313976848152896,0.09677713124997922,0.0009079265419989899,highs-ipm,0.0,509,32,True,138,127,0.01290882346090846,0.00021615907566194012,5319138,0.11129579999942507,0,0.07461013845663593,0.087252947668795,0.04143195374652166,0.00033484290186436283,5.551115123125783e-16,127,127,127,0.04596169880294685,22.36650225096563,0.043942047644333265
2.0350440322595933,127,1.93758407289746,0.015256567503129606,-0.06963359147441422,-0.06883839937149211,-0.05437702397128462,-0.0535818318683625,False,0.0001264213543585548,0.0001264213543585517,3.0899761915836876e-18,1.3877787807814457e-17,0,0,1.0547118733938987e-15,-1,2.584330048138045e-13,5.713485240477212e-14,False,5.993816554195064e-14,-0.2525513850166582,-0.2517561929137361,0.18291779354224397,-0.0011098439829278332,0.10233217812495354,0.001429045262048781,highs-ipm,0.0,509,32,True,139,127,0.015256567503129606,0.0003589358343236098,5319139,0.12693590000071708,0,0.22159801244754537,0.18713348248300168,0.07341403493064033,0.0007951921029221154,1.1102230246251565e-16,127,127,127,0.04857549632132392,23.579539779725316,0.046325225500442664
1.210629820425776,127,1.731386768583396,0.013632966681759022,-0.012214467844727461,-0.007734499384254773,0.001418498837031561,0.00589846729750425,False,7.520695331350486e-05,7.52069533135063e-05,1.4365678785432934e-18,6.938893903907228e-18,0,0,6.661338147750939e-16,-1,2.6340908620969827e-14,1.5502356343066737e-14,False,1.6257828416854636e-14,-0.13612026945005354,-0.13164030098958085,0.12390580160532608,-0.0005894268790540565,0.08467612812509628,0.00096801407504161,highs-ipm,0.0,509,32,True,140,127,0.013632966681759022,0.00026091697953074767,5319140,0.09277810000003228,0,0.12757383736748137,0.11822136138144795,0.06169515409056893,0.004479968460472689,2.220446049250313e-16,127,127,127,0.04851826511356727,23.553044104702256,0.04627317112908105
1.3980462832405662,127,1.8077359785703369,0.014234141563545959,-0.04429645168760643,-0.061439382543698795,-0.030062310124060472,-0.047205240980152836,False,8.684967095624383e-05,8.684967095624307e-05,7.589415207398531e-19,2.7755575615628914e-17,0,0,3.3306690738754696e-16,-1,4.699729104148953e-14,1.8176432581284985e-14,False,1.9047263766225342e-14,-0.2743066471248604,-0.2914495779809528,0.23001019543725398,-0.0012253245849443398,0.08927738437498078,0.0017969546518535467,highs-ipm,0.0,509,32,True,141,127,0.014234141563545959,0.00028928982897006753,5319141,0.09967299999971146,0,0.20033665984842772,0.1965969846899725,0.04753000722701323,0.017142930856092364,4.440892098500626e-16,127,127,127,0.04729429350063962,22.985702816503377,0.0451585517023642
0.7871355705507961,127,1.5793471500966345,0.012435804331469564,0.0497697257206538,0.04776896870050143,0.06220553005212336,0.06020477303197099,False,4.8898570898405574e-05,4.8898570898405615e-05,4.0657581468206416e-20,3.469446951953614e-17,0,0,4.163336342344337e-16,-1,9.83484127470291e-14,2.0195108606235745e-14,False,2.1163626406917047e-14,-0.12204129596802327,-0.12404205298817564,0.17181102168867707,-0.0005334378403834667,0.09139455937506114,0.0013422736069427896,highs-ipm,0.0,509,32,True,142,127,0.012435804331469564,0.00020345173234975248,5319142,0.1115752000005159,0,0.11059453992856141,0.13513469848049592,0.053553148770299076,0.0020007570201523717,0.0,127,127,127,0.04793103768274977,23.281014974484933,0.045738732759302424
0.8132773101466712,127,1.584932483608115,0.012479783335496968,0.019099156925089844,0.008787137596235617,0.031578940260586816,0.021266920931732585,False,5.052255252858823e-05,5.052255252858665e-05,1.5856456772600502e-18,2.7755575615628914e-17,0,0,5.273559366969494e-16,-1,6.864921500183974e-13,2.0561094602085384e-14,False,2.153138778382413e-14,-0.13617872153585675,-0.14649074086471098,0.1552778784609466,-0.0006227520090313639,0.08896789062507082,0.0012131084254761453,highs-ipm,0.0,509,32,True,143,127,0.012479783335496968,0.0002061682861766296,5319143,0.08993519999967248,0,0.12664456637071875,0.1372416195458877,0.05554360949169513,0.01031201932885423,0.0,127,127,127,0.04685160574552615,22.78017934307852,0.0447547727761857
0.5896917198107539,127,1.5317473581889693,0.012061002820385585,0.017180991756672537,0.014511021196665821,0.029241994577058124,0.02657202401705141,False,3.663293014339566e-05,3.6632930143395266e-05,3.9302328752599536e-19,6.938893903907228e-18,0,0,7.355227538141662e-16,-1,3.953087857055948e-14,8.81239525796218e-15,False,9.18709552877317e-15,-0.11649719558533811,-0.11916716614534482,0.13367818734201065,-0.0005021296728986485,0.08864808749993358,0.0010443608386094582,highs-ipm,0.0,509,32,True,144,127,0.012061002820385585,0.0001820287487835353,5319144,0.09601169999950798,0,0.1261839064115282,0.1304995694863517,0.051879116522231976,0.0026699705600067153,5.551115123125783e-16,127,127,127,0.044683396090254054,21.771044409300046,0.042772189409233885
1.1481193506802587,127,1.812215059187451,0.01426940991486182,-0.01909833253499943,-0.02461689553105012,-0.004828922620137609,-0.0103474856161883,False,7.13236671921526e-05,7.13236671921525e-05,9.486769009248164e-20,2.6020852139652106e-17,0,0,5.134781488891349e-16,-1,6.976537403335925e-14,1.0322038362930996e-14,False,1.0817735596191369e-14,-0.20033876450968274,-0.20585732750573343,0.1812404319746833,-0.0008754538527614238,0.0907008749999818,0.0014159408748022134,highs-ipm,0.0,509,32,True,145,127,0.01426940991486182,0.00027479960142761707,5319145,0.08721220000006724,0,0.16576967741695445,0.1434307770678133,0.04516512115555515,0.005518562996050691,2.220446049250313e-16,127,127,127,0.05014081818812789,24.303099180347264,0.04774675673938559
0.725553738306575,127,1.6077797927845734,0.012659683407752547,0.02304465789767174,0.01629800383794755,0.035704341305424284,0.028957687245700095,False,4.5072973755157885e-05,4.5072973755157926e-05,4.0657581468206416e-20,1.0408340855860843e-17,0,0,9.992007221626409e-16,-1,5.132526348372579e-14,2.7157096016416915e-14,False,2.8449465006019636e-14,-0.13154047598678492,-0.1382871300465091,0.15458513388445666,-0.0005852570754993342,0.09154001874995288,0.0012076963584723177,highs-ipm,0.0,509,32,True,146,127,0.012659683407752547,0.00020525200572837628,5319146,0.12695239999993646,0,0.13604252814176665,0.1297285059930659,0.05064039748389802,0.006746654059724189,6.661338147750939e-16,127,127,127,0.04825962568989265,23.433268700002557,0.04603785599214648
0.7074399012926803,127,1.5860594853984895,0.012488657365342437,-0.028289176366101676,-0.024108096777417293,-0.01580051900075924,-0.011619439412074856,False,4.394770286586695e-05,4.394770286586716e-05,2.0328790734103208e-19,1.3877787807814457e-17,0,0,5.689893001203927e-16,-1,4.092212679829288e-14,2.1658022597570437e-14,False,2.260691633892975e-14,-0.17223229169568038,-0.168051212106996,0.1439431153295787,-0.0007003977501588203,0.08853710937489723,0.0011245555885123337,highs-ipm,0.0,509,32,True,147,127,0.012488657365342437,0.0001998279243917913,5319147,0.09833440000056726,0,0.1275276898782882,0.09687119566563336,0.04520393866286756,0.004181079588684383,1.1102230246251565e-16,127,127,127,0.04378539170990718,21.35186462404216,0.041948653485348056
0.6221027229339812,127,1.5264243699164572,0.012019089526901238,0.04851443684554296,0.052472408870978746,0.060533526372444205,0.06449149839787999,False,3.864637203752888e-05,3.8646372037528676e-05,2.0328790734103208e-19,1.3877787807814457e-17,0,0,6.106226635438361e-16,-1,1.5997468107153967e-13,2.8190123846361104e-14,False,2.9455604622086184e-14,-0.08550074031775418,-0.0815427682923184,0.13401517716329714,-0.0003571728106793974,0.08426507499993363,0.001046993571588259,highs-ipm,0.0,509,32,True,148,127,0.012019089526901238,0.00018302895901846578,5319148,0.08768529999997554,0,0.07610830365981723,0.10073656122724427,0.0439197712808862,0.0039579720254357825,3.3306690738754696e-16,127,127,127,0.04555697603740696,22.17813216733827,0.0435719688945742
0.8549940013328892,127,1.6658086500270475,0.013116603543520058,-0.0017050418404578327,-0.0007674671372048247,0.011411561703062225,0.012349136406315233,False,5.311408397238734e-05,5.311408397238707e-05,2.710505431213761e-19,1.3877787807814457e-17,0,0,6.106226635438361e-16,-1,3.60362781282042e-14,1.5433834765765653e-14,False,1.6209256159527285e-14,-0.16247964843408877,-0.16154207373083576,0.16077460659363094,-0.0006841378094834642,0.08130918437498735,0.0012560516140127417,highs-ipm,0.0,509,32,True,149,127,0.013116603543520058,0.00022505502261999026,5319149,0.09417980000034731,0,0.10108605140518216,0.09860504075902368,0.037509961404143664,0.000937574703253008,2.220446049250313e-16,127,127,127,0.049803109832647775,24.147178330285957,0.047440428939658066
0.6089882815523942,127,1.5887990320746646,0.012510228599013106,-0.007774388105882546,-0.007509763126109598,0.0047358404931305605,0.005000465472903509,False,3.78316744610469e-05,3.783167446104666e-05,2.371692252312041e-19,6.071532165918825e-18,0,0,8.36136715420821e-16,-1,9.454589888768794e-14,2.7438121219525158e-14,False,2.861599845971341e-14,-0.17337395966466265,-0.1731093346848897,0.1655995715587801,-0.0007140400130738971,0.09004927812497954,0.0012937466528029696,highs-ipm,0.0,509,32,True,150,127,0.012510228599013106,0.00019426316857051182,5319150,0.09129140000004554,0,0.15576955284956504,0.15227500387343224,0.03713042359278662,0.0002646249797729483,0.0,127,127,127,0.04314857984637514,21.054169622739067,0.041363791007345906
0.6342829536425686,127,1.584945164802256,0.012479883187419338,-0.01804191616817183,-0.01728993850041441,-0.005562032980752491,-0.004810055312995071,False,3.9403034418375365e-05,3.940303441837627e-05,9.0801931945661e-19,6.938893903907228e-18,0,0,8.118505867571457e-16,-1,5.02549390990481e-14,2.0848340415158262e-14,False,2.180894353998042e-14,-0.20272080036256504,-0.20196882269480762,0.1846788841943932,-0.0008283437480699685,0.08577191250006422,0.001442803782768697,highs-ipm,0.0,509,32,True,151,127,0.012479883187419338,0.00019507310614871466,5319151,0.07719580000048154,0,0.1514422745351818,0.12640768246775502,0.06240245868778374,0.0007519776677574197,2.220446049250313e-16,127,127,127,0.044906788237462684,21.875209798784425,0.04297683653985152
0.7553678115799695,127,1.655231516381356,0.01303331902662485,-0.010288521445259768,-0.013254133340704327,0.0027447975813650813,-0.00022081431407947744,False,4.692508872781652e-05,4.6925088727816587e-05,6.776263578034403e-20,4.163336342344337e-17,0,0,1.0408340855860843e-15,-1,1.0263339657312631e-13,1.543340108489666e-14,False,1.6132928326584306e-14,-0.16375060946124353,-0.1667162213566881,0.15346208801598377,-0.0006981603284023795,0.08670796562509508,0.0011989225626248732,highs-ipm,0.0,509,32,True,152,127,0.01303331902662485,0.00021670030283353538,5319152,0.08504859999993641,0,0.1467218797356196,0.12432355057000298,0.053891507423334845,0.0029656118954445587,0.0,127,127,127,0.045991945128869054,22.380573941905627,0.04396969340256508
0.9156692923739406,127,1.6400371843914512,0.01291367861725552,-0.014921991976684257,-0.012517669133000703,-0.002008313359428736,0.0003960094842548178,False,5.6883364807551474e-05,5.688336480755012e-05,1.3552527156068805e-18,2.42861286636753e-17,0,0,8.326672684688674e-16,-1,8.837375276016246e-14,3.278974314291361e-14,False,3.42711969913978e-14,-0.14702294259656462,-0.14461861975288107,0.13210095061988036,-0.0006217998482172418,0.09026039375004302,0.0010320386767178153,highs-ipm,0.0,509,32,True,153,127,0.01291367861725552,0.0002235347051001661,5319153,0.09086139999999432,0,0.14791161642045178,0.1346248393504405,0.05051035668252729,0.002404322843683554,0.0,127,127,127,0.045543682302764656,22.171942391780746,0.04355980823532563
0.7252547502164729,127,1.6068495128887939,0.012652358369203101,0.03700169993635338,0.03341096860470935,0.049654058305556484,0.04606332697391245,False,4.505439996575173e-05,4.5054399965751605e-05,1.2197274440461925e-19,1.3877787807814457e-17,0,0,7.8236028766554e-16,-1,9.027903733149724e-14,2.0684517466895702e-14,False,2.165628787409446e-14,-0.13796365720854314,-0.14155438854018718,0.17496535714489653,-0.0005980012302008577,0.08924005000005764,0.0013669168526945041,highs-ipm,0.0,509,32,True,154,127,0.012652358369203101,0.00020504805674793395,5319154,0.0776850000002014,0,0.13768694011215732,0.15969053091246688,0.07624199278310596,0.0035907313316440315,2.220446049250313e-16,127,127,127,0.04668893863886057,22.704615373201683,0.04460631703968897
0.7878745435006036,127,1.6821871984045556,0.013245568491374453,-0.02490292914137776,-0.02733927398263092,-0.011657360650003308,-0.014093705491256466,False,4.894447750271869e-05,4.894447750271888e-05,1.8973538018496328e-19,1.9081958235744878e-17,0,0,9.228728892196614e-16,-1,2.5925095403778187e-13,1.2823075934420558e-14,False,1.3433698597964394e-14,-0.16501369039305447,-0.16745003523430763,0.1401107612516767,-0.000703046177636733,0.08526662500020166,0.0010946153222787243,highs-ipm,0.0,509,32,True,155,127,0.013245568491374453,0.0002242934040533679,5319155,0.08523980000063602,0,0.15276640825920165,0.1140600992402617,0.05490891315125931,0.0024363448412531574,4.440892098500626e-16,127,127,127,0.04675362216395998,22.734665710789443,0.044665355031020516
0.9340751683007369,127,1.6722541636334824,0.01316735561916128,-0.007362461317849817,-0.008479481856779214,0.005804894301311463,0.004687873762382066,False,5.8026777788268676e-05,5.802677778826946e-05,7.860465750519907e-19,2.7755575615628914e-17,0,0,4.996003610813204e-16,-1,3.692966071833226e-14,1.9990411236070482e-14,False,2.0899948438568572e-14,-0.16351487369956696,-0.16463189423849636,0.15615241238171715,-0.0007011201146573958,0.090843006249969,0.0012199407217321652,highs-ipm,0.0,509,32,True,156,127,0.01316735561916128,0.00023129203026165635,5319156,0.0768582000000606,0,0.15250530654560038,0.13396519550658542,0.041727227900219065,0.0011170205389293975,0.0,127,127,127,0.04527945943884265,22.048883335700292,0.04331804191689645
3.4662578003961677,127,2.192053472049533,0.01726026355944514,-0.010390591340678157,-0.01717792518694819,0.006869672218766984,8.23383724969512e-05,False,0.00021533146149934292,0.0002153314614993448,1.870248747537495e-18,6.938893903907228e-18,0,0,1.214306433183765e-15,-1,6.01949046163952e-14,1.3445936529986324e-14,False,1.404432126150823e-14,-0.18748588902600358,-0.1942732228722736,0.17709529768532542,-0.0009742112383441636,0.0903243875000328,0.0013835570131666048,highs-ipm,0.0,509,32,True,157,127,0.01726026355944514,0.0005128251115828991,5319157,0.08311940000021423,0,0.23951677640902552,0.20215109387705602,0.10266755715707546,0.006787333846270033,4.440892098500626e-16,127,127,127,0.0459192477377581,22.34675109868437,0.04390324380881015
0.7249614020173701,127,1.6237372919207036,0.012785333007249634,0.014789114806687986,0.016005260040934305,0.02757444781393762,0.02879059304818394,False,4.503617653862082e-05,4.5036176538621124e-05,3.049318610115481e-19,3.469446951953614e-18,0,0,3.0531133177191805e-16,-1,4.7205295228280875e-14,1.341982081015658e-14,False,1.4058199049316045e-14,-0.1274732925002594,-0.1262571472660131,0.1422624073069474,-0.0005382281580464847,0.08747001249997766,0.0011114250570855265,highs-ipm,0.0,509,32,True,158,127,0.012785333007249634,0.00020841243692673757,5319158,0.0998862000005829,0,0.09004207422901604,0.08904791721698214,0.035406441218834725,0.0012161452342463186,2.220446049250313e-16,127,127,127,0.04724617193120985,22.963370177461453,0.04511467618361779
0.5022086850390545,127,1.5549050765595525,0.012243347059524035,-0.026006738801917784,-0.021427755708302187,-0.013763391742393749,-0.009184408648778153,False,3.119829405497891e-05,3.119829405497882e-05,8.809142651444724e-20,3.642919299551295e-17,0,0,5.828670879282072e-16,-1,4.6731715719339206e-14,1.5763432226201246e-14,False,1.6493750809587482e-14,-0.16348070077619012,-0.15890171768257452,0.13747396197427234,-0.0006519081287525355,0.08677600937497232,0.0010740153279240026,highs-ipm,0.0,509,32,True,159,127,0.012243347059524035,0.0001810365479663787,5319159,0.07823319999988598,0,0.12185995591937272,0.11083059003421944,0.03268123952359206,0.004578983093615596,4.440892098500626e-16,127,127,127,0.04624016460697319,22.496023935184034,0.04419651067816117
0.9551917897038902,127,1.6090066732424482,0.012669343883798805,0.0362661162528987,0.03507059263155088,0.04893546013669751,0.04773993651534968,False,5.933858816433676e-05,5.9338588164332566e-05,4.194507154803295e-18,1.3877787807814457e-17,0,0,5.273559366969494e-16,-1,1.3495194545187772e-13,7.388534228880417e-14,False,7.740336149808513e-14,-0.09800461699027523,-0.09920014061162305,0.13427073324317393,-0.00044683913742848513,0.09138366562496003,0.0010489901034622963,highs-ipm,0.0,509,32,True,160,127,0.012669343883798805,0.00021973428385161018,5319160,0.11812410000038653,0,0.15190010348684432,0.14324670005965465,0.04747288577139144,0.0011955236213478243,2.220446049250313e-16,127,127,127,0.04805398070554897,23.337992726918827,0.04585067333382874
1.146670941012215,127,1.8055640678171758,0.01421703990407225,-0.027236949629513063,-0.02704963281188774,-0.013019909725440813,-0.012832592907815491,False,7.123368883836875e-05,7.123368883836878e-05,2.710505431213761e-20,5.204170427930421e-18,0,0,6.661338147750939e-16,-1,2.4522051056408145e-14,5.9379042481599864e-15,False,6.203371150093062e-15,-0.21093407477712303,-0.2107467579594977,0.18369712514760997,-0.0008944632121176567,0.08994051250002144,0.0014351337902157029,highs-ipm,0.0,509,32,True,161,127,0.01421703990407225,0.0002732179641642211,5319161,0.09868399999959365,0,0.22583800377775512,0.18831453594775127,0.1107194798897597,0.00018731681762532149,2.220446049250313e-16,127,127,127,0.04581015575554722,22.295986658044896,0.04380351013368349
0.6298899424506446,127,1.551518967811562,0.01221668478591781,0.03321402349480937,0.037565638226584014,0.04543070828072718,0.04978232301250182,False,3.9130131023754346e-05,3.9130131023760946e-05,6.600080725005508e-18,2.0816681711721685e-17,0,0,8.465450562766819e-16,-1,2.1317669851583787e-13,1.2231535229112467e-13,False,1.2792544801243366e-13,-0.10372565901995268,-0.09937404428817803,0.13693968251476205,-0.0004273099915244564,0.0870372812500193,0.0010698412696465785,highs-ipm,0.0,509,32,True,162,127,0.01221668478591781,0.00018830064169692473,5319162,0.1351715000000695,0,0.11551146052745519,0.11533070611751117,0.044278653222688424,0.0043516147317746445,7.771561172376096e-16,127,127,127,0.045936199654974655,22.354638487600884,0.043918739661298396
0.5799936374301622,127,1.5470439408911327,0.012181448353473486,0.006769695972706269,0.005575955620405415,0.018951144326179753,0.0177574039738789,False,3.60304642066392e-05,3.603046420663916e-05,4.0657581468206416e-20,1.3877787807814457e-17,0,0,1.0547118733938987e-15,-1,2.0561850833100692e-13,2.4855117963795692e-14,False,2.6041668821363828e-14,-0.12945023426906155,-0.1306439746213624,0.13621993024176782,-0.000546358490071336,0.08421912500008943,0.001064218205013811,highs-ipm,0.0,509,32,True,163,127,0.012181448353473486,0.00018434736142836682,5319163,0.08928900000046269,0,0.10364923538884017,0.10484780869463499,0.026903433174653,0.0011937403523008538,0.0,127,127,127,0.04821567818734838,23.412910823657757,0.045997860164357085
0.5000107340152425,127,1.4767246721708787,0.011627753324180147,-0.00017993972264918057,0.004487856034120746,0.011447813601530967,0.016115609358300892,False,3.1061752564553155e-05,3.1061752564554395e-05,1.2400562347802957e-18,6.938893903907228e-18,0,0,7.771561172376096e-16,-1,1.2812103808435005e-13,4.258312452654067e-14,False,4.451300439356487e-14,-0.12946907612725544,-0.12480128037048552,0.12928913640460626,-0.0005185667540117634,0.08646509999996965,0.0010100713781609864,highs-ipm,0.0,509,32,True,164,127,0.011627753324180147,0.00016620537487838254,5319164,0.09437930000058259,0,0.10919619128364988,0.10910026085500142,0.044448696531317625,0.004667795756769925,1.1102230246251565e-16,127,127,127,0.044436607883969206,21.655917881665328,0.04254600762606155
2.4495903143067075,127,2.132439635974977,0.01679086327539352,-0.03037245607046546,-0.0061911821393573485,-0.013581592795071939,0.010599681136036172,False,0.00015217386958177968,0.0001521738695817767,2.9815559743351372e-18,6.938893903907228e-18,0,0,1.6896206656014101e-15,-1,6.706633404011952e-14,2.48171708877587e-14,False,2.6020852139652106e-14,-0.16004103279332255,-0.13585975886221444,0.1296685767228571,-0.0006828760526373019,0.09703420625004355,0.001013035755647321,highs-ipm,0.0,509,32,True,165,127,0.01679086327539352,0.0004338079927697811,5319165,0.10149619999992865,0,0.24588495592191797,0.1434201750734077,0.1393184116298513,0.02418127393110811,2.220446049250313e-16,127,127,127,0.04709437078602471,22.8929076488991,0.04497624292514558
0.5855486232151206,127,1.4844414190276483,0.011688515110453924,0.04641803038286742,0.04444595975157395,0.05810654549332134,0.05613447486202787,False,3.63755519861879e-05,3.637555198618818e-05,2.778268066994105e-19,2.0816681711721685e-17,0,0,8.326672684688674e-16,-1,3.569367024169878e-14,1.148777253878741e-14,False,1.199040866595169e-14,-0.11738358006995674,-0.1193556507012502,0.16380161045282415,-0.0005026085625379468,0.08782843749995095,0.0012797000816626887,highs-ipm,0.0,509,32,True,166,127,0.011688515110453924,0.00017292547273482168,5319166,0.08499480000045878,0,0.07207848768737443,0.09185783419843332,0.04031855580545277,0.0019720706312934683,4.440892098500626e-16,127,127,127,0.04733496056833911,23.004574311364728,0.0451956273307755
0.5286328385974809,127,1.4770136437893908,0.011630028691255045,0.039919898195436926,0.03657106462950162,0.05154992688669197,0.048201093320756665,False,3.283981985377245e-05,3.283981985377219e-05,2.642742795433417e-19,1.3877787807814457e-17,0,0,9.159339953157541e-16,-1,1.924750506546169e-13,1.321859288694327e-14,False,1.3752887717544127e-14,-0.11642428697273274,-0.11977312053866805,0.15634418516816967,-0.0005007035719579442,0.08618379374999563,0.0012214389466263255,highs-ipm,0.0,509,32,True,167,127,0.011630028691255045,0.00016803286890306244,5319167,0.09109390000048734,0,0.10025392907869674,0.11888916032726601,0.0414952374468089,0.003348833565935308,2.220446049250313e-16,127,127,127,0.04175520930819355,20.401531327099796,0.04008159396286797
0.8330021426516306,127,1.66507662063054,0.013110839532523937,0.02412986703485706,0.025068844380300243,0.037240706567381,0.03817968391282418,False,5.1747901956030864e-05,5.1747901956040445e-05,9.581636699340645e-18,2.7755575615628914e-17,0,0,4.996003610813204e-16,-1,1.9597431316631386e-13,9.393690252740283e-14,False,9.83033099366537e-14,-0.12497199210099055,-0.12403301475554737,0.14910185913584761,-0.0005362518658448974,0.08906181562494453,0.0011648582744988095,highs-ipm,0.0,509,32,True,168,127,0.013110839532523937,0.00022354034938446588,5319168,0.09631790000003093,0,0.11985979629580377,0.1319281272367943,0.05769672296650275,0.0009389773454431816,1.1102230246251565e-16,127,127,127,0.04641896021010806,22.579150077900863,0.04435982333575808
0.4924195067866442,127,1.4970645537427372,0.011787909871990056,0.03925179388885916,0.04381126162904696,0.051039703760849216,0.05559917150103701,False,3.059016904485205e-05,3.059016904485171e-05,3.3881317890172014e-19,0.0,0,0,6.106226635438361e-16,-1,1.2210675179313846e-13,2.456888859025952e-14,False,2.5694724126168467e-14,-0.08316967739386354,-0.07861020965367574,0.1224214712827227,-0.0003376613005045226,0.08919517187504766,0.0009564177443962711,highs-ipm,0.0,509,32,True,169,127,0.011787909871990056,0.00016948488963107353,5319169,0.11407600000075035,0,0.10462258781825637,0.11560961743619667,0.04331944089953088,0.0045594677401877975,0.0,127,127,127,0.04551076281043523,22.156613871904867,0.043529693265039034
0.8868992211481465,127,1.6686942384116203,0.013139324711902522,-0.017796858871883176,-0.017760763659796425,-0.004657534159980653,-0.0046214389478939025,False,5.5096105509125954e-05,5.5096105509126774e-05,8.199278929421627e-19,2.2551405187698492e-17,0,0,7.494005416219807e-16,-1,8.798690942501963e-14,2.364948514799181e-14,False,2.4702462297909733e-14,-0.1763386818992518,-0.17630258668716506,0.15854182302736863,-0.0007437780847558653,0.0951656343750642,0.0012386079924013174,highs-ipm,0.0,509,32,True,170,127,0.013139324711902522,0.00022762971557172075,5319170,0.0955893999998807,0,0.17658714461453537,0.16178988101244596,0.046061807304479827,3.6095212086750816e-05,2.220446049250313e-16,127,127,127,0.045314604539119334,22.065255388430348,0.04335020704996139
0.6511205089524141,127,1.5777353476956415,0.012423112973981429,0.015861656552423026,0.01823384276095151,0.028284769526404456,0.03065695573493294,False,4.044901991678061e-05,4.044901991678055e-05,6.098637220230962e-20,1.734723475976807e-17,0,0,9.159339953157541e-16,-1,3.7196200980416094e-13,3.145747551336342e-14,False,3.282096816548119e-14,-0.10981319028575529,-0.1074410040772268,0.1256748468381783,-0.00046014044209344773,0.08945405000002893,0.000981834740923268,highs-ipm,0.0,509,32,True,171,127,0.012423112973981429,0.00019470328825845997,5319171,0.08714940000027127,0,0.08333101790576226,0.08847672895333632,0.05783225470132094,0.0023721862085284845,4.440892098500626e-16,127,127,127,0.043385131871558714,21.16479471296685,0.04158112910209597
1.448016178531712,127,1.9207068508311378,0.015123675990796361,-0.04836505442878686,-0.052461495417993054,-0.03324137843799049,-0.03733781942719669,False,8.995390936077929e-05,8.99539093607789e-05,3.9302328752599536e-19,0.0,0,0,9.159339953157541e-16,-1,5.499333627367875e-14,1.2229366824767496e-14,False,1.2871648191747909e-14,-0.18284369016517282,-0.18694013115437902,0.13447863573638597,-0.0008201887966825719,0.09450826562502357,0.0010506143416905154,highs-ipm,0.0,509,32,True,172,127,0.015123675990796361,0.0003185027580979217,5319172,0.08218390000001818,0,0.1610630814777164,0.1333395989768876,0.0449363889417637,0.004096440989206196,4.440892098500626e-16,127,127,127,0.0515033407113574,24.931162276998517,0.04898067244989886
0.581116631474689,127,1.5235740700063,0.011996646220522048,0.01365040222123877,0.01409958819535706,0.025647048441760818,0.02609623441587911,False,3.610022703525345e-05,3.610022703525374e-05,2.913793338554793e-19,3.469446951953614e-17,0,0,3.885780586188048e-16,-1,5.781340033442217e-14,1.2934098236883074e-14,False,1.354472090042691e-14,-0.11682373485199342,-0.11637454887787513,0.1304741370732322,-0.0004906883085894534,0.09106888437500515,0.0010193291958846265,highs-ipm,0.0,509,32,True,173,127,0.011996646220522048,0.00017994882375040307,5319173,0.07731349999994563,0,0.09890994554330974,0.10326082593396026,0.03329554083794088,0.00044918597411829075,6.661338147750939e-16,127,127,127,0.048124602068961894,23.37071604344415,0.04591496275725766
0.6604182517123824,127,1.5198791434472207,0.011967552310608037,0.09880351522302756,0.09822351006127703,0.1107710675336356,0.11019106237188506,False,4.102661588696479e-05,4.102661588697068e-05,5.888573049311896e-18,0.0,0,0,7.771561172376096e-16,-1,5.855906037854908e-14,3.860496991525686e-14,False,4.043293477806742e-14,-0.07305289584314333,-0.07363290100489386,0.1718564110661709,-0.00032865513543733736,0.09044228750008187,0.00134262821145446,highs-ipm,0.0,509,32,True,174,127,0.011967552310608037,0.00018416832180533446,5319174,0.08153550000042742,0,0.07723403923474367,0.09974822268263382,0.07118375230753192,0.0005800051617505381,0.0,127,127,127,0.047798394560504866,23.219526731095865,0.04561793070942213
0.832778453693527,127,1.653633146477241,0.013020733436828668,-0.01422234387898827,-0.015360195654709224,-0.0012016104421596011,-0.002339462217880556,False,5.173400591222462e-05,5.173400591222506e-05,4.404571325722362e-19,1.0408340855860843e-17,0,0,4.996003610813204e-16,-1,3.781687114878026e-13,4.3076653355456074e-14,False,4.488770466437586e-14,-0.13887238226349646,-0.14001023403921742,0.1246500383845082,-0.0005986489826279181,0.09319665937493937,0.0009738284248789703,highs-ipm,0.0,509,32,True,175,127,0.013020733436828668,0.00022117186662668156,5319175,0.10296610000023065,0,0.1279017160615918,0.12751089434571256,0.04681990698372306,0.001137851775720955,4.440892098500626e-16,127,127,127,0.04418372398760761,21.537891266689748,0.04231412822532367
0.791649609346091,127,1.6227765463287525,0.01277776808132876,-0.004374455593777027,-0.004771154419561191,0.008403312487551733,0.008006613661767569,False,4.9178992790553166e-05,4.917899279055239e-05,7.724940478959219e-19,1.9081958235744878e-17,0,0,4.163336342344337e-16,-1,1.4500727008037728e-13,1.9227891848161427e-14,False,2.0122792321330962e-14,-0.14590858370222143,-0.1463052825280056,0.1415341281084444,-0.0006206840026655743,0.09469508437487661,0.0011057353758472219,highs-ipm,0.0,509,32,True,176,127,0.01277776808132876,0.0002123537310844296,5319176,0.08624559999952908,0,0.15018794224252136,0.14538784748199243,0.05185834470751204,0.00039669882578416416,1.1102230246251565e-16,127,127,127,0.04577584992549703,22.280020726944418,0.04377214288201261
0.9268022864082692,127,1.6969095258596392,0.013361492329603458,-0.024017000302966288,-0.017369050936667838,-0.01065550797336283,-0.004007558607064379,False,5.757497057213135e-05,5.757497057213044e-05,9.147955830346444e-19,2.2551405187698492e-17,0,0,1.1379786002407855e-15,-1,8.2671005186951e-14,2.3982118374510364e-14,False,2.5042468099201187e-14,-0.14778772578212626,-0.1411397764158278,0.12377072547915997,-0.0006089022221964579,0.08857510312506633,0.0009669587928059373,highs-ipm,0.0,509,32,True,177,127,0.013361492329603458,0.0002359913339550781,5319177,0.0882765999995172,0,0.1455137894274318,0.1258920951824871,0.053209146569558684,0.00664794936629845,0.0,127,127,127,0.04464569245471758,21.75345920974665,0.04273764088358871
0.47541324163155924,127,1.5100700100748292,0.011890315039959284,-0.0033794201889393305,-0.005876642280042671,0.008510894851019954,0.006013672759916613,False,2.9533702924509804e-05,2.953370292450968e-05,1.2536087619363645e-19,4.423544863740858e-17,0,0,1.096345236817342e-15,-1,1.7850217831627546e-13,1.7578820343810975e-14,False,1.8381129951450248e-14,-0.139709687731135,-0.14220690982223835,0.13633026754219568,-0.0005850294444176283,0.08935593750007342,0.0010650802151734038,highs-ipm,0.0,509,32,True,178,127,0.011890315039959284,0.0001708552716819985,5319178,0.08704779999970924,0,0.12146589525225357,0.12635502095299694,0.03647169890775876,0.0024972220911033405,2.220446049250313e-16,127,127,127,0.04353512237479691,21.234912763015608,0.04171888558549235
0.5190772294957257,127,1.5202101897183664,0.011970158974160365,0.020100532193636833,0.020525096344588573,0.0320706911677972,0.03249525531874894,False,3.224620466647643e-05,3.2246204666476484e-05,5.421010862427522e-20,6.938893903907228e-18,0,0,4.440892098500626e-16,-1,7.535042468448383e-14,2.0688854275585644e-14,False,2.168404344971009e-14,-0.13523651156678745,-0.13481194741583571,0.1553370437604243,-0.0005588553742595847,0.09107104375001995,0.0012135706543783147,highs-ipm,0.0,509,32,True,179,127,0.011970158974160365,0.0001754675584611121,5319179,0.0780217999999877,0,0.14398656835182239,0.15310770253931624,0.044587273403018914,0.0004245641509517395,0.0,127,127,127,0.04671021643261572,22.714500910512513,0.0446257385275295
0.7611378791759819,127,1.5725522585189433,0.012382301248180657,0.02317451013148053,0.018457621190982876,0.035556811379661185,0.03083992243916353,False,4.728353785652824e-05,4.7283537856515945e-05,1.2292142130554407e-17,0.0,0,0,5.134781488891349e-16,-1,1.1544372228999844e-12,1.5132632560227455e-13,False,1.5828310884202779e-13,-0.13026499558202032,-0.13498188452251797,0.15343950571350085,-0.0005745565242726017,0.08355409999990115,0.0011987461383867254,highs-ipm,0.0,509,32,True,180,127,0.012382301248180657,0.00020051202709089292,5319180,0.10323680000055901,0,0.11640804328625275,0.12108433778392028,0.04493092947899619,0.004716888940497654,0.0,127,127,127,0.045815893654766154,22.298656973723734,0.04380875633344545
0.8145736865689434,127,1.6537193210672059,0.013021411976907133,-0.0010278133479730278,0.008054569370424813,0.011993598628934106,0.02107598134733195,False,5.060308624700553e-05,5.060308624700461e-05,9.215718466126788e-19,1.3877787807814457e-17,0,0,5.273559366969494e-16,-1,9.074078294313281e-14,1.870324641689569e-14,False,1.9546864127306662e-14,-0.11674571428226099,-0.10766333156386315,0.11571790093428796,-0.00047116297516834507,0.09235686874998805,0.0009040461010491247,highs-ipm,0.0,509,32,True,181,127,0.013021411976907133,0.00022006083944695417,5319181,0.0912904000006165,0,0.0999782037171379,0.09037915201269667,0.04421229801239654,0.009082382718397843,8.881784197001252e-16,127,127,127,0.04615534714813689,22.456580432767247,0.04411901853195923
0.5601042040596143,127,1.5519799023101344,0.01222031419141838,0.04112802868834391,0.03812325998558079,0.053348342879762284,0.05034357417699917,False,3.479488941598556e-05,3.479488941598613e-05,5.692061405548898e-19,0.0,0,0,7.355227538141662e-16,-1,4.7750432080606586e-14,1.3765464462744958e-14,False,1.4432899320127035e-14,-0.09256585735233751,-0.09557062605510062,0.13369388604068141,-0.0004081176474437229,0.0904181187501365,0.0010444834846928236,highs-ipm,0.0,509,32,True,182,127,0.01222031419141838,0.00018406260904173775,5319182,0.10381719999986672,0,0.08196311416564322,0.08505000876221162,0.03742416235535354,0.0030047687027631165,2.220446049250313e-16,127,127,127,0.04960777218590498,24.056944614691105,0.04726315248465836
1.4629375842617796,127,1.786084002301425,0.014063653561428543,-0.03915518011903635,-0.05157679496816961,-0.025091526557607803,-0.037513141406741064,False,9.088085948639079e-05,9.08808594863907e-05,8.131516293641283e-20,6.938893903907228e-18,0,0,7.771561172376096e-16,-1,9.260214123285593e-14,1.10996281610376e-14,False,1.1594891713428979e-14,-0.2150679129641506,-0.22748952781328385,0.17591273284511424,-0.0009795118275070307,0.08970986250005808,0.001374318225352455,highs-ipm,0.0,509,32,True,183,127,0.014063653561428543,0.00028848866312473535,5319183,0.08677860000079818,0,0.22875444783190457,0.2027761597545974,0.051399427248161336,0.012421614849133261,2.220446049250313e-16,127,127,127,0.044969592251508116,21.904486624055252,0.04303435486061936
0.4717898053934566,127,1.4794427374911896,0.011649155413316454,0.009407463695809137,0.009838462026300676,0.02105661910912559,0.021487617439617128,False,2.9308607197149004e-05,2.930860719714885e-05,1.5246593050577406e-19,1.3877787807814457e-17,0,0,6.106226635438361e-16,-1,8.761828068637456e-14,1.3786714825325674e-14,False,1.4425960426223128e-14,-0.14304204112440067,-0.14261104279390913,0.1524495048202098,-0.0005863829931108563,0.08556187812499161,0.001191011756407889,highs-ipm,0.0,509,32,True,184,127,0.011649155413316454,0.00016495384828004722,5319184,0.08575049999944895,0,0.10197113965826826,0.13489060403373404,0.05170947386171066,0.0004309983304915388,2.220446049250313e-16,127,127,127,0.04562241618645302,22.208599853471128,0.04363182682410831
0.5197569122942796,127,1.5861023144716753,0.012488994602139175,-0.04440271707672294,-0.046584567655033465,-0.03191372247458377,-0.03409557305289429,False,3.228842803784592e-05,3.2288428037845985e-05,6.776263578034403e-20,4.163336342344337e-17,0,0,1.1310397063368782e-15,-1,3.2980562725271056e-14,6.523427631410783e-15,False,6.83481049534862e-15,-0.19878218752581142,-0.20096403810412194,0.15437947044908848,-0.0008173042018820723,0.09220254687491547,0.0012060896128835037,highs-ipm,0.0,509,32,True,185,127,0.012488994602139175,0.0001881999791844928,5319185,0.11940040000081353,0,0.11788450555989026,0.10213962226274073,0.038429351475708966,0.0021818505783105235,0.0,127,127,127,0.048856697047572555,23.70968204447333,0.04658090774945644
0.7238040715730648,127,1.610454772302286,0.012680746238600677,-0.0007009742403046859,-0.0005811734072112551,0.011979771998295991,0.012099572831389422,False,4.49642806582912e-05,4.4964280658291195e-05,6.776263578034403e-21,2.2551405187698492e-17,0,0,8.881784197001252e-16,-1,7.112713196200104e-14,1.577210584358113e-14,False,1.6535384173010925e-14,-0.1410482916199578,-0.14092849078686437,0.1403473173796531,-0.0005954661977944801,0.09281944375007356,0.00109646341702854,highs-ipm,0.0,509,32,True,186,127,0.012680746238600677,0.00020567726735719961,5319186,0.11413949999951001,0,0.13782396670943065,0.14129122151316295,0.031063096828910723,0.00011980083309343081,1.1102230246251565e-16,127,127,127,0.04664386742331849,22.68367422523357,0.044565175295154365
0.840452889285593,127,1.7121856188918525,0.0134817765267075,0.03282665906995848,0.03818575241163233,0.046308435596665976,0.05166752893833983,False,5.2210758516152005e-05,5.221075851615236e-05,3.5236570605778894e-19,6.938893903907228e-18,0,0,6.106226635438361e-16,-1,1.7852819916841511e-13,7.419412306752804e-15,False,7.778500066280003e-15,-0.06680350307452616,-0.06144440973285231,0.09963016214448464,-0.0002922279840351067,0.08530683125007954,0.0007783606417537863,highs-ipm,0.0,509,32,True,187,127,0.0134817765267075,0.0002338664816681548,5319187,0.08259350000025734,0,0.07391576838974404,0.09043074056365479,0.04590264618772189,0.005359093341673851,2.220446049250313e-16,127,127,127,0.050261027582451705,24.358575980255072,0.047855748487730984
0.7095210162164173,127,1.6256054051461617,0.012800042560205997,0.006505788390175293,0.003010201855015021,0.01930583095038129,0.01581024441522102,False,4.407698624404676e-05,4.407698624404669e-05,6.776263578034403e-20,1.0408340855860843e-17,0,0,3.3306690738754696e-16,-1,6.997657661655943e-14,6.670011765130823e-14,False,6.967343368913248e-14,-0.1318496130351849,-0.13534519957034516,0.13835540142536018,-0.0005727691720657075,0.08562870625002006,0.0010809015736356264,highs-ipm,0.0,509,32,True,188,127,0.012800042560205997,0.00020783148052928475,5319188,0.07543160000022908,0,0.13650672094215602,0.12165525939171713,0.04438829198883823,0.003495586535160272,2.220446049250313e-16,127,127,127,0.043643390081471674,21.285513579245603,0.04181829779812496
1.2157592272138456,127,1.7905786477835643,0.014099044470736727,-0.062136934511050235,-0.07316045699434148,-0.04803789004031351,-0.05906141252360476,False,7.552560320162878e-05,7.552560320162872e-05,5.421010862427522e-20,4.85722573273506e-17,0,0,6.38378239159465e-16,-1,5.86917667244613e-14,1.6029712279763686e-14,False,1.6792123247455493e-14,-0.25074458374313313,-0.2617681062264244,0.1886076492320829,-0.001098057268148599,0.09285356875003004,0.0014734972596256476,highs-ipm,0.0,509,32,True,189,127,0.014099044470736727,0.000274160277829516,5319189,0.08392129999992903,0,0.2300052335321444,0.20385016641697654,0.06825830144578925,0.011023522483291248,2.220446049250313e-16,127,127,127,0.046884189546217925,22.79531271684314,0.044784504355291035
0.3792941817253728,127,1.4144629055944657,0.01113750319365721,0.047770598081582905,0.04772266505205944,0.05890810127524011,0.058860168245716646,False,2.3562578201709946e-05,2.3562578201710173e-05,2.270048298641525e-19,6.938893903907228e-18,0,0,4.996003610813204e-16,-1,9.891198103628707e-14,2.1746927175714248e-14,False,2.2773449792623524e-14,-0.11050041767655605,-0.11054835070607952,0.15827101575813896,-0.0004553920731473333,0.08686007812485741,0.0012364923106104606,highs-ipm,0.0,509,32,True,190,127,0.01113750319365721,0.00014756026368827028,5319190,0.09084609999990789,0,0.08911335365294186,0.10617695129723193,0.04922457590363007,4.793302952346701e-05,1.1102230246251565e-16,127,127,127,0.046932445141897185,22.817723042280818,0.04482853249956939
0.783869555991627,127,1.750408897087112,0.013782747221158362,-0.03729679327045779,-0.036492280328071225,-0.02351404604929943,-0.022709533106912864,False,4.8695678981877464e-05,4.8695678981877186e-05,2.778268066994105e-19,3.122502256758253e-17,0,0,1.0130785099704553e-15,-1,1.2670246796187001e-13,1.9644008641961364e-14,False,2.0643209364124004e-14,-0.15436181986824543,-0.15355730692585887,0.11706502659778764,-0.0006485289091610134,0.08492264062496702,0.000914570520295216,highs-ipm,0.0,509,32,True,191,127,0.013782747221158362,0.00023856413063384876,5319191,0.10605260000011185,0,0.13328947564695937,0.11223214668313782,0.04715356730525437,0.0008045129423865649,0.0,127,127,127,0.04955925438197837,24.03452723141472,0.047219110474292184
0.9389651522915359,127,1.7071634409009795,0.013442231818117949,-0.03472385642087972,-0.03291403496878667,-0.02128162460276177,-0.019471803150668723,False,5.8330554212320885e-05,5.8330554212321596e-05,7.115076756936123e-19,2.7755575615628914e-17,0,0,7.216449660063518e-16,-1,1.1174405584873925e-13,3.084945493503355e-14,False,3.23491233800155e-14,-0.18913470699541457,-0.18732488554332152,0.15441085057453485,-0.0007900683883659213,0.08445078124992733,0.0012063347701135535,highs-ipm,0.0,509,32,True,192,127,0.013442231818117949,0.00023890955212600956,5319192,0.08153860000038549,0,0.16268668231830843,0.1409082054089424,0.04495924856924375,0.0018098214520930467,2.220446049250313e-16,127,127,127,0.04871175741251941,23.642611373164325,0.046449138257690224
0.49837398109522074,127,1.4806965236891343,0.011659027745583734,0.045962270595666266,0.04300166890474487,0.05762129834125,0.054660696650328605,False,3.0960073918973165e-05,3.0960073918972595e-05,5.692061405548898e-19,6.938893903907228e-18,0,0,7.355227538141662e-16,-1,4.7758672017117476e-14,1.0369417997868613e-14,False,1.083855227790309e-14,-0.11366997388827821,-0.1166305755791996,0.15963224448394447,-0.00048654825977522103,0.08633810624991156,0.0012471269100308162,highs-ipm,0.0,509,32,True,193,127,0.011659027745583734,0.00016683217659869227,5319193,0.08196650000081718,0,0.09639928741305234,0.10699895630989609,0.04203615312980478,0.0029606016909213967,6.661338147750939e-16,127,127,127,0.04739616725528412,23.032974424718958,0.04525142323127496
0.4547025635709609,127,1.4887411678987872,0.011722371400777852,0.01784044270615774,0.019031021491384026,0.029562814106935592,0.030753392892161877,False,2.8247110630387568e-05,2.824711063038737e-05,1.9651164376299768e-19,1.734723475976807e-17,0,0,8.604228440844963e-16,-1,5.875334940785848e-14,1.1553529400548657e-14,False,1.2094492074510299e-14,-0.10115916419808062,-0.09996858541285433,0.11899960690423836,-0.0004187493973993496,0.08508247812486047,0.0009296844289393622,highs-ipm,0.0,509,32,True,194,127,0.011722371400777852,0.00016560560658240473,5319194,0.07963079999990441,0,0.0864409989112133,0.0897781182026949,0.04246899110167344,0.0011905787852262845,6.661338147750939e-16,127,127,127,0.045056333135556285,21.944916114893662,0.04311378411570464
0.6124914611963486,127,1.5697288512763876,0.012360069695089666,-0.012113984699735625,-0.013117955432050465,0.0002460849953540411,-0.0007578857369607995,False,3.8049299587643845e-05,3.804929958764321e-05,6.369687763352339e-19,2.0816681711721685e-17,0,0,4.510281037539698e-16,-1,6.03150342171066e-14,3.606335607746203e-14,False,3.7692071686024065e-14,-0.13609013259509106,-0.1370941033274059,0.12397614789535544,-0.0005735731407103225,0.09070355624996296,0.0009685636554324644,highs-ipm,0.0,509,32,True,195,127,0.012360069695089666,0.00019074586941074064,5319195,0.09798289999980625,0,0.11498225657076672,0.1139657331465331,0.029055903881072254,0.0010039707323148406,0.0,127,127,127,0.04477434059241161,21.813456242249366,0.04285551324606948
0.570040164647437,127,1.5600295513087923,0.01228369725439994,0.029463350982563835,0.029554473493939776,0.04174704823696378,0.04183817074833972,False,3.541213286352587e-05,3.541213286352521e-05,6.640738306473715e-19,0.0,0,0,6.106226635438361e-16,-1,8.464507306876756e-14,1.4186568586538328e-14,False,1.4828416272649747e-14,-0.11432085842358955,-0.11422973591221361,0.14378420940615338,-0.0004816220387706096,0.08957412812486609,0.0011233141359855733,highs-ipm,0.0,509,32,True,196,127,0.01228369725439994,0.0001862317791310155,5319196,0.09374889999980951,0,0.12110527634048113,0.1298737960743854,0.04292951242736996,9.112251137594063e-05,4.440892098500626e-16,127,127,127,0.04600194836408039,22.38522763168592,0.04397883621156369
0.8057544640958378,127,1.5691586097816606,0.012355579604580004,0.025207012483255575,0.024861904673703653,0.03756259208783558,0.037217484278283655,False,5.00552169961358e-05,5.005521699613567e-05,1.3552527156068805e-19,0.0,0,0,7.494005416219807e-16,-1,4.36881433807379e-14,1.2162146290073395e-14,False,1.2677359162438506e-14,-0.1239435872921758,-0.12428869510172773,0.14915059977543138,-0.0005355579322372596,0.08597756250000543,0.0011652390607455577,highs-ipm,0.0,509,32,True,197,127,0.012355579604580004,0.00020261722405280868,5319197,0.0945015000006606,0,0.13795178944975456,0.1598912956031763,0.052515648825076894,0.00034510780955192277,2.220446049250313e-16,127,127,127,0.042073849641384005,20.550932618484143,0.040375113199379455
0.5723519251037088,127,1.5282179217215177,0.012033211982059195,0.04278936928213936,0.04096658958580811,0.054822581264198554,0.0529998015678673,False,3.555574444303022e-05,3.555574444302991e-05,3.049318610115481e-19,0.0,0,0,4.0245584642661925e-16,-1,2.2128110975516702e-13,2.8150225206413637e-14,False,2.944866572818228e-14,-0.11535189424792777,-0.11717467394425903,0.15814126353006713,-0.0004932693145377917,0.08740128749991527,0.0012354786213286495,highs-ipm,0.0,509,32,True,198,127,0.012033211982059195,0.00018028408093338357,5319198,0.09515640000063286,0,0.10510759739300833,0.11982614918505961,0.05974941506394507,0.0018227796963312531,2.220446049250313e-16,127,127,127,0.045730825928191096,22.259064971895228,0.04373097243987275
0.5179752621937384,127,1.5302491370204252,0.012049205803310434,-0.009569885808388245,-0.008086647462263064,0.0024793199949221887,0.003962558341047371,False,3.217774806476754e-05,3.217774806476778e-05,2.371692252312041e-19,2.7755575615628914e-17,0,0,5.967448757360216e-16,-1,6.301903443528545e-14,2.595840209451694e-14,False,2.711025848256554e-14,-0.1295560805906211,-0.12807284224449592,0.11998619478223285,-0.00053246228808233,0.08709241249994193,0.0009373921467361942,highs-ipm,0.0,509,32,True,199,127,0.012049205803310434,0.0001772978909756026,5319199,0.08501169999999547,0,0.13150457120533213,0.12344057762934074,0.043725277561917505,0.001483238346125182,4.440892098500626e-16,127,127,127,0.04614059746819101,22.449720590279767,0.044105541434734316
