D,F,I,R0,R1_plus_R2,R1_plus_R2_bulk,R_total,R_total_bulk,ambiguous_support,audit_sub_R1,audit_sub_R2,audit_sub_R_total,audit_sub_size,bulk_gA_observed,bulk_gA_predicted,bulk_identity_error,check4_error,child_ambiguous,child_failures,delta_I_identity_error,fixed_j,fourier_resid_child_max,fourier_resid_parent,full_j,max_abs_g_on_S,mean_R1,mean_R1_bulk,mean_R2,mean_inner,mean_solve_time_child,mean_unorm,method,min_w,n,num_children,ok,parent_id,q,s2,s3,seed,solve_time_parent,solver_status,std_child_R1,std_child_R2,std_child_Rsum,subset_vs_bulk_gap,sum_w_err_parent,support_1em10,support_1em8,support_1em9,tau,theta_like_value,w0
1.5302884603448752,127,1.8366155970766134,0.014461540134461522,0.016870832943359337,0.025255173380266366,0.03133237307782086,0.039716713514727886,False,,,,,9.506484216031965e-05,9.506484216032128e-05,1.6263032587282567e-18,2.0816681711721685e-17,0,0,4.85722573273506e-16,-1,3.112458207832347e-13,3.54230533794464e-14,False,3.712308238590367e-14,-0.10227818361812349,-0.09389384318121646,0.11914901656148283,-0.00046183766708694806,0.11026878437498056,0.0009308516918865846,highs-ipm,0.0,509,32,True,0,127,0.014461540134461522,0.0003040142173581722,4819000,0.1216656999999941,0,0.1308788729797003,0.10203408535586897,0.05642282854921541,0.008384340436907028,5.551115123125783e-16,127,127,127,0.047820654777999065,23.229846797740947,0.04563820588947141
0.32526711455455976,127,1.3632432637239538,0.010734198926960266,0.04667862789308433,0.0472747043735494,0.057412826820044595,0.058008903300509666,False,,,,,2.0206299469907795e-05,2.0206299469907595e-05,1.9989977555201488e-19,0.0,0,0,4.718447854656915e-16,-1,1.780580891064254e-13,1.0351094981153608e-14,False,1.083855227790309e-14,-0.0695441760526114,-0.06894809957214633,0.11622280394569573,-0.00028953481342360417,0.10205701875000273,0.0009079906558257479,highs-ipm,0.0,509,32,True,1,127,0.010734198926960266,0.0001353896280391405,4819001,0.11131469999963883,0,0.05618778430108648,0.0836310055995231,0.03698836133701661,0.0005960764804650714,0.0,127,127,127,0.04569162350820551,22.240817314430853,0.04369512242520796
1.0310188573532024,127,1.6966341093682027,0.01335932369581262,0.002410636828508228,0.008384610213876459,0.01576996052432085,0.02174393390968908,False,,,,,6.40491302643077e-05,6.404913026430848e-05,7.724940478959219e-19,3.469446951953614e-17,0,0,5.551115123125783e-16,-1,4.268113640293336e-14,7.736693230508962e-14,False,8.110873084277159e-14,-0.15074588299210773,-0.1447719096067395,0.15315651982061596,-0.0006295644021656347,0.10572833437500151,0.0011965353110985621,highs-ipm,0.0,509,32,True,2,127,0.01335932369581262,0.00024239482661199313,4819002,0.10656849999986662,0,0.1630068884088968,0.1372958714575361,0.06819130023587452,0.005973973385368231,2.220446049250313e-16,127,127,127,0.048308791205504735,23.45604170248877,0.04608259666500741
0.6649997749187472,127,1.609330426394201,0.012671893121214181,-0.024125169063745455,-0.024523489606484344,-0.011453275942531274,-0.011851596485270163,False,,,,,4.1311230057274254e-05,4.131123005727473e-05,4.743384504624082e-19,1.3877787807814457e-17,0,0,5.134781488891349e-16,-1,9.25665794015984e-14,1.4254222802101424e-14,False,1.4883927423881005e-14,-0.17675629011837063,-0.17715461066110952,0.15263112105462517,-0.0007333214279522338,0.10556537812506406,0.0011924306332392592,highs-ipm,0.0,509,32,True,3,127,0.012671893121214181,0.00020180694378057462,4819003,0.1131852000003164,0,0.16014697748568354,0.14394265336032117,0.030297453740198266,0.00039832054273888917,0.0,127,127,127,0.04631126562150583,22.529083816510866,0.044261461329097966
1.0924277672301295,127,1.791892220011199,0.0141093875591433,-0.024728913322094925,-0.025905090455058233,-0.010619525762951625,-0.011795702895914932,False,,,,,6.786398509459846e-05,6.786398509460094e-05,2.4801124695605914e-18,1.9081958235744878e-17,0,0,7.771561172376096e-16,-1,6.923454864971035e-14,5.806986835832362e-14,False,6.112471639951877e-14,-0.18036963901813036,-0.18154581615109366,0.15564072569603543,-0.0007770273294348106,0.11150815625003929,0.0012159431695002768,highs-ipm,0.0,509,32,True,4,127,0.0141093875591433,0.0002668054743236898,4819004,0.0980189000001701,0,0.17713300413006822,0.14286550167969414,0.06507848056106971,0.0011761771329633075,2.220446049250313e-16,127,127,127,0.05258027691263115,25.42643210742085,0.049953697657015426
0.6672336143508173,127,1.6861541146024277,0.01327680405198762,-0.0298676248764769,-0.0336912934614117,-0.01659082082448928,-0.02041448940942408,False,,,,,4.145000101355135e-05,4.145000101355142e-05,7.453889935837843e-20,6.938893903907228e-18,0,0,6.38378239159465e-16,-1,1.842068164670252e-13,2.5281859938885987e-14,False,2.648575803121389e-14,-0.1971488902381663,-0.2009725588231011,0.1672812653616894,-0.0008264990589162901,0.11060272812504479,0.0013068848856381985,highs-ipm,0.0,509,32,True,5,127,0.01327680405198762,0.00021764209266175922,4819005,0.12204810000002908,0,0.14821115803064014,0.1448637640717542,0.036395890952073115,0.0038236685849347973,0.0,127,127,127,0.04929085153427159,23.910475722016518,0.04697539434580848
0.8335922360772627,127,1.6616371556786025,0.013083757131327579,-0.04532740604417099,-0.045950774402595845,-0.03224364891284341,-0.03286701727126827,False,,,,,5.1784559841022246e-05,5.1784559841021765e-05,4.811147140404426e-19,2.7755575615628914e-17,0,0,7.979727989493313e-16,-1,6.81913293193448e-14,3.840244094943657e-14,False,4.008599008287206e-14,-0.20657381449667375,-0.2071971828550986,0.16124640845250277,-0.0008611485553687507,0.10755576875000372,0.0012597375660351779,highs-ipm,0.0,509,32,True,6,127,0.013083757131327579,0.00022286752267399956,4819006,0.11317659999986063,0,0.15425310137534134,0.1369079623774278,0.043748039349702006,0.0006233683584248584,0.0,127,127,127,0.043814302453539226,21.365371116711746,0.041975188834404216
1.6471084841646872,127,1.9096826421819268,0.015036871198282889,-0.04444744518038124,-0.05264714180497926,-0.02941057398209835,-0.03761027060669637,False,,,,,0.0001023219557133396,0.00010232195571333898,6.2341624917916505e-19,4.85722573273506e-17,0,0,6.071532165918825e-16,-1,3.963929878780803e-14,3.063174713879846e-14,False,3.204381204824358e-14,-0.23563395825630257,-0.24383365488090059,0.19118651307592133,-0.001054797170091857,0.1088976499999319,0.0014936446334056354,highs-ipm,0.0,509,32,True,7,127,0.015036871198282889,0.0003282284256938206,4819007,0.10593669999980193,0,0.2848055402809309,0.22745136484968526,0.10603529647645106,0.008199696624598019,0.0,127,127,127,0.04672264420945412,22.72027459630776,0.04463708172162625
1.1716865389934872,127,1.6936935509956559,0.01333616969287918,0.02378199461526781,0.022609854581154026,0.03711816430814699,0.035946024274033206,False,,,,,7.278771210604826e-05,7.278771210604718e-05,1.0842021724855044e-18,2.0816681711721685e-17,0,0,6.661338147750939e-16,-1,6.995792833919268e-14,2.398168469364137e-14,False,2.5139612613855888e-14,-0.14607260375163827,-0.14724474378575206,0.16985459836690608,-0.0006479624925191411,0.1223754218749491,0.0013269890497414538,highs-ipm,0.0,509,32,True,8,127,0.01333616969287918,0.00025049813278428675,4819008,0.1311118999997234,0,0.13841474427527986,0.17402667677387038,0.07537978455361191,0.0011721400341137833,2.220446049250313e-16,127,127,127,0.04835013725159082,23.47519114709057,0.046120218363635695
1.0196131086857654,127,1.6507916367814832,0.012998359344736088,-0.00716776728926663,-0.009550139932384738,0.005830592055469458,0.00344821941235135,False,,,,,6.334058038963505e-05,6.334058038963594e-05,8.944667923005412e-19,1.734723475976807e-17,0,0,7.494005416219807e-16,-1,4.0596432465678234e-14,2.1724809451395544e-14,False,2.2766510898719616e-14,-0.13552200500314562,-0.13790437764626373,0.128354237713879,-0.0006020295555703536,0.12055787500000292,0.0010027674821396796,highs-ipm,0.0,509,32,True,9,127,0.012998359344736088,0.00023217348482568376,4819009,0.11354010000013659,0,0.12999075684577568,0.12928391915676316,0.04588478768220958,0.002382372643118108,8.881784197001252e-16,127,127,127,0.04785505102887471,23.245792392545344,0.04566953318771187
0.5739621609382527,127,1.6001572271314939,0.012599663205759795,-0.00760713880658162,-0.006803340677209363,0.004992524399178175,0.005796322528550432,False,,,,,3.5655775789679564e-05,3.565577578968028e-05,7.182839392716467e-19,5.204170427930421e-18,0,0,6.522560269672795e-16,-1,1.3268813131572799e-13,4.333946396206656e-14,False,4.535954944984155e-14,-0.19892043076376179,-0.19811663263438953,0.19131329195718016,-0.0008095488720177644,0.11417104687495794,0.00149463509341547,highs-ipm,0.0,509,32,True,10,127,0.012599663205759795,0.00019433723804819917,4819010,0.12430840000024546,0,0.13964239797553385,0.13989624784643867,0.04008634678096443,0.0008037981293722574,2.220446049250313e-16,127,127,127,0.04589512116817334,22.335525046247913,0.043881188695968396
0.9365568751142317,127,1.7197325656566425,0.013541201304383011,-0.06684181639020403,-0.07892201860767584,-0.053300615085821026,-0.06538081730329283,False,,,,,5.8180946804521844e-05,5.818094680452141e-05,4.336808689942018e-19,5.551115123125783e-17,0,0,8.205242041370298e-16,-1,3.7225431070986303e-14,9.503899403573435e-15,False,9.901801600875615e-15,-0.2544395095052566,-0.2665197117227284,0.1875976931150526,-0.0010992735707214293,0.12151879062506055,0.0014656069774613483,highs-ipm,0.0,509,32,True,11,127,0.013541201304383011,0.00024143077515619132,4819011,0.1345369999999093,0,0.17272924763419062,0.15165925282528317,0.03961443096891024,0.012080202217471803,0.0,127,127,127,0.047227538028064564,22.954721856866076,0.045097685376947104
0.7868278889729704,127,1.6541848051447854,0.013025077205864452,-0.012325476837859312,-0.015976921669263344,0.0006996003680051401,-0.0029518444633988925,False,,,,,4.8879457050663515e-05,4.88794570506641e-05,5.827586677109586e-19,1.3877787807814457e-17,0,0,8.187894806610529e-16,-1,1.663599813461758e-13,2.141689603440966e-14,False,2.245426067304379e-14,-0.17467074511263203,-0.17832218994403606,0.16234526827477272,-0.0007454505115195549,0.11958133125003201,0.0012683224083966619,highs-ipm,0.0,509,32,True,12,127,0.013025077205864452,0.00021843606290190726,4819012,0.13125089999994088,0,0.11869470669926577,0.12411093838742038,0.057144499972034385,0.0036514448314040326,3.3306690738754696e-16,127,127,127,0.04660362279268918,22.664974098009107,0.04452843634186465
1.6581200863918457,127,1.8505638568617644,0.014571368951667435,0.061068089974785716,0.07393614948897774,0.07563945892645316,0.08850751844064518,False,,,,,0.0001030060203552574,0.00010300602035525699,4.2012834183813297e-19,1.3877787807814457e-17,0,0,6.661338147750939e-16,-1,5.983581685686801e-14,1.0831613383999183e-14,False,1.1352030426792226e-14,-0.06178633241151127,-0.048918272897319245,0.12285442238629699,-0.0002940930238604103,0.12666064062496218,0.0009598001748929452,highs-ipm,0.0,509,32,True,13,127,0.014571368951667435,0.0003151284440892141,4819013,0.13754990000006728,0,0.13242140527653848,0.1309453570115824,0.13597743280998123,0.012868059514192023,2.220446049250313e-16,127,127,127,0.046596771300586495,22.661790330697187,0.04452218139626166
1.0592655663243815,127,1.745027294710264,0.013740372399293418,-0.001014652648418532,0.001248515033370659,0.012725719750874886,0.014988887432664078,False,,,,,6.580387716299994e-05,6.580387716300006e-05,1.2197274440461925e-19,2.42861286636753e-17,0,0,6.106226635438361e-16,-1,4.504556450068975e-14,4.717379915517017e-14,False,4.9453496853146817e-14,-0.12194616134539897,-0.11968299366360978,0.12093150869698044,-0.0005333155711614758,0.11853032499995209,0.0009447774116951597,highs-ipm,0.0,509,32,True,14,127,0.013740372399293418,0.00025447243013256894,4819014,0.12031449999994948,0,0.1148333410392389,0.12228495683716399,0.037706194979189554,0.002263167681789191,4.440892098500626e-16,127,127,127,0.04804682152081699,23.334675180454322,0.04584415556081399
0.6672797683022016,127,1.558824065361633,0.012274205239067977,0.0049403674265470765,0.0035247450164401645,0.017214572665615054,0.01579895025550814,False,,,,,4.145286819723432e-05,4.1452868197234187e-05,1.3552527156068805e-19,2.42861286636753e-17,0,0,6.869504964868156e-16,-1,1.073537959916937e-13,1.1401470045857565e-14,False,1.1907141939104804e-14,-0.1227910476704907,-0.12420667008059762,0.12773141509703778,-0.0005266351731995686,0.11842847187499217,0.0009979016804456077,highs-ipm,0.0,509,32,True,15,127,0.012274205239067977,0.00019202754262835704,4819015,0.12085830000023634,0,0.1119304502208647,0.12549190265346563,0.04682471341944961,0.001415622410106912,0.0,127,127,127,0.045590008710515204,22.193512027023324,0.04360218472892598
0.8533633712462244,127,1.5510734592194264,0.012213176844247452,0.048361185908509116,0.0440639828723135,0.06057436275275657,0.05627715971656096,False,,,,,5.301278569050844e-05,5.301278569050908e-05,6.369687763352339e-19,1.3877787807814457e-17,0,0,4.996003610813204e-16,-1,1.1657341758564144e-13,2.7691390847017772e-14,False,2.899763762442831e-14,-0.1024350753612565,-0.10673227839745211,0.1507962612697656,-0.0004699357481805564,0.09667796562493436,0.0011780957911700439,highs-ipm,0.0,509,32,True,16,127,0.012213176844247452,0.00020207032346339774,4819016,0.10011829999984911,0,0.10345643163344871,0.1348686801949506,0.0682178090372672,0.004297203036195615,6.661338147750939e-16,127,127,127,0.04697501113912219,22.837489353063454,0.04486736611603822
0.9643632968425244,127,1.6110583867080652,0.012685499107937521,0.01011867087884355,0.011088262142185223,0.022804169986781073,0.023773761250122746,False,,,,,5.99083421036063e-05,5.990834210360623e-05,6.776263578034403e-20,6.938893903907228e-18,0,0,4.440892098500626e-16,-1,7.003750877865311e-14,2.4694656042267837e-14,False,2.583350200424661e-14,-0.13245920276597895,-0.13148961150263727,0.1425778736448225,-0.000573539637035783,0.09408781874999761,0.0011138896378501757,highs-ipm,0.0,509,32,True,17,127,0.012685499107937521,0.00022071253160300814,4819017,0.10876819999975851,0,0.1754681217737978,0.14173267988434649,0.05614796765176758,0.0009695912633416737,2.220446049250313e-16,127,127,127,0.04538332035265482,22.0972628984635,0.04341309017379863
1.2110026912180056,127,1.7779482736405245,0.013999592705830902,-0.034387250634489414,-0.03710673572348225,-0.02038765792865851,-0.023107143017651346,False,,,,,7.523011685680365e-05,7.523011685680423e-05,5.827586677109586e-19,1.734723475976807e-17,0,0,3.608224830031759e-16,-1,8.305856002976952e-14,2.0886070650760757e-14,False,2.1885271372923398e-14,-0.20835021958415909,-0.21106970467315192,0.17396296894966967,-0.0008997211507363039,0.09205664062494634,0.0013590856949192943,highs-ipm,0.0,509,32,True,18,127,0.013999592705830902,0.0002710709129493042,4819018,0.10284860000001572,0,0.17077517542704462,0.12872685096973094,0.07223174953208013,0.0027194850889928346,5.551115123125783e-16,127,127,127,0.047085766812470634,22.888913274512973,0.04496839543126321
0.9055000149853473,127,1.7100983669183618,0.013465341471798125,-0.0461157796030055,-0.045937796833936284,-0.032650438131207375,-0.03247245536213816,False,,,,,5.6251627213702566e-05,5.625162721370244e-05,1.2874900798265365e-19,4.163336342344337e-17,0,0,6.661338147750939e-16,-1,2.0077689510955565e-14,1.3308798507694064e-14,False,1.3912482277333993e-14,-0.22151546548863987,-0.22133748271957066,0.17539968588563437,-0.0009208511690870253,0.10139404375006222,0.0013703100459815185,highs-ipm,0.0,509,32,True,19,127,0.013465341471798125,0.00023745653416344447,4819019,0.11732299999994211,0,0.182075002516894,0.15839226472833176,0.05448827077963907,0.00017798276906921817,5.551115123125783e-16,127,127,127,0.04609040868594979,22.42637713371049,0.044059680026936124
0.644174432128502,127,1.544366920990745,0.01216036945662004,0.0059392134067950825,0.007073361441772424,0.01809958286341512,0.019233730898392462,False,,,,,4.001751454115442e-05,4.001751454115362e-05,7.995991022080595e-19,6.938893903907228e-18,0,0,5.360295540768334e-16,-1,4.164897593472716e-14,1.3595027881230237e-14,False,1.4210854715202004e-14,-0.11864486344020087,-0.11751071540522352,0.12458407684699595,-0.000499043746592808,0.08923155624999879,0.0009733131003671558,highs-ipm,0.0,509,32,True,20,127,0.01216036945662004,0.00018781347999125402,4819020,0.09305010000025504,0,0.11369083957944405,0.12594720372982143,0.030643273589404295,0.001134148034977342,6.661338147750939e-16,127,127,127,0.047093554780423874,22.89252882304524,0.04497549867002994
0.8386806703055482,127,1.6887982474296637,0.013297623995509163,-0.005270456822599107,-0.014809378088002978,0.008027167172910056,-0.0015117540924938153,False,,,,,5.210066442475835e-05,5.210066442475895e-05,6.030874584450618e-19,3.9898639947466563e-17,0,0,7.494005416219807e-16,-1,5.2676613071511724e-14,3.7799624541534627e-14,False,3.960720640350246e-14,-0.20625749637506754,-0.21579641764047142,0.20098703955246844,-0.0008950554208328504,0.0934027968749831,0.0015702112465036597,highs-ipm,0.0,509,32,True,21,127,0.013297623995509163,0.00022882510948149618,4819021,0.11490749999984473,0,0.17569964893485474,0.17645618524439624,0.04068641593751039,0.009538921265403871,5.551115123125783e-16,127,127,127,0.04791869593807867,23.27529447372631,0.04572749405447212
0.8671773703128217,127,1.66229714502809,0.013088953897858975,0.028076615404181493,0.02537391599603875,0.04116556930204047,0.03846286989389772,False,,,,,5.387094130946563e-05,5.387094130946535e-05,2.778268066994105e-19,6.938893903907228e-18,0,0,4.562322741819003e-16,-1,4.412767894146352e-14,1.608478975012595e-14,False,1.6854573292590658e-14,-0.12726649887931565,-0.1299691982874584,0.15534311428349715,-0.0005615631221198498,0.09166168750002157,0.0012136180803398215,highs-ipm,0.0,509,32,True,22,127,0.013088953897858975,0.00022508581862988158,4819022,0.09649699999999939,0,0.13082940829555184,0.11841312180824454,0.058939102421023015,0.0027026994081427447,2.220446049250313e-16,127,127,127,0.04841290873925776,23.504260909869007,0.04617732988186445
0.9139957624444475,127,1.6867492118735214,0.013281489857271822,0.017862216751522886,0.021367675698830912,0.03114370660879471,0.034649165556102736,False,,,,,5.677940149427888e-05,5.6779401494279114e-05,2.303929616531697e-19,1.3877787807814457e-17,1,0,6.38378239159465e-16,-1,8.0554486692197e-14,1.0929625260391873e-14,False,1.1469991623158649e-14,-0.1293209769830614,-0.12581551803575336,0.14718319373458427,-0.0005482462688214406,0.09334974999995893,0.0011498687010514396,highs-ipm,0.0,509,32,True,23,127,0.013281489857271822,0.00023306582343607122,4819023,0.08646389999967141,0,0.163414381496699,0.13201808850747573,0.07146524130837908,0.0035054589473080267,7.771561172376096e-16,127,127,127,0.045833638697818625,22.306915013976152,0.043824980381092636
0.4591804748274813,127,1.445312405922506,0.011380412645059103,0.01950553773357666,0.02377166318968746,0.030885950378635764,0.03515207583474656,False,,,,,2.8525288201379268e-05,2.8525288201374938e-05,4.330032426363983e-18,6.938893903907228e-18,0,0,6.106226635438361e-16,-1,1.6771258860848182e-12,1.5758054583425718e-13,False,1.645419911433521e-13,-0.10104760096283812,-0.09678147550672732,0.12055313869641478,-0.0004065779268995285,0.11742697187504803,0.0009418213960657404,highs-ipm,0.0,509,32,True,24,127,0.011380412645059103,0.00015798303834961772,4819024,0.1346548999999868,0,0.05717555896555159,0.07336081260624462,0.04694281727415651,0.0042661254561107975,0.0,127,127,127,0.043863426050291685,21.388318914550048,0.04202027291660127
1.112800957320324,127,1.726839272299609,0.013597159624406371,-0.006286033577652839,-0.006417497021923985,0.007311126046753533,0.007179662602482387,False,,,,,6.912961190315225e-05,6.912961190315054e-05,1.7076184216646695e-18,2.7755575615628914e-17,0,0,1.0651202142497596e-15,-1,5.735039179666224e-14,2.2914612915481136e-14,False,2.4015511801422917e-14,-0.1536193630976339,-0.15375082654190506,0.14733332951998107,-0.0006697187780824672,0.1219745937499539,0.0011510416368748521,highs-ipm,0.0,509,32,True,25,127,0.013597159624406371,0.0002538765471930416,4819025,0.1188161999998556,0,0.15156724722495188,0.13637723216514572,0.05091791018793333,0.00013146344427114598,1.1102230246251565e-16,127,127,127,0.048886096786798894,23.723284483137224,0.04660763159751911
0.7559503618959202,127,1.6562472857511807,0.013041317210639218,-0.05794875406924971,-0.06205949347260736,-0.04490743685861049,-0.049018176261968145,False,,,,,4.6961278018444875e-05,4.696127801844472e-05,1.5585406229479126e-19,2.0816681711721685e-17,0,0,1.0130785099704553e-15,-1,5.998652095884349e-14,1.3241110410813078e-14,False,1.3856971126102735e-14,-0.26374433127896,-0.2678550706823177,0.2057955772097103,-0.0010932701478712482,0.12277918750001504,0.0016077779469508618,highs-ipm,0.0,509,32,True,26,127,0.013041317210639218,0.00021694497076409409,4819026,0.12498090000008233,0,0.2002325525387947,0.18669910021807606,0.0456218990777162,0.004110739403357655,2.220446049250313e-16,127,127,127,0.04713004536629496,22.909468788141318,0.04500877954448196
0.7211116815335976,127,1.5308701857561382,0.012054095950835734,0.022130677368244117,0.021896602969411094,0.03418477331907985,0.033950698920246825,False,,,,,4.479702354254414e-05,4.479702354254565e-05,1.5111067779016718e-18,1.3877787807814457e-17,0,0,7.216449660063518e-16,-1,6.118830485693505e-14,2.7713074890467482e-14,False,2.89906987305244e-14,-0.1342268844571936,-0.13446095885602663,0.15635756182543772,-0.0005700351440738997,0.11196985624995648,0.0012215434517612322,highs-ipm,0.0,509,32,True,27,127,0.012054095950835734,0.00019001024286506484,4819027,0.07597889999988183,0,0.11908045224679603,0.11921139677584665,0.051254646012728264,0.00023407439883302295,2.220446049250313e-16,127,127,127,0.04586452845582456,22.32128956365189,0.04385322114666383
0.5783817096777718,127,1.5269742934964203,0.012023419633830081,-0.0032174093276560733,-0.0038354699687158655,0.008806010306174008,0.008187949665114215,False,,,,,3.593032775437908e-05,3.593032775437819e-05,8.876905287225068e-19,1.214306433183765e-17,0,0,5.689893001203927e-16,-1,1.233154203750253e-13,3.4760822692492255e-14,False,3.642919299551295e-14,-0.20915844391311617,-0.20977650455417596,0.2059410345854601,-0.000855369798669128,0.1209266406249867,0.001608914332698907,highs-ipm,0.0,509,32,True,28,127,0.012023419633830081,0.00018042235741066797,4819028,0.11278559999982463,0,0.14623332282395443,0.1583998075023293,0.05814138667691313,0.0006180606410597922,4.440892098500626e-16,127,127,127,0.04753115150406119,23.095595850137684,0.04537445157197973
0.5076574116684938,127,1.5107215350606142,0.011895445157957592,0.0003777850955870299,-0.0012310956115714478,0.012273230253544622,0.010664349546386145,False,,,,,3.153678078504662e-05,3.1536780785046464e-05,1.5585406229479126e-19,1.5612511283791264e-17,0,0,4.85722573273506e-16,-1,5.249229870218919e-14,1.5826315952205405e-14,False,1.652150638520311e-14,-0.11450437722877121,-0.11611325793592969,0.11488216232435824,-0.0004851041945972718,0.12142954374998283,0.0008975168931590488,highs-ipm,0.0,509,32,True,29,127,0.011895445157957592,0.0001729764379790683,4819029,0.10893269999996846,0,0.11569800495835264,0.10303244218269471,0.031053545040354215,0.0016088807071584776,2.220446049250313e-16,127,127,127,0.0455960680999304,22.196333145206975,0.043607727200799556
0.5460836062872003,127,1.4757708601897086,0.011620242993619754,0.032123594417737655,0.03454945667451466,0.04374383741135741,0.04616969966813441,False,,,,,3.39238994367977e-05,3.392389943679782e-05,1.2197274440461925e-19,2.0816681711721685e-17,0,0,5.273559366969494e-16,-1,1.9098871789635652e-13,1.2639195245967016e-14,False,1.3246348462558899e-14,-0.09853268606753357,-0.09610682381075657,0.13065628048527123,-0.00040934117994756566,0.11970650312500197,0.0010207521912911815,highs-ipm,0.0,509,32,True,30,127,0.011620242993619754,0.000168887298535078,4819030,0.12014720000024681,0,0.07535073840450916,0.07280000360401173,0.04159781495392461,0.0024258622567770033,0.0,127,127,127,0.045342959405645256,22.078463464847818,0.043376156119543846
0.7338951515064305,127,1.5578224983082432,0.012266318884316875,-0.0008819412329108545,-0.00678687111855697,0.01138437765140602,0.005479447765759905,False,,,,,4.55911604564152e-05,4.559116045641527e-05,6.776263578034403e-20,1.9081958235744878e-17,0,0,8.153200337090993e-16,-1,1.0382710316503285e-13,2.2692785150990602e-14,False,2.373101715136272e-14,-0.1567019892179577,-0.1626069191036038,0.15582004798504684,-0.0006807744382048677,0.11721150000002467,0.0012173441248831784,highs-ipm,0.0,509,32,True,31,127,0.012266318884316875,0.00019596416936832828,4819031,0.12391810000008263,0,0.16741571230079688,0.1619227005803599,0.03924767419549213,0.005904929885646115,0.0,127,127,127,0.04456507257261554,21.715853358560775,0.042663759054146905
0.5288971680692487,127,1.5398487422844567,0.012124793246334304,0.017905285618446926,0.018209042223546773,0.030030078864781228,0.030333835469881075,False,,,,,3.2856240574546976e-05,3.28562405745468e-05,1.7618285302889447e-19,3.469446951953614e-17,0,0,4.718447854656915e-16,-1,1.1031453528431712e-13,1.7649727165891527e-14,False,1.8485213360008856e-14,-0.12618366779726373,-0.12587991119216388,0.14408895341571065,-0.0005245746436689369,0.08347170000003246,0.0011256949485602395,highs-ipm,0.0,509,32,True,32,127,0.012124793246334304,0.00017980230127002736,4819032,0.09870169999976497,0,0.09407970527089202,0.09026849596218207,0.036492701451833295,0.0003037566050998475,1.1102230246251565e-16,127,127,127,0.047091541582948995,22.891594205302063,0.04497366248585867
0.8062564326883453,127,1.6662306284030823,0.013119926207898286,-0.0015004601731816586,8.682276635474384e-06,0.011619466034716627,0.01312860848453376,False,,,,,5.008640037512401e-05,5.008640037512123e-05,2.7850443305721395e-18,0.0,0,0,8.604228440844963e-16,-1,4.162124204315498e-13,5.928851160019732e-14,False,6.202677260702671e-14,-0.1125541592798664,-0.11104501683004926,0.11105369910668474,-0.00048385599736750114,0.0914710843749873,0.0008676070242709745,highs-ipm,0.0,509,32,True,33,127,0.013119926207898286,0.00022212046250337132,4819033,0.09720819999984087,0,0.1217599888065618,0.0916681582689047,0.04609701976007506,0.001509142449817133,4.440892098500626e-16,127,127,127,0.04621330718910078,22.483534856243843,0.044171974177296354
0.7221414847080198,127,1.600911711961408,0.012605604031192189,-0.028983770912644174,-0.027875531890717786,-0.016378166881451987,-0.015269927859525597,False,,,,,4.48609971519468e-05,4.486099715194645e-05,3.5236570605778894e-19,1.3877787807814457e-17,0,0,4.85722573273506e-16,-1,9.40853298048161e-14,3.061439990403869e-14,False,3.2029934260435766e-14,-0.17505628266892503,-0.17394804364699865,0.14607251175628086,-0.000724345542648035,0.08974088124998048,0.0011411914980959442,highs-ipm,0.0,509,32,True,34,127,0.012605604031192189,0.0002036741145888292,4819034,0.08771179999985179,0,0.10437912609428746,0.09057786422900004,0.040788163457947356,0.00110823902192639,4.440892098500626e-16,127,127,127,0.0464154962069639,22.577539853893647,0.04435665983083231
1.2576760469207109,127,1.9638228485488487,0.015463172035817705,-0.05692887296769561,-0.07289881666762155,-0.0414657009318779,-0.05743564463180384,False,,,,,7.812956706370757e-05,7.812956706370853e-05,9.622294280808852e-19,0.0,0,0,4.787836793695988e-16,-1,3.210366000816478e-14,1.351176115438335e-14,False,1.4155343563970746e-14,-0.24301298707408464,-0.2589829307740106,0.18608411410638903,-0.0010897816403996874,0.09212047812503954,0.0014537821414561643,highs-ipm,0.0,509,32,True,35,127,0.015463172035817705,0.00031708576027052047,4819035,0.12202499999966676,0,0.2953874066977956,0.2390705161680652,0.0860892451209974,0.015969943699925937,2.220446049250313e-16,127,127,127,0.04495805868511896,21.89911038106187,0.0430237924971746
0.7167035694492682,127,1.631057340258302,0.012842971183136235,-0.012154605471410979,-0.021779159347544985,0.0006883657117252567,-0.00893618816440875,False,,,,,4.4523182047699324e-05,4.452318204770269e-05,3.367802998283098e-18,2.2551405187698492e-17,0,0,6.38378239159465e-16,-1,6.022786436243877e-14,3.1894625829309575e-14,False,3.3362201889985954e-14,-0.16060975168184335,-0.17023430555797736,0.14845514621043238,-0.0007095009381335518,0.09023659062502531,0.001159805829769003,highs-ipm,0.0,509,32,True,36,127,0.012842971183136235,0.00020937761898814274,4819036,0.09444880000000921,0,0.15838757280684526,0.13348767073704473,0.05101562731009259,0.009624553876134007,6.661338147750939e-16,127,127,127,0.045498260221869744,22.150791956379834,0.043518255317052716
0.6461033093053874,127,1.5476612301690418,0.012186308898968833,0.026167331757716378,0.02225254191271489,0.038353640656685214,0.03443885081168373,False,,,,,4.01373405799164e-05,4.013734057991623e-05,1.6940658945086007e-19,3.469446951953614e-17,0,0,5.689893001203927e-16,-1,2.0129270429311563e-13,1.1435297153639112e-14,False,1.1955714196432154e-14,-0.11797637068818898,-0.12189116053319046,0.14414370244590535,-0.0005162746864126915,0.09371982812500335,0.0011261226753586356,highs-ipm,0.0,509,32,True,37,127,0.012186308898968833,0.00018856460987499158,4819037,0.10696450000023106,0,0.10584769635513337,0.1304587961914186,0.04808530789165794,0.003914789845001487,4.440892098500626e-16,127,127,127,0.04401529829262893,21.459251476091424,0.04215962961904013
0.5630974826688455,127,1.5263789171983722,0.012018731631483245,0.04189777611734405,0.04789958507927097,0.053916507748827294,0.05991831671075422,False,,,,,3.4980838383060716e-05,3.498083838306147e-05,7.521652571618187e-19,6.938893903907228e-18,0,0,5.898059818321144e-16,-1,4.5472306475780044e-14,2.1224341728576235e-14,False,2.2211399386407038e-14,-0.06721399440193673,-0.06121218544000981,0.10911177051928078,-0.0002740909377580998,0.09087406562497335,0.0008524357071818811,highs-ipm,0.0,509,32,True,38,127,0.012018731631483245,0.00017936202377931185,4819038,0.08602220000011584,0,0.06929093860489419,0.09392660224293646,0.04344836296708621,0.006001808961926924,0.0,127,127,127,0.04658557037631405,22.656585369333786,0.04451195553896618
0.9764004993333748,127,1.6083384001264804,0.012664081890759689,0.012181575767727298,0.0072416308572382515,0.024845657658486987,0.01990571274799794,False,,,,,6.0656119260983233e-05,6.0656119260983884e-05,6.505213034913027e-19,3.469446951953614e-18,0,0,8.604228440844963e-16,-1,7.938571675025763e-14,2.1560878082915735e-14,False,2.2565282975506307e-14,-0.1347663637508554,-0.13970630866134445,0.1469479395185827,-0.0006063838874693606,0.09090844375000984,0.0011480307774889274,highs-ipm,0.0,509,32,True,39,127,0.012664081890759689,0.0002209159221684408,4819039,0.09326719999990019,0,0.09678487725377269,0.10124199641337092,0.05031982196225705,0.004939944910489047,0.0,127,127,127,0.045544481003447365,22.172314284042667,0.04356053886845317
0.6430200731343567,127,1.6078587007391116,0.012660304730229225,-0.005297804515156823,-0.004491890434124068,0.007362500215072402,0.008168414296105157,False,,,,,3.9945803253759946e-05,3.994580325376011e-05,1.6263032587282567e-19,1.0408340855860843e-17,0,0,5.273559366969494e-16,-1,9.773432063653331e-14,5.8106731232188125e-15,False,6.0923488476305465e-15,-0.15861621680760124,-0.15781030272656849,0.15331841229244442,-0.0006563922982794183,0.12140028437498529,0.001197800096034722,highs-ipm,0.0,509,32,True,40,127,0.012660304730229225,0.00020015064013124314,4819040,0.08690550000028452,0,0.11078957597051335,0.12000058599588531,0.04007710697461584,0.0008059140810327547,2.220446049250313e-16,127,127,127,0.04548124392781229,22.142867979422974,0.043502687582363406
0.5635458572987592,127,1.564614479225091,0.012319799049016464,-0.011830903252215669,-0.012065135384542763,0.0004888957968007951,0.0002546636644737005,False,,,,,3.50086923887119e-05,3.5008692388712026e-05,1.2874900798265365e-19,2.42861286636753e-17,0,0,9.020562075079397e-16,-1,6.959450377097554e-14,1.7074015812301724e-14,False,1.784683512084939e-14,-0.14244672019734458,-0.14268095232967168,0.13061581694512892,-0.000592356162426492,0.12398983750000525,0.0010204360698838197,highs-ipm,0.0,509,32,True,41,127,0.012319799049016464,0.0001867173616404961,4819041,0.12129079999976966,0,0.13107276788638048,0.11214634530783206,0.042446331875929735,0.0002342321323270946,4.440892098500626e-16,127,127,127,0.04606786410286189,22.415890625286394,0.044039077849285645
0.5189972947364403,127,1.5583832111983342,0.012270733946443577,-0.0198213224324143,-0.019867720376752773,-0.007550588485970724,-0.007596986430309196,False,,,,,3.2241238945652515e-05,3.2241238945652264e-05,2.507217523872729e-19,1.9081958235744878e-17,0,0,7.216449660063518e-16,-1,5.63659362240454e-14,8.316264343832813e-15,False,8.749945212827015e-15,-0.17516899400542707,-0.17521539194976554,0.15534767157301277,-0.0007166763637494239,0.12115621562499257,0.0012136536841641623,highs-ipm,0.0,509,32,True,42,127,0.012270733946443577,0.00018274880821385532,4819042,0.09021359999997003,0,0.13029936445898369,0.13188050392678263,0.035295222846212414,4.639794433847211e-05,0.0,127,127,127,0.0470806461244541,22.886535976044403,0.04496372490382004
0.7942313665758062,127,1.689697743364996,0.01330470664066926,-0.05579309945915098,-0.05304085152812257,-0.04248839281848172,-0.03973614488745331,False,,,,,4.933937715591808e-05,4.9339377155918275e-05,1.9651164376299768e-19,2.0816681711721685e-17,0,0,7.216449660063518e-16,-1,7.448035244106421e-14,1.5777743694878055e-14,False,1.6493750809587482e-14,-0.19238304303072257,-0.18963079509969416,0.1365899435715716,-0.0007900846705140986,0.1095205843749909,0.001067108934152903,highs-ipm,0.0,509,32,True,43,127,0.01330470664066926,0.00022625766200685512,4819043,0.08439980000002834,0,0.17424205970969817,0.12826231759031934,0.057195268023507995,0.0027522479310284065,4.440892098500626e-16,127,127,127,0.046879637271244536,22.793198493439547,0.04478035067473388
0.5984792438625259,127,1.5334797316876851,0.012074643556595946,0.033270838839604244,0.030112214350940053,0.04534548239620019,0.042186857907536,False,,,,,3.7178830219497766e-05,3.717883021949822e-05,4.54009659728305e-19,2.0816681711721685e-17,0,0,8.881784197001252e-16,-1,8.437456462673243e-14,1.1383255449359808e-14,False,1.1879386363489175e-14,-0.13931882253497946,-0.14247744702364365,0.1725896613745837,-0.0005937313576556062,0.12260332500004267,0.0013483567294889352,highs-ipm,0.0,509,32,True,44,127,0.012074643556595946,0.00018290280434989526,4819044,0.095814799999971,0,0.1267832234519693,0.13874337357872116,0.042601894839239915,0.003158624488664191,4.440892098500626e-16,127,127,127,0.045117122786592474,21.97324586659253,0.043169441781124814
0.6855733712641692,127,1.6484581346976288,0.012979985312579755,-0.02276216005193593,-0.022149051896207472,-0.009782174739356176,-0.009169066583627717,False,,,,,4.258930653757945e-05,4.2589306537578925e-05,5.21772295508649e-19,1.9081958235744878e-17,0,0,6.38378239159465e-16,-1,9.697147598797251e-14,2.0070750617051658e-14,False,2.100403184712718e-14,-0.14691339301022988,-0.14630028485450142,0.12415123295829394,-0.0006140747942504751,0.13243276875004995,0.0009699315074866714,highs-ipm,0.0,509,32,True,45,127,0.012979985312579755,0.0002109856527444327,4819045,0.123481399999946,0,0.1227225023460963,0.10648556468973443,0.038769501472381264,0.000613108155728459,2.220446049250313e-16,127,127,127,0.047313262583247494,22.994505574647718,0.04517584592268707
0.6631236076347492,127,1.5495241486878688,0.012200977548723376,0.00518082655717228,0.008780092323099259,0.017381804105895654,0.020981069871822633,False,,,,,4.11946784715163e-05,4.119467847151721e-05,9.0801931945661e-19,1.3877787807814457e-17,0,0,8.326672684688674e-16,-1,8.283651542484449e-14,5.863365348801608e-14,False,6.118022755075003e-14,-0.10964332757232823,-0.10604406180640125,0.1148241541295005,-0.00045542929490277205,0.12457747812499065,0.0008970637041367227,highs-ipm,0.0,509,32,True,46,127,0.012200977548723376,0.00018997759904529812,4819046,0.12557560000004742,0,0.09681190737845075,0.1002661717842443,0.036520873994443294,0.003599265765926979,0.0,127,127,127,0.043078198974723064,21.02124586602101,0.04129910779178981
0.7690115674064616,127,1.6927282064187736,0.013328568554478533,-0.050518451292944994,-0.04506998696237144,-0.03718988273846646,-0.03174141840789291,False,,,,,4.777266846701592e-05,4.7772668467016294e-05,3.7269449679189215e-19,2.7755575615628914e-17,0,0,6.661338147750939e-16,-1,3.267156510611269e-13,5.473226039054424e-14,False,5.720424134381119e-14,-0.17763850610082627,-0.1721900417702527,0.12712005480788127,-0.000720390019132066,0.11966348437496777,0.0009931254281865724,highs-ipm,0.0,509,32,True,47,127,0.013328568554478533,0.00022532955224825968,4819047,0.1381056999998691,0,0.15991589405204418,0.12757178909452324,0.04919226732252796,0.005448464330573555,2.220446049250313e-16,127,127,127,0.0454658036227836,22.135677669995598,0.04348856123771237
0.7400953420766441,127,1.5964367007195808,0.012570367722201423,0.03996106373836243,0.04029700397354549,0.052531431460563854,0.052867371695746915,False,,,,,4.5976329758279014e-05,4.597632975827907e-05,5.421010862427522e-20,3.469446951953614e-17,0,0,6.661338147750939e-16,-1,7.963695349867683e-14,1.3322134194415636e-14,False,1.3981871216373065e-14,-0.08733527521589597,-0.08699933498071291,0.1272963389542584,-0.0003858174820266889,0.10283080937499278,0.0009945026480801438,highs-ipm,0.0,509,32,True,48,127,0.012570367722201423,0.00020390014765212127,4819048,0.12867569999980333,0,0.10779800634122624,0.11051192203318123,0.049087147076666095,0.0003359402351830604,1.1102230246251565e-16,127,127,127,0.04745251260523727,23.059115926879876,0.045302781781689345
1.3994808702509471,127,1.7792962714967944,0.014010206862179483,0.05542476164749788,0.05684097874078209,0.06943496850967736,0.07085118560296157,False,,,,,8.693879061651694e-05,8.693879061651705e-05,1.0842021724855044e-19,1.3877787807814457e-17,0,0,5.551115123125783e-16,-1,5.6794846603480664e-14,9.631184738623233e-15,False,1.0130785099704553e-14,-0.09228091711620817,-0.09086470002292396,0.14770567876370605,-0.0004418790250810638,0.1004153656250395,0.0011539506153414535,highs-ipm,0.0,509,32,True,49,127,0.014010206862179483,0.0002830538838125948,4819049,0.12922340000022814,0,0.09945780050592923,0.1151494116186263,0.09144657678117966,0.001416217093284211,2.220446049250313e-16,127,127,127,0.04951519085383241,24.014166125691446,0.04717910830194783
0.7152788283742907,127,1.5929434840862888,0.012542862079419598,-0.004064645886774687,-0.0023951542482084642,0.00847821619264491,0.010147707831211134,False,,,,,4.44346740383157e-05,4.4434674038316313e-05,6.166399856011306e-19,2.2551405187698492e-17,0,0,8.326672684688674e-16,-1,6.586051148893546e-14,1.329492071988625e-14,False,1.3863910020006642e-14,-0.1351631911148493,-0.1334936994762831,0.13109854522807463,-0.0005658944376175472,0.102890287499946,0.001024207384594333,highs-ipm,0.0,509,32,True,50,127,0.012542862079419598,0.00020167076519730026,4819050,0.11400510000021313,0,0.12035566992178307,0.1096042834077641,0.040298293809525605,0.0016694916385662228,0.0,127,127,127,0.04362683970035526,21.277779147436075,0.041803102450758495
0.5631036594712233,127,1.53352307448118,0.012074984838434489,0.013102068999005928,0.01369165410176909,0.025177053837440417,0.02576663894020358,False,,,,,3.49812220994385e-05,3.4981222099438026e-05,4.743384504624082e-19,3.469446951953614e-18,0,0,4.85722573273506e-16,-1,1.44504200272344e-13,2.136832377708231e-14,False,2.238487173400472e-14,-0.12822456854146128,-0.1276349834386981,0.1413266375404672,-0.0005335553761568525,0.10284306249999986,0.0011041143557849,highs-ipm,0.0,509,32,True,51,127,0.012074984838434489,0.00018071775556063204,4819051,0.10284749999982523,0,0.12784948916113412,0.13449448276719903,0.0459478290694312,0.0005895851027631627,0.0,127,127,127,0.04686966619707371,22.78856754057433,0.04477125253550949
0.6963618772112101,127,1.6220374465213505,0.01277194839780591,-0.04147044531445729,-0.043849534810963875,-0.028698496916651377,-0.031077586413157963,False,,,,,4.325951195412356e-05,4.325951195412502e-05,1.463672932855431e-18,1.3877787807814457e-17,0,0,4.440892098500626e-16,-1,1.7180007416683907e-13,6.847994393766044e-14,False,7.148448499805227e-14,-0.20696523164919362,-0.2093443211457002,0.16549478633473633,-0.0008610107664295165,0.09931589062496471,0.0012929280182401276,highs-ipm,0.0,509,32,True,52,127,0.01277194839780591,0.00020629718861235743,4819052,0.12404460000016115,0,0.13771520648232963,0.1320592128421712,0.04625492662224502,0.0023790894965065867,4.440892098500626e-16,127,127,127,0.04373989489957985,21.330607953840996,0.04190689185430451
0.9450910663269847,127,1.6907358243070365,0.013312880506354619,0.01818786518987503,0.02138919487252819,0.03150074569622965,0.034702075378882806,False,,,,,5.871110929455558e-05,5.871110929455517e-05,4.0657581468206416e-19,6.938893903907228e-18,0,0,5.689893001203927e-16,-1,4.6010070753332855e-14,9.72485980632598e-15,False,1.0186296250935811e-14,-0.13867445228108816,-0.135473122598435,0.1568623174709632,-0.0005879029944446919,0.0968621031250052,0.0012254868552419,highs-ipm,0.0,509,32,True,53,127,0.013312880506354619,0.00023582855068027646,4819053,0.09026010000025053,0,0.132969171872956,0.12406850853119795,0.05535975237128044,0.003201329682653159,4.440892098500626e-16,127,127,127,0.0470586793470511,22.876337554057706,0.0449436887113118
0.8574414396592932,127,1.6038987724956868,0.012629124192879423,0.018451142713471813,0.010928557493857016,0.031080266906351236,0.02355768168673644,False,,,,,5.3266124155809156e-05,5.326612415580731e-05,1.8431436932253575e-18,1.734723475976807e-17,0,0,5.759281940243e-16,-1,2.613077397690955e-13,5.089591942342153e-14,False,5.325601071248798e-14,-0.1418776244385307,-0.1494002096581455,0.1603287671520025,-0.0006368606931329381,0.09648744062498338,0.0012525684933750196,highs-ipm,0.0,509,32,True,54,127,0.012629124192879423,0.00021265625346099967,4819054,0.12157220000017332,0,0.1098516215879928,0.11743453562352943,0.05090959102102149,0.007522585219614797,2.220446049250313e-16,127,127,127,0.04558772139280208,22.192447093799622,0.04360009252219965
1.5260041961982582,127,1.863948624055889,0.014676760819337708,-0.017048783130635625,-0.015133465640947419,-0.0023720223112979177,-0.0004567048216097113,False,,,,,9.479869436830277e-05,9.479869436830337e-05,5.963111948670274e-19,2.6020852139652106e-17,0,0,5.273559366969494e-16,-1,3.850522331538819e-14,6.696032617270475e-15,False,7.022160630754115e-15,-0.18804571446848928,-0.18613039697880107,0.17099693133785365,-0.0008218705575667451,0.0975722499999705,0.0013359135260769817,highs-ipm,0.0,509,32,True,55,127,0.014676760819337708,0.00031001975753723723,4819055,0.09690099999988888,0,0.2347138274023548,0.17724557022320164,0.08219610187320213,0.0019153174896882064,4.440892098500626e-16,127,127,127,0.04473694948301605,21.796019847985047,0.0428212570687329
0.7050110198385134,127,1.5785518373079988,0.012429542026047234,0.022112582208592038,0.020076380223621154,0.034542124234639274,0.03250592224966839,False,,,,,4.379681547564632e-05,4.379681547564632e-05,0.0,2.7755575615628914e-17,0,0,4.718447854656915e-16,-1,3.252042732326821e-14,7.847455324450081e-15,False,8.194833700514437e-15,-0.11278542381614852,-0.1148216258011194,0.13489800602474056,-0.000492318791261269,0.09899289375003661,0.0010538906720682856,highs-ipm,0.0,509,32,True,56,127,0.012429542026047234,0.00019820428562880352,4819056,0.11682900000005247,0,0.09590266441994745,0.10606935310651336,0.030080732292535765,0.002036201984970884,0.0,127,127,127,0.046223401830683054,22.488229082477847,0.04418119662569322
0.7343646864897184,127,1.6330374260794562,0.01285856241007446,0.018723164991910263,0.014928773419486813,0.03158172740198472,0.02778733582956127,False,,,,,4.5620328989167906e-05,4.562032898916691e-05,9.961107459710572e-19,0.0,0,0,4.996003610813204e-16,-1,5.153689974779496e-14,1.3315737401597971e-14,False,1.3974932322469158e-14,-0.12900493852448922,-0.13279933009691267,0.14772810351639948,-0.000564367712180232,0.11557266249999998,0.001154125808721871,highs-ipm,0.0,509,32,True,57,127,0.01285856241007446,0.00021087332887754568,4819057,0.11703839999972843,0,0.09803396290592196,0.10171178548434373,0.039621427266353246,0.00379439157242345,0.0,127,127,127,0.0503381121958551,24.39414395248806,0.047925626625713286
1.4105872296488366,127,1.8558164520072105,0.014612727968560712,-0.01215716180689455,-0.013759529445567076,0.0024555661616661607,0.0008531985229936357,False,,,,,8.762874177964623e-05,8.762874177964495e-05,1.2874900798265365e-18,5.204170427930421e-18,0,0,6.661338147750939e-16,-1,1.0287604101932857e-13,3.62830425426619e-14,False,3.790717739704519e-14,-0.1409145187045672,-0.14251688634323972,0.12875735689767265,-0.0006443353290579251,0.11618901562502515,0.0010059168507630676,highs-ipm,0.0,509,32,True,58,127,0.014612727968560712,0.00030098840183455063,4819058,0.08416890000034982,0,0.18639403176264735,0.1432913751071637,0.0810547542595074,0.001602367638672525,2.220446049250313e-16,127,127,127,0.04518662867535308,22.005633601440547,0.0432330719085276
0.8945170241741174,127,1.6947768406152843,0.013344699532403814,0.04849552445394706,0.04489320658716617,0.061840223986350876,0.058237906119569985,False,,,,,5.5569339975070776e-05,5.556933997507128e-05,5.014435047745458e-19,0.0,0,0,6.522560269672795e-16,-1,5.817213030723245e-13,3.234738865653952e-14,False,3.384792446325946e-14,-0.08717049070920602,-0.09077280857598691,0.13566601516315308,-0.0004101506234750201,0.12078684687502061,0.0010598907434621334,highs-ipm,0.0,509,32,True,59,127,0.013344699532403814,0.00023354117202926668,4819059,0.08462970000027781,0,0.07431759295696638,0.10875718519015942,0.058722702419546774,0.003602317866780891,2.220446049250313e-16,127,127,127,0.04739358419793077,23.03177594430258,0.045249068652853795
0.6878758480106157,127,1.5209042509487414,0.011975624023218437,0.051716561183425436,0.05221236681445447,0.06369218520664387,0.0641879908376729,False,,,,,4.2732341392868677e-05,4.2732341392869815e-05,1.1384122811097797e-18,4.163336342344337e-17,0,0,5.273559366969494e-16,-1,1.3233602310768616e-13,2.361435699760328e-14,False,2.4702462297909733e-14,-0.09322925551620376,-0.09273344988517472,0.1449458166996292,-0.0004049723800068336,0.11647227187498288,0.001132389192965853,highs-ipm,0.0,509,32,True,60,127,0.011975624023218437,0.00018606395861892045,4819060,0.10614970000005997,0,0.09088713520919793,0.11978043960737479,0.05625282564473527,0.0004958056310290365,1.1102230246251565e-16,127,127,127,0.04441978939858228,21.648070089612066,0.04253058956701781
0.5824514691817056,127,1.5395646712241522,0.012122556466331907,0.051562366642516816,0.050443364820280376,0.06368492310884873,0.06256592128661229,False,,,,,3.618315005219794e-05,3.618315005219827e-05,3.3203691532368573e-19,0.0,0,0,9.08995101411847e-16,-1,1.8571027961961084e-13,1.0954128229490045e-14,False,1.1483869410966463e-14,-0.08509582153616371,-0.08621482335840015,0.13665818817868053,-0.00037295980379594887,0.11666689687494625,0.0010676420951459416,highs-ipm,0.0,509,32,True,61,127,0.012122556466331907,0.0001830684385927979,4819061,0.11780859999998938,0,0.09733229078859014,0.1001597393858447,0.059699944368787956,0.00111900182223644,0.0,127,127,127,0.04821999040820832,23.414908456592087,0.04600178478701785
0.6481464829434194,127,1.543565701306309,0.012154060640207158,0.03172652352742632,0.03184432138106251,0.04388058416763348,0.04399838202126967,False,,,,,4.026426696303794e-05,4.0264266963038704e-05,7.657177843178875e-19,2.0816681711721685e-17,0,0,5.169475958410885e-16,-1,4.81459056650424e-13,6.621179299282076e-14,False,6.91183221768199e-14,-0.0863662347174792,-0.08624843686384301,0.11809275824490552,-0.0003771722234624255,0.10956577812501678,0.0009225996737883244,highs-ipm,0.0,509,32,True,62,127,0.012154060640207158,0.00018790635235864945,4819062,0.11212400000022171,0,0.081361903425689,0.11017361262051659,0.04685646753943797,0.00011779785363619233,2.220446049250313e-16,127,127,127,0.044031519190840834,21.466826294198537,0.04217451138349418
0.8220076200314609,127,1.653172981020472,0.01301711008677537,-0.019677398779274213,-0.021853260492161186,-0.006660288692498843,-0.008836150405385816,False,,,,,5.106489833639635e-05,5.106489833639676e-05,4.0657581468206416e-19,1.734723475976807e-18,0,0,6.661338147750939e-16,-1,7.017650349716575e-14,2.5221144617226798e-14,False,2.6381674622655282e-14,-0.18115862403559035,-0.18333448574847733,0.16148122525631614,-0.0007672152332913863,0.11795471562501803,0.0012615720723149699,highs-ipm,0.0,509,32,True,63,127,0.01301711008677537,0.0002204097293823284,4819063,0.1089179000000513,0,0.18778401526961178,0.15606764094374187,0.05442740973785682,0.002175861712886973,0.0,127,127,127,0.045782800409481475,22.283255566358037,0.04377849816573288
0.7636945014812124,127,1.6695354791128119,0.01314594865443159,-0.03445508159525043,-0.02864466329036036,-0.02130913294081884,-0.015498714635928772,False,,,,,4.7442360785792596e-05,4.7442360785792644e-05,4.743384504624082e-20,6.938893903907228e-18,0,0,5.828670879282072e-16,-1,3.213661975420834e-14,1.2988742026376343e-14,False,1.3600232051658168e-14,-0.15200269751530593,-0.14619227921041586,0.1175476159200555,-0.0006185059514514795,0.09834187500000269,0.0009183407493754336,highs-ipm,0.0,509,32,True,64,127,0.01314594865443159,0.00022016511981509448,4819064,0.10314829999970243,0,0.11835280838236142,0.09170368620283502,0.06415601284902465,0.005810418304890069,2.220446049250313e-16,127,127,127,0.04665977846632398,22.691067076409155,0.04457969956072526
1.0304543097045196,127,1.7447831016005424,0.013738449618901909,-0.028625078686485395,-0.038511687340846146,-0.014886629067583486,-0.024773237721944237,False,,,,,6.40140593384671e-05,6.401405933846361e-05,3.482999479109683e-18,1.0408340855860843e-17,0,0,6.800116025829084e-16,-1,1.3523123593150999e-13,2.523523924546911e-14,False,2.6402491304367004e-14,-0.21634644953250878,-0.22623305818686953,0.1877213708460234,-0.0009477369428809228,0.09770450312497303,0.0014665732097345577,highs-ipm,0.0,509,32,True,65,127,0.013738449618901909,0.00025263329290937616,4819065,0.10751909999999043,0,0.1501265945715993,0.14197194418616246,0.05173041514678903,0.009886608654360751,2.220446049250313e-16,127,127,127,0.046105899835333336,22.433582508117706,0.04407383596879706
0.6312693530989114,127,1.549230534513516,0.012198665626090677,0.03847465159070165,0.03737945364995833,0.05067331721679233,0.04957811927604901,False,,,,,3.921582300860605e-05,3.921582300860556e-05,4.946672411965114e-19,1.3877787807814457e-17,0,0,1.1449174941446927e-15,-1,7.222694664577034e-14,4.524245561521312e-14,False,4.744815651491763e-14,-0.11889721932050923,-0.11999241726125255,0.15737187091121088,-0.0005079362029353733,0.09108024687499494,0.001229467741493835,highs-ipm,0.0,509,32,True,66,127,0.012198665626090677,0.0001879462212268551,4819066,0.08450829999992493,0,0.11939441362095858,0.12493459620350982,0.049756169368912376,0.0010951979407433227,1.1102230246251565e-16,127,127,127,0.04808752896657806,23.353538294766555,0.04588121472449225
0.9409822305152029,127,1.6368369708811392,0.012888480085678262,0.04209712005588426,0.039758743530499255,0.05498560014156252,0.05264722361617752,False,,,,,5.845585949163772e-05,5.845585949163783e-05,1.0842021724855044e-19,6.938893903907228e-18,0,0,4.718447854656915e-16,-1,5.313731225864426e-13,1.3203414056528473e-14,False,1.3856971126102735e-14,-0.09619720940254245,-0.09853558592792745,0.1382943294584267,-0.0004433604920226044,0.09411339687500231,0.0010804244488939586,highs-ipm,0.0,509,32,True,67,127,0.012888480085678262,0.00022445393389289767,4819067,0.09644860000025801,0,0.10971874825254561,0.12982740398213002,0.06451585850637113,0.0023383765253850025,3.3306690738754696e-16,127,127,127,0.04935238148898303,23.938919490750777,0.047031276013262825
1.385586823294792,127,1.891937166630404,0.014897143044333889,-0.07436199567443091,-0.07520732407016495,-0.05946485263009703,-0.060310181025831064,False,,,,,8.607566224883854e-05,8.607566224883837e-05,1.6263032587282567e-19,1.3877787807814457e-17,0,0,5.551115123125783e-16,-1,5.0473947937890173e-14,1.5943843467702834e-14,False,1.6743550990128142e-14,-0.2515049978532215,-0.25235032624895554,0.1771430021787906,-0.001071819124158821,0.09530630624998082,0.0013839297045218015,highs-ipm,0.0,509,32,True,68,127,0.014897143044333889,0.0003078314257407324,4819068,0.09453290000010384,0,0.19882441268284543,0.1983528607456522,0.06669319236028426,0.0008453283957340352,2.220446049250313e-16,127,127,127,0.048643371441047516,23.610959395536607,0.046386953625808656
0.6311657772362081,127,1.5904336528770553,0.012523099628953191,0.02200641377720508,0.01999458330502625,0.03452951340615827,0.03251768293397944,False,,,,,3.920938865110008e-05,3.9209388651100645e-05,5.624298769768554e-19,1.3877787807814457e-17,0,0,7.216449660063518e-16,-1,5.787904877596617e-14,3.883612181843077e-14,False,4.062722380737682e-14,-0.12153404640985471,-0.12354587688203354,0.1435404601870598,-0.0005218104702215441,0.09614231250003513,0.0011214098452114046,highs-ipm,0.0,509,32,True,69,127,0.012523099628953191,0.00019596038077004536,4819069,0.11560510000026625,0,0.11661849057443086,0.12946817650480313,0.04389297978876467,0.00201183047217883,0.0,127,127,127,0.04565910721418513,22.225680828178184,0.04366538473119486
1.307730742751551,127,1.7781193379526392,0.01400093966891842,-0.02376413754285389,-0.023342753901457652,-0.009763197873935472,-0.009341814232539233,False,,,,,8.123907346191315e-05,8.123907346191354e-05,3.9302328752599536e-19,2.2551405187698492e-17,0,0,7.355227538141662e-16,-1,7.489061454313273e-14,5.3480657402626974e-14,False,5.613565168260948e-14,-0.1771324846838695,-0.17671110104247326,0.1533683471410156,-0.0007715168119090747,0.09207704375002379,0.0011981902120391844,highs-ipm,0.0,509,32,True,70,127,0.01400093966891842,0.000277105779822226,4819070,0.08979679999993095,0,0.14371380668719305,0.15000007622743944,0.061591176864247775,0.00042138364139623907,0.0,127,127,127,0.04940550533647249,23.963474641960683,0.04707951796063003
0.7824921254906797,127,1.610317461982658,0.012679665054981559,-0.0069881553335459645,-0.0037202088457144733,0.005691509721435594,0.008959456209267086,False,,,,,4.861011000808503e-05,4.861011000808394e-05,1.0909784360635388e-18,1.5612511283791264e-17,0,0,3.3306690738754696e-16,-1,9.45190106738103e-14,5.5061857850979834e-14,False,5.75026137816792e-14,-0.17946575095343364,-0.17619780446560215,0.17247759561988768,-0.0007368827837018424,0.09325680937496372,0.0013474812157803725,highs-ipm,0.0,509,32,True,71,127,0.012679665054981559,0.00020928851471616026,4819071,0.10335060000033991,0,0.14894825201910683,0.13563130415603017,0.03716264680169518,0.0032679464878314912,2.220446049250313e-16,127,127,127,0.04393607824817542,21.422254000311323,0.04208694302615191
0.6476037561949599,127,1.552099951124262,0.012221259457671354,-0.010042640175422751,-0.011419989464073382,0.0021786192822486027,0.0008012699935979715,False,,,,,4.023055159890033e-05,4.0230551598899545e-05,7.860465750519907e-19,6.938893903907228e-18,0,0,7.216449660063518e-16,-1,4.1680743058380987e-14,2.0194349664715006e-14,False,2.1149748619109232e-14,-0.1755436446202392,-0.17692099390888982,0.16550100444481644,-0.0007313281840555004,0.12084675937497025,0.0012929765972251284,highs-ipm,0.0,509,32,True,72,127,0.012221259457671354,0.0001895106959188354,4819072,0.12336370000002717,0,0.12035821298653401,0.11590296206982091,0.040142990702324306,0.0013773492886506311,6.661338147750939e-16,127,127,127,0.048580051144035366,23.581648349437664,0.046329368073551404
0.643280571801559,127,1.6182003671075036,0.012741735174074831,-0.03726056578689599,-0.03504867303624498,-0.024518830612821157,-0.02230693786217015,False,,,,,3.996198599663522e-05,3.996198599663656e-05,1.3349239248727773e-18,3.469446951953614e-18,0,0,6.106226635438361e-16,-1,1.680799596726068e-13,3.4526635023235386e-14,False,3.6214087284491825e-14,-0.18072849589115952,-0.17851660314050852,0.14346793010426354,-0.000737292467014248,0.11315663750004035,0.0011208432039395589,highs-ipm,0.0,509,32,True,73,127,0.012741735174074831,0.00020223529046490288,4819073,0.1266128000002027,0,0.16423293643697465,0.13983908897919176,0.037431106356899,0.0022118927506510067,8.881784197001252e-16,127,127,127,0.04798861836335621,23.30770231559835,0.04579116368486905
0.6071894992006791,127,1.549227141974216,0.012198638913182803,0.0026075418882758605,0.003900734470344641,0.014806180801458664,0.016099373383527446,False,,,,,3.7719930195330886e-05,3.771993019532305e-05,7.83336069620777e-18,2.7755575615628914e-17,0,0,6.522560269672795e-16,-1,3.179405523578982e-13,2.206099886103985e-13,False,2.3051005548779813e-13,-0.136080682344229,-0.1347874897621602,0.13868822423250485,-0.0005642335620787614,0.11739849062504959,0.0010835017518164441,highs-ipm,0.0,509,32,True,74,127,0.012198638913182803,0.0001864526155763083,4819074,0.11727740000014819,0,0.10537586321593316,0.09999532452526409,0.02686774597055822,0.0012931925820687824,4.440892098500626e-16,127,127,127,0.04508861478690647,21.959960717029645,0.04314334129082445
0.6844341887195512,127,1.582035194193497,0.012456970033019661,-0.012661220174891213,-0.012408193403566498,-0.00020425014187155227,4.877662945316358e-05,False,,,,,4.2518538044185033e-05,4.251853804418553e-05,4.946672411965114e-19,1.3877787807814457e-17,0,0,9.992007221626409e-16,-1,1.0759639706980906e-12,1.3688702948932985e-14,False,1.4307999229856705e-14,-0.15094622706833544,-0.15069320029701072,0.13828500689344422,-0.0006311638517043837,0.10188833750005699,0.001080351616355033,highs-ipm,0.0,509,32,True,75,127,0.012456970033019661,0.00019761110697417118,4819075,0.10444699999970908,0,0.13554470469190028,0.1162036491330999,0.0433673868850086,0.00025302677132471585,4.440892098500626e-16,127,127,127,0.047072346234347855,22.882682671786032,0.044956154561465685
0.7638161585127532,127,1.6547721601753316,0.013029702048624659,-0.01629811745030202,-0.019439988663107477,-0.00326841540167736,-0.006410286614482818,False,,,,,4.74499183847684e-05,4.7449918384768786e-05,3.8624702394796095e-19,2.2551405187698492e-17,0,0,4.926614671774132e-16,-1,5.6393258118792033e-14,3.3813229993739924e-14,False,3.545080895506203e-14,-0.15768792501969314,-0.1608297962324986,0.14138980756939112,-0.0006756913099179665,0.12091413437502752,0.0011046078716358682,highs-ipm,0.0,509,32,True,76,127,0.013029702048624659,0.0002171298320171174,4819076,0.1095525999999154,0,0.18362284308860685,0.16556146059027033,0.053832750933589864,0.0031418712128054582,2.220446049250313e-16,127,127,127,0.04753539528077768,23.097564346673515,0.0453783189522073
1.500227575835367,127,1.8583104593914204,0.014632365821979689,-0.032734566645013785,-0.038064235784157935,-0.018102200823034098,-0.023431869962178248,False,,,,,9.319739473772751e-05,9.319739473772749e-05,2.710505431213761e-20,3.469446951953614e-18,0,0,4.440892098500626e-16,-1,8.594991038335387e-14,1.2045919817182948e-14,False,1.2635725799015063e-14,-0.18074348950797825,-0.1860731586471224,0.14800892286296446,-0.0008200456707030493,0.12162625624998213,0.0011563197098669099,highs-ipm,0.0,509,32,True,77,127,0.014632365821979689,0.00030712042527862354,4819077,0.11531660000036936,0,0.13165126146709055,0.12190954522668793,0.07454023711311218,0.00532966913914415,4.440892098500626e-16,127,127,127,0.050344804205445626,24.397231497666855,0.04793169252979736
0.9841834805379122,127,1.6305968749182689,0.012839345471797393,-0.023419359814120078,-0.020680319299914235,-0.010580014342322685,-0.007840973828116842,False,,,,,6.113961495406294e-05,6.113961495406343e-05,4.87890977618477e-19,5.204170427930421e-18,0,0,3.885780586188048e-16,-1,7.355355609523287e-14,2.7679356202903183e-14,False,2.901151541223612e-14,-0.20346303021976936,-0.20072398970556352,0.18004367040564928,-0.0008452176997414209,0.11767697500003749,0.001406591175044135,highs-ipm,0.0,509,32,True,78,127,0.012839345471797393,0.00022586828997651044,4819078,0.1317684000000554,0,0.17370049844732027,0.1508329055038967,0.057058771724843846,0.0027390405142058427,2.220446049250313e-16,127,127,127,0.0483162517049085,23.459497148691653,0.04608938536088734
0.6159582126568863,127,1.5384669191337885,0.01211391274908495,-0.013542744654362254,-0.014116776602741216,-0.0014288319052773047,-0.002002863853656266,False,,,,,3.8264661716382594e-05,3.8264661716382526e-05,6.776263578034403e-20,1.0408340855860843e-17,0,0,5.551115123125783e-16,-1,5.035815514586872e-14,2.1717003195753648e-14,False,2.2620794126737565e-14,-0.15428588569903134,-0.1548599176474103,0.1407431410446691,-0.000643186215026579,0.11843430000001831,0.0010995557894114773,highs-ipm,0.0,509,32,True,79,127,0.01211391274908495,0.00018493636765614096,4819079,0.10414059999993697,0,0.13570734728166928,0.11794736075389235,0.04186466157169862,0.0005740319483789613,4.440892098500626e-16,127,127,127,0.04115091508015087,20.11794397182499,0.039524447881777974
0.7732814476818313,127,1.5998223358713575,0.012597026266703603,0.0014999775159300621,0.0079461610745169,0.014097003782633665,0.0205431873412205,False,,,,,4.8037922701717896e-05,4.803792270171791e-05,1.3552527156068805e-20,1.0408340855860843e-17,0,0,1.0408340855860843e-15,-1,4.9476915620072504e-14,1.3633625478570721e-14,False,1.4301060335952798e-14,-0.14749238354670785,-0.141046199988121,0.1489923610626379,-0.0005989996414053156,0.09604491562501494,0.0011640028208018587,highs-ipm,0.0,509,32,True,80,127,0.012597026266703603,0.00020662861640738533,4819080,0.11164610000014363,0,0.15692688231219262,0.13586913568253395,0.06163760422261173,0.006446183558586836,0.0,127,127,127,0.048107517152227476,23.362799932029613,0.045899410475500224
0.8777534427482694,127,1.5932957887073242,0.012545636131553734,0.0211553145374839,0.023000211096457807,0.03370095066903763,0.03554584722801154,False,,,,,5.452794989497324e-05,5.4527949894974366e-05,1.1248597539537109e-18,6.938893903907228e-18,0,0,6.800116025829084e-16,-1,2.1446473069675065e-13,1.7931619730737758e-14,False,1.8755830222261238e-14,-0.09330148589308565,-0.09145658933411174,0.11445680043056955,-0.0004117802519813484,0.09335300312497452,0.0008941937533638246,highs-ipm,0.0,509,32,True,81,127,0.012545636131553734,0.00021181380823738383,4819081,0.11491699999987759,0,0.10556378426788947,0.10248085411847635,0.05492762935354141,0.0018448965589739075,1.1102230246251565e-16,127,127,127,0.04668887619548007,22.70458636178442,0.04460626004279846
0.6692231368612029,127,1.543071895071726,0.012150172402139574,0.03685090163541202,0.030208817326760076,0.04900107403755159,0.04235898972889965,False,,,,,4.1573594472122824e-05,4.1573594472121706e-05,1.1180834903756764e-18,1.3877787807814457e-17,0,0,5.516420653606247e-16,-1,3.4048805441777574e-13,2.21094843821934e-14,False,2.3120394487818885e-14,-0.10780278004625482,-0.11444486435490676,0.14465368168166684,-0.0004886238458584762,0.09524385625005038,0.0011301068881380222,highs-ipm,0.0,509,32,True,82,127,0.012150172402139574,0.00018911860687094366,4819082,0.09828840000000127,0,0.10432015661469993,0.1160338480257247,0.06109580434993383,0.006642084308651944,2.220446049250313e-16,127,127,127,0.046342235011419444,22.543482267591983,0.04428974905224358
0.49673120184751623,127,1.477898740328542,0.01163699795534285,0.0033672701447628184,0.008216790336984997,0.015004268100105668,0.019853788292327847,False,,,,,3.0858020904834025e-05,3.085802090482905e-05,4.9737774662772516e-18,1.734723475976807e-17,0,0,6.661338147750939e-16,-1,1.57296661047919e-13,1.3475743958213382e-13,False,1.410260797030105e-13,-0.13625024061349508,-0.1314007204212729,0.1396175107582579,-0.0005441420850504263,0.09230987812500757,0.0010907618027988899,highs-ipm,0.0,509,32,True,83,127,0.01163699795534285,0.0001662171175219919,4819083,0.09747509999988324,0,0.10379510571264979,0.12007045398981535,0.03914954855832911,0.004849520192222179,2.220446049250313e-16,127,127,127,0.04678203602560871,22.74786490169792,0.04469128664380731
0.5051158842991735,127,1.5217781526152898,0.011982505138703069,-0.03120231607127505,-0.03131584979539975,-0.019219810932571982,-0.019333344656696685,False,,,,,3.137889558596717e-05,3.1378895585966996e-05,1.7618285302889447e-19,0.0,0,0,8.205242041370298e-16,-1,1.9192332727409334e-13,3.2374710551286157e-14,False,3.377159663031648e-14,-0.22593046916303977,-0.22604400288716447,0.19472815309176472,-0.0009143632818639533,0.09730255625001405,0.0015213136960294119,highs-ipm,0.0,509,32,True,84,127,0.011982505138703069,0.00017489767686008914,4819084,0.09407129999999597,0,0.1465230386944748,0.14039594276870132,0.033553790909941865,0.00011353372412470364,0.0,127,127,127,0.04355300146721467,21.24326959497393,0.04173530372293503
0.6990972378001493,127,1.5630895973391217,0.012307792105032455,0.0044760349476827554,0.009874424735059492,0.01678382705271521,0.022182216840091945,False,,,,,4.34294384937131e-05,4.3429438493713826e-05,7.250602028496811e-19,1.3877787807814457e-17,0,0,1.0685896612017132e-15,-1,1.8492585934781758e-13,1.4300301394432058e-14,False,1.4939438575112263e-14,-0.11450300779636452,-0.10910461800898778,0.11897904274404728,-0.00046961935259132235,0.09384160312497158,0.0009295237714378693,highs-ipm,0.0,509,32,True,85,127,0.012307792105032455,0.00019482586193253935,4819085,0.10481810000010228,0,0.1159019521309376,0.11232843697831933,0.03951055651587715,0.005398389787376737,1.1102230246251565e-16,127,127,127,0.04574683999551933,22.26651868995283,0.04374561628674426
0.6935591563590696,127,1.557328541578527,0.012262429461248244,0.006662356862664351,0.009744643603846886,0.018924786323912597,0.022007073065095133,False,,,,,4.308540084871416e-05,4.308540084871414e-05,2.0328790734103208e-20,6.938893903907228e-18,0,0,6.314393452555578e-16,-1,3.4919983571413127e-14,9.118255890600393e-15,False,9.554856905680253e-15,-0.12107534254423465,-0.11799305580305211,0.127737699406899,-0.0005039957750793864,0.09269036249997953,0.0009979507766163984,highs-ipm,0.0,509,32,True,86,127,0.012262429461248244,0.00019336792998785862,4819086,0.09739209999997911,0,0.11282432938191804,0.12430296319145881,0.034226375281707536,0.0030822867411825355,0.0,127,127,127,0.04575239008349039,22.269101914878103,0.04375069138482928
0.7888720700024558,127,1.5839470374013362,0.012472023916545954,-0.03773850571378462,-0.04494311976720006,-0.025266481797238664,-0.0324710958506541,False,,,,,4.900644601513113e-05,4.900644601513121e-05,8.131516293641283e-20,6.938893903907228e-18,0,0,1.0130785099704553e-15,-1,2.1327471039223056e-12,1.447973685397841e-14,False,1.511984981661385e-14,-0.2469387909443898,-0.25414340499780524,0.2092002852306052,-0.001041754121787808,0.09518873437498598,0.001634377228364103,highs-ipm,0.0,509,32,True,87,127,0.012472023916545954,0.00020446154673537886,4819087,0.10877100000016071,0,0.17875530987083815,0.1759929176709763,0.047155766911400485,0.007204614053415437,4.440892098500626e-16,127,127,127,0.04389277419489019,21.402027696216297,0.04204720569001237
0.7284601148599921,127,1.5988921969279186,0.012589702338015107,0.016566358861219432,0.014674411295529016,0.02915606119923454,0.027264113633544123,False,,,,,4.5253524177819485e-05,4.5253524177819275e-05,2.1006417091906648e-19,6.938893903907228e-18,0,0,9.71445146547012e-16,-1,4.514878054751037e-14,2.004971709490544e-14,False,2.1024848528838902e-14,-0.1291523988713099,-0.1310443464370003,0.14571875773252932,-0.0005571455024473517,0.12186101249999126,0.0011384277947853853,highs-ipm,0.0,509,32,True,88,127,0.012589702338015107,0.00020366522241037745,4819088,0.1178343000001405,0,0.14598228062155558,0.14922000415475586,0.049023790901462506,0.0018919475656904161,0.0,127,127,127,0.047555379571480566,23.106833943027752,0.045396530339936646
0.9731795469808082,127,1.6816549953736948,0.013241377916328305,-0.008245932702395431,-0.008546831411808758,0.004995445213932874,0.004694546504519547,False,,,,,6.0456026706579716e-05,6.0456026706581654e-05,1.938011383317839e-18,3.122502256758253e-17,0,0,3.608224830031759e-16,-1,3.9454333897182003e-14,3.276632437598792e-14,False,3.4257319203589987e-14,-0.156893963545633,-0.15719486225504634,0.14864803084323758,-0.0006744984573903564,0.13058163124995303,0.0011613127409627936,highs-ipm,0.0,509,32,True,89,127,0.013241377916328305,0.00023567134171034222,4819089,0.09624440000015966,0,0.12316097176838359,0.12001430255277012,0.05971248460021876,0.0003008987094133275,4.440892098500626e-16,127,127,127,0.04558826065658714,22.19269816555841,0.043600585786951696
0.971535133017451,127,1.8264639335143034,0.014381605775703176,-0.13418721970415445,-0.13500598261758398,-0.11980561392845128,-0.1206243768418808,False,,,,,6.035387214035163e-05,6.035387214035199e-05,3.5914196963582334e-19,6.938893903907228e-17,0,0,8.881784197001252e-16,-1,3.253994296237295e-14,1.8856227343433396e-14,False,1.969951979319262e-14,-0.31523703737300435,-0.3160558002864339,0.1810498176688499,-0.0012949468420092344,0.11526008750000472,0.0014144517005378898,highs-ipm,0.0,509,32,True,90,127,0.014381605775703176,0.00026706588340541835,4819090,0.10066150000011476,0,0.2005706426505597,0.14960787397192998,0.07667108680472096,0.0008187629134295271,0.0,127,127,127,0.04446118959305364,21.66738767161063,0.0425685415945199
1.0182399119099619,127,1.6660090334128406,0.013118181365455438,0.02063836117372253,0.02840627024055531,0.03375654253917797,0.041524451606010745,False,,,,,6.325527442404289e-05,6.325527442404211e-05,7.724940478959219e-19,0.0,0,0,5.273559366969494e-16,-1,8.502129122262003e-14,2.92673871249427e-14,False,3.0558888752807434e-14,-0.09200908564833149,-0.08424117658149871,0.11264744682205402,-0.00039232237044552144,0.12767018750001569,0.000880058178297297,highs-ipm,0.0,509,32,True,91,127,0.013118181365455438,0.00023521768313740154,4819091,0.12391170000000784,0,0.11510614407274655,0.10041890383129728,0.04280241224621698,0.007767909066832779,6.661338147750939e-16,127,127,127,0.0457378643658835,22.262341027836474,0.04373740869908934
0.6423629691413411,127,1.5569314200733042,0.012259302520262238,0.02737193022937154,0.02556105999952954,0.039631232749633774,0.037820362519791775,False,,,,,3.99049825268205e-05,3.9904982526820255e-05,2.439454888092385e-19,0.0,0,0,6.938893903907228e-16,-1,6.545063902202268e-14,1.6686738796289902e-14,False,1.7409684804903236e-14,-0.100901841696692,-0.102712711926534,0.12827377192606354,-0.0004411265134898437,0.10575376875003428,0.0010021388431723714,highs-ipm,0.0,509,32,True,92,127,0.012259302520262238,0.0001901170820232387,4819092,0.07758210000019972,0,0.11242123717264792,0.10509335758528755,0.04510277710969045,0.0018108702298419987,5.551115123125783e-16,127,127,127,0.0446337364258896,21.747882581800525,0.04272668483654327
0.8830528213685405,127,1.6321067233211333,0.012851234041898687,0.012988855791029819,0.01939426340799058,0.025840089832928508,0.03224549744988927,False,,,,,5.485715880240176e-05,5.485715880240501e-05,3.2526065174565133e-18,6.938893903907228e-18,0,0,1.0061396160665481e-15,-1,5.39648187247721e-13,5.663004787326287e-14,False,5.91332538490974e-14,-0.11278495105295291,-0.10637954343599215,0.12577380684398273,-0.00047040225034924933,0.12486640000001614,0.000982607865968615,highs-ipm,0.0,509,32,True,93,127,0.012851234041898687,0.00021990360082327403,4819093,0.11933749999980137,0,0.12078894147744552,0.12923859119924705,0.047771295188157196,0.006405407616960762,4.440892098500626e-16,127,127,127,0.04400270584795375,21.453370907134758,0.0421480764383787
0.49582072280271877,127,1.4873909115432207,0.011711739460970242,0.019019816930524902,0.015313287231996625,0.030731556391495142,0.027025026692966865,False,,,,,3.080145996947142e-05,3.080145996947151e-05,9.486769009248164e-20,6.938893903907228e-18,0,0,8.187894806610529e-16,-1,5.201785183150953e-14,8.558258268731578e-15,False,8.951173136040325e-15,-0.1303589536584489,-0.13406548335697718,0.1493787705889738,-0.0005544947543326636,0.11773210625001695,0.0011670216452263579,highs-ipm,0.0,509,32,True,94,127,0.011711739460970242,0.00016790578749730867,4819094,0.11828370000012,0,0.09923049355603517,0.1087545455728876,0.046066925151565755,0.003706529698528277,4.440892098500626e-16,127,127,127,0.04575350274761507,22.269619788360956,0.04375170881799795
1.028302831851601,127,1.6697751570030865,0.013147835881914068,0.019057223839882176,0.017376625529753303,0.03220505972179624,0.03052446141166737,False,,,,,6.38804048623304e-05,6.388040486233103e-05,6.2341624917916505e-19,6.938893903907228e-18,0,0,5.551115123125783e-16,-1,9.228381947501418e-14,1.2996981962887233e-14,False,1.3586354263850353e-14,-0.1400199911331751,-0.14170058944330396,0.15907721497305727,-0.0006173983323752372,0.11712067812506177,0.00124279074197701,highs-ipm,0.0,509,32,True,95,127,0.013147835881914068,0.0002366204914623525,4819095,0.08731820000002699,0,0.14006393726052402,0.1474872255189067,0.0363486184201295,0.0016805983101288724,2.220446049250313e-16,127,127,127,0.044885507962221426,21.865288951444377,0.042957345680637284
1.1122324406327353,127,1.7041344487348993,0.013418381486101569,-0.02907206845087551,-0.030088258257826295,-0.01565368696477394,-0.016669876771724726,False,,,,,6.909429441198875e-05,6.909429441199012e-05,1.3688052427629493e-18,1.0408340855860843e-17,0,0,5.551115123125783e-16,-1,9.581734277536169e-14,2.694719447582372e-14,False,2.821354261328679e-14,-0.19702530110461192,-0.1980414909115627,0.1679532326537364,-0.0008426938682852819,0.10675485000000151,0.0013121346301073157,highs-ipm,0.0,509,32,True,96,127,0.013418381486101569,0.0002490115109428814,4819096,0.09230060000027152,0,0.18499546219541677,0.16723751307289317,0.05164604770714837,0.0010161898069507846,2.220446049250313e-16,127,127,127,0.045541786682234645,22.171059747708227,0.04355807416052697
1.5160090406160442,127,1.9153704536055771,0.015081657115004544,-0.052394946168766526,-0.038686096352603644,-0.03731328905376198,-0.023604439237599098,False,,,,,9.417777359917252e-05,9.417777359917145e-05,1.0706496453294356e-18,2.7755575615628914e-17,0,0,5.342948306008566e-16,-1,2.1116908135304646e-13,2.329213211194059e-14,False,2.4452662117369073e-14,-0.14419224062634356,-0.13048339081018068,0.09179729445757703,-0.0006038785189514397,0.10301554687508485,0.0007171663629498206,highs-ipm,0.0,509,32,True,97,127,0.015081657115004544,0.0003214491298382589,4819097,0.08985679999977947,0,0.1456248190655926,0.0920693511895881,0.06440248647530256,0.013708849816162882,6.661338147750939e-16,127,127,127,0.050257110169073804,24.356768288805466,0.04785219703105199
0.7589696529871971,127,1.6465870059440875,0.012965252015307776,-0.014122531615730793,-0.01874981806550341,-0.0011572796004230175,-0.005784566050195634,False,,,,,4.7148842937390376e-05,4.714884293739053e-05,1.5585406229479126e-19,4.163336342344337e-17,0,0,6.522560269672795e-16,-1,5.501691767093031e-14,1.587011771997382e-14,False,1.6542323066914832e-14,-0.1725624396459644,-0.17718972609573702,0.1584399080302336,-0.0007392962104988633,0.11540811874994006,0.0012378117814862,highs-ipm,0.0,509,32,True,98,127,0.012965252015307776,0.00021515397241807376,4819098,0.09905300000036732,0,0.15788919571610716,0.1474454584020002,0.048174030740829474,0.004627286449772616,0.0,127,127,127,0.045632904621220355,22.213482714198992,0.04364141987072494
0.7979989516934731,127,1.6558467061512208,0.013038163040560793,0.0006446681928173048,0.002671782601238404,0.013682831233378098,0.015709945641799197,False,,,,,4.957342772469602e-05,4.957342772469526e-05,7.589415207398531e-19,1.0408340855860843e-17,0,0,1.1102230246251565e-15,-1,1.375635716449608e-13,5.5165073897800454e-14,False,5.793976409762536e-14,-0.17720626195014166,-0.17517914754172056,0.17785093014295897,-0.0007338669728095413,0.11272343125000361,0.001389460391741867,highs-ipm,0.0,509,32,True,99,127,0.013038163040560793,0.0002194697294293087,4819099,0.11197349999974904,0,0.13611459247217758,0.1496654461346838,0.0474422251827466,0.002027114408421099,0.0,127,127,127,0.05005230614565882,24.26224263213639,0.04766648847178073
1.1567794510739746,127,1.800444300022683,0.014176726771832151,-0.007710379197835793,-0.025160270956724268,0.006466347573996358,-0.010983544184892117,False,,,,,7.186165143391797e-05,7.186165143391801e-05,4.0657581468206416e-20,3.469446951953614e-18,0,0,1.1102230246251565e-15,-1,1.5700635236370886e-13,4.785061236134425e-14,False,5.012656956182582e-14,-0.18066163476330535,-0.19811152652219383,0.17295125556546956,-0.0008457348019112376,0.11502766874998827,0.001351181684105231,highs-ipm,0.0,509,32,True,100,127,0.014176726771832151,0.00027270005137070767,4819100,0.10404800000014802,0,0.1913600904982278,0.18150740725646497,0.04143139754920937,0.017449891758888475,5.551115123125783e-16,127,127,127,0.04668667338602947,22.703562926442988,0.04460424936432807
0.6871717542680974,127,1.5752318968714434,0.012403400762767271,0.004345451975214798,0.0018729863328723062,0.01674885273798207,0.014276387095639578,False,,,,,4.268860156065348e-05,4.268860156065316e-05,3.1848438816761693e-19,1.0408340855860843e-17,0,0,3.8510861166685117e-16,-1,7.540582741549784e-14,2.1925386853305362e-14,False,2.288447209508604e-14,-0.15557969456543075,-0.15805216020777324,0.15992514654064555,-0.0006600798523722674,0.11258479062496463,0.0012494152073487933,highs-ipm,0.0,509,32,True,101,127,0.012403400762767271,0.00019644908445590572,4819101,0.08691250000038053,0,0.13543317199003238,0.14259708284923878,0.029865067805271258,0.0024724656423424918,2.220446049250313e-16,127,127,127,0.0452711893784858,22.04503063683461,0.04331047276391869
0.675063074358155,127,1.5690256103830982,0.012354532365221245,0.02589092006204713,0.02099558758945158,0.03824545242726837,0.033350119954672824,False,,,,,4.193638407078867e-05,4.193638407078912e-05,4.54009659728305e-19,4.163336342344337e-17,0,0,4.85722573273506e-16,-1,3.990731356484645e-14,1.1840355085279697e-14,False,1.2385925618474403e-14,-0.12618696710331762,-0.13108229957591316,0.15207788716536474,-0.0005539766167891999,0.10622399687498785,0.001188108493479412,highs-ipm,0.0,509,32,True,102,127,0.012354532365221245,0.0001944884642814935,4819102,0.09210010000015245,0,0.1360823349722007,0.14153854081801973,0.04840605704531625,0.004895332472595548,1.1102230246251565e-16,127,127,127,0.045691422396249924,22.24072369877232,0.043694938504464285
0.7998682389422904,127,1.6941988810459243,0.013340148669652947,-0.0176661231737114,-0.009914134234930247,-0.004325974504058451,0.0034260144347227003,False,,,,,4.968955190772689e-05,4.9689551907727444e-05,5.55653613398821e-19,6.938893903907228e-18,0,0,9.71445146547012e-16,-1,1.5666981600936936e-13,2.927172393363264e-14,False,3.069766663088558e-14,-0.13750774400023758,-0.12975575506145642,0.11984162082652618,-0.0005565479701165416,0.11214232500000776,0.0009362626627072358,highs-ipm,0.0,509,32,True,103,127,0.013340148669652947,0.0002275514965267253,4819103,0.10294119999980467,0,0.12365087167294336,0.1054324576822554,0.043971802769596516,0.007751988938781151,0.0,127,127,127,0.04789240596247704,23.26310840330082,0.0457035528552079
0.5555310185004838,127,1.5026364427146583,0.011831783013501247,0.042072360245453744,0.04123921029887506,0.05390414325895499,0.05307099331237631,False,,,,,3.451079319843352e-05,3.451079319843338e-05,1.3552527156068805e-19,2.0816681711721685e-17,0,0,4.996003610813204e-16,-1,2.2161439350298906e-13,1.7881529590368928e-14,False,1.8707257964933888e-14,-0.09565629300279516,-0.09648944294937384,0.1377286532482489,-0.00041142267971942494,0.1208203968749757,0.0010760051035019445,highs-ipm,0.0,509,32,True,104,127,0.011831783013501247,0.0001744340813115907,4819104,0.11843839999983174,0,0.07699092780392712,0.11008446946173603,0.046287831493922904,0.0008331499465786818,2.220446049250313e-16,127,127,127,0.047165175782350285,22.925776208400272,0.045040817698232365
0.8966007755691363,127,1.6718019760565712,0.013163795087059615,-0.033329778791119424,-0.0357872410170654,-0.02016598370405981,-0.022623445930005787,False,,,,,5.5698787136571405e-05,5.569878713657192e-05,5.149960319306146e-19,2.42861286636753e-17,0,0,7.216449660063518e-16,-1,4.7503667666148885e-14,2.5168235551209506e-14,False,2.6319224577520117e-14,-0.1762804710426557,-0.17873793326860168,0.14295069225153628,-0.0007538938389670473,0.12672950937498229,0.0011168022832151272,highs-ipm,0.0,509,32,True,105,127,0.013163795087059615,0.00022887486035809984,4819105,0.11623390000022482,0,0.15019440083810484,0.1318287442325165,0.04685946727577913,0.0024574622259459777,2.220446049250313e-16,127,127,127,0.045282926568446735,22.0504985181446,0.04332121516334892
0.5023489010859897,127,1.5099969216855231,0.01188973954083089,-0.007498989388325314,-0.007022160955115125,0.004390750152505576,0.004867578585715765,False,,,,,3.120700458029179e-05,3.1207004580291964e-05,1.7618285302889447e-19,1.214306433183765e-17,0,0,7.008282842946301e-16,-1,3.3445815561528036e-13,1.8230209009040266e-14,False,1.8957058145474548e-14,-0.12413951786704637,-0.12366268943383618,0.11664052847872106,-0.0005142643851812146,0.11633485625002038,0.0009112541287400083,highs-ipm,0.0,509,32,True,106,127,0.01188973954083089,0.00017251160050751722,4819106,0.1285437000001366,0,0.11546496501603194,0.10343268560480048,0.030449830214993978,0.00047682843321018853,0.0,127,127,127,0.04158279875065432,20.320654862456035,0.03992270110502168
0.8966292714780867,127,1.5921936127498009,0.012536957580707093,-0.01448090494270371,-0.007184615214406137,-0.0019439473619966164,0.005352342366300956,False,,,,,5.570055736431469e-05,5.570055736431445e-05,2.371692252312041e-19,0.0,0,0,9.43689570931383e-16,-1,1.1283335377143544e-13,6.332521312879535e-14,False,6.609990332862026e-14,-0.14282395842894247,-0.1355276687006449,0.12834305348623876,-0.0005851055132262085,0.11669454374998622,0.0010026801053612403,highs-ipm,0.0,509,32,True,107,127,0.012536957580707093,0.00021276643139434245,4819107,0.0985646999997698,0,0.12422779954583164,0.1309120060000306,0.04952975651129145,0.0072962897282975725,4.440892098500626e-16,127,127,127,0.043697331101238246,21.31071994508416,0.04186781914554845
0.5810636350212247,127,1.588385231416429,0.012506970326113614,0.0031793487762823425,-0.005063115713535654,0.015686319102395957,0.00744385461257796,False,,,,,3.609693478048342e-05,3.609693478048336e-05,6.098637220230962e-20,1.734723475976807e-17,0,0,9.43689570931383e-16,-1,1.487299866598235e-13,1.3490944472671629e-14,False,1.4092893518835581e-14,-0.23288116864373942,-0.24112363313355742,0.23606051742002176,-0.000977986126708442,0.118946815624966,0.00184422279234392,highs-ipm,0.0,509,32,True,108,127,0.012506970326113614,0.00019245032416163727,4819108,0.0892877999999655,0,0.12299938981365845,0.127448254806803,0.043822439392835394,0.008242464489817997,2.220446049250313e-16,127,127,127,0.04530132948324111,22.05907144341713,0.043338057845613225
0.7978303483414381,127,1.6884210608125882,0.013294654022146364,-0.02886639875347946,-0.028394614927123252,-0.015571744731333097,-0.015099960904976888,False,,,,,4.9562953718347065e-05,4.956295371834661e-05,4.54009659728305e-19,5.204170427930421e-18,0,0,5.828670879282072e-16,-1,8.795568440245205e-14,1.3835937603956516e-14,False,1.4502288259166107e-14,-0.18676404151804954,-0.18629225769169333,0.15789764276457008,-0.0007772670853265237,0.11649119999997026,0.0012335753340982037,highs-ipm,0.0,509,32,True,109,127,0.013294654022146364,0.00022621340609690273,4819109,0.11674159999984113,0,0.17546771369285963,0.14800368094804836,0.0458298628529591,0.0004717838263562091,4.440892098500626e-16,127,127,127,0.04778455294361732,23.213109393501462,0.04560532297348028
0.6817091168168203,127,1.5795197179781857,0.012437163133686502,0.0033786661986184297,0.011646080208966098,0.01581582933230493,0.024083243342652598,False,,,,,4.234925066012627e-05,4.2349250660125764e-05,5.082197683525802e-19,1.734723475976807e-17,0,0,3.608224830031759e-16,-1,3.832372787171412e-14,1.486495388586251e-14,False,1.5515366769136563e-14,-0.10753059261235906,-0.09926317860201139,0.11090925881097749,-0.00043009604207423275,0.11714689999995187,0.0008664785844607616,highs-ipm,0.0,509,32,True,110,127,0.012437163133686502,0.00019694907658867307,4819110,0.12619450000011057,0,0.08155233561562641,0.07357484385718296,0.05125204183178488,0.008267414010347668,7.771561172376096e-16,127,127,127,0.04438847017153917,21.633455330661064,0.04250187687752665
0.7895079054318838,127,1.6347174362499284,0.01287179083661361,0.013500880677366683,0.010783172102702077,0.026372671513980293,0.023654962939315686,False,,,,,4.9045945492716864e-05,4.904594549271655e-05,3.1170812458958252e-19,1.734723475976807e-17,0,0,6.591949208711867e-16,-1,1.6105064330751429e-13,2.3517537743600325e-14,False,2.4605317783255032e-14,-0.150914343420478,-0.1536320519951426,0.16441522409784468,-0.0006491711485987423,0.11433862500003045,0.0012844939382644115,highs-ipm,0.0,509,32,True,111,127,0.01287179083661361,0.00021463258737748294,4819111,0.10503500000004351,0,0.11296193821775474,0.13230176279650233,0.05076291430444898,0.002717708574664607,4.440892098500626e-16,127,127,127,0.04710560662664608,22.898123762517447,0.04498649069256866
0.7887891987493996,127,1.6553079074762866,0.013033920531309343,-0.012297636129893902,-0.012959271971005354,0.0007362844014154411,7.464856030398904e-05,False,,,,,4.9001297872936875e-05,4.900129787293738e-05,5.082197683525802e-19,1.734723475976807e-17,0,0,7.632783294297951e-16,-1,4.6509291643653805e-14,2.51161938469302e-14,False,2.628453010800058e-14,-0.15500820216078315,-0.1556698380018946,0.14271056603088925,-0.0006570866025678382,0.10597603750001383,0.0011149262971163222,highs-ipm,0.0,509,32,True,112,127,0.013033920531309343,0.00021878811254900625,4819112,0.1102258000000802,0,0.13618654634672508,0.11270800213380104,0.04546467227238878,0.000661635841111452,4.440892098500626e-16,127,127,127,0.04618118362823882,22.46859610421603,0.04414262495916705
0.8760981085868478,127,1.6641036244966336,0.013103178145642784,-0.03875536691713999,-0.03536362915870919,-0.025652188771497206,-0.02226045101306641,False,,,,,5.442511694232964e-05,5.4425116942327866e-05,1.7753810574450135e-18,1.3877787807814457e-17,0,0,1.1657341758564144e-15,-1,1.1304499003550461e-13,2.309610835915521e-14,False,2.4202861936828413e-14,-0.2213215411764648,-0.217929803418034,0.1825661742593248,-0.0009057134115440232,0.1044968562499804,0.001426298236400975,highs-ipm,0.0,509,32,True,113,127,0.013103178145642784,0.00022601146888521798,4819113,0.1256956000001992,0,0.15627864194915636,0.129143105395483,0.058267238116033584,0.003391737758430796,0.0,127,127,127,0.047872282116548114,23.253780077191514,0.045685226084855625
0.8334029977947643,127,1.6716260386477126,0.013162409753131595,0.011856623825767132,0.016438925586414854,0.025019033578898727,0.02960133533954645,False,,,,,5.177280394798439e-05,5.177280394798422e-05,1.6940658945086007e-19,1.734723475976807e-17,0,0,8.864436962241484e-16,-1,7.609971680588856e-14,2.4879404092459367e-14,False,2.6076363290883364e-14,-0.13501314801921238,-0.13043084625856466,0.1468697718449795,-0.0005612682971455024,0.10230228749999526,0.0011474200925389024,highs-ipm,0.0,509,32,True,114,127,0.013162409753131595,0.00022492011971478754,4819114,0.12060350000001563,0,0.10864153892319159,0.11683527436322244,0.047350186048376826,0.004582301760647722,0.0,127,127,127,0.046873317315784924,22.790263271690307,0.04477458403082575
0.8263648852544697,127,1.7305467341450151,0.013626352237362324,-0.03049388646641829,-0.03392695084907793,-0.016867534229055965,-0.020300598611715605,False,,,,,5.13355811138008e-05,5.133558111380112e-05,3.1848438816761693e-19,3.469446951953614e-18,0,0,4.753142324176451e-16,-1,4.7765360189268996e-14,1.0993945554274576e-14,False,1.1546319456101628e-14,-0.19649568723624095,-0.19992875161890059,0.16600180076982265,-0.0008323072671251315,0.10123181562492789,0.0012968890685142395,highs-ipm,0.0,509,32,True,115,127,0.013626352237362324,0.00023691220065189705,4819115,0.11463169999979073,0,0.11644905214491655,0.10918676838762925,0.035414981096101784,0.0034330643826596396,3.3306690738754696e-16,127,127,127,0.05092652739523498,24.665475433779726,0.04845869436891891
0.8968610209836143,127,1.6747855143136434,0.013187287514280657,-0.03007828954420888,-0.01966890655807188,-0.016891002029928222,-0.006481619043791223,False,,,,,5.5714954146839035e-05,5.57149541468392e-05,1.6263032587282567e-19,2.0816681711721685e-17,0,0,7.580741590018647e-16,-1,3.6148167792404706e-14,1.960237527853792e-14,False,2.0462798122622416e-14,-0.1563085610639785,-0.1458991780778415,0.12623027151976962,-0.0006256336185134076,0.099812087500041,0.0009861739962482002,highs-ipm,0.0,509,32,True,116,127,0.013187287514280657,0.00022951004649627562,4819116,0.10505730000022595,0,0.1529994021496092,0.1240069241098148,0.06432775204025548,0.010409382986136998,2.220446049250313e-16,127,127,127,0.04345546838140914,21.19767836422154,0.041645733524993206
0.663422092590388,127,1.6483843943269338,0.012979404679739636,-0.07276327531967952,-0.07871508322581205,-0.05978387063993988,-0.06573567854607242,False,,,,,4.1213221005119506e-05,4.1213221005118116e-05,1.3891340334970526e-18,0.0,0,0,4.440892098500626e-16,-1,9.468936051915122e-13,2.823002248630857e-14,False,2.9531932455029164e-14,-0.25161281188246165,-0.2575646197885942,0.17884953656278213,-0.0010473250170543141,0.09648496250002836,0.0013972620043967354,highs-ipm,0.0,509,32,True,117,127,0.012979404679739636,0.00020959719784555524,4819117,0.09002209999971456,0,0.1955596692883597,0.15124108167439312,0.05593947251111306,0.0059518079061325335,4.440892098500626e-16,127,127,127,0.04556219481542967,22.180562070865214,0.04357674277183735
0.5731848556227256,127,1.5513183600984743,0.012215105197625782,0.020967695207047887,0.018329574411175664,0.03318280040467367,0.030544679608801445,False,,,,,3.5607487895570814e-05,3.5607487895570224e-05,5.89534931288993e-19,2.0816681711721685e-17,0,0,8.621575675604731e-16,-1,2.6944765862957354e-13,1.657701753643437e-14,False,1.739580701709542e-14,-0.13091780947022436,-0.13355593026609658,0.15188550467727224,-0.00055731034049751,0.09518172500003175,0.0011866055052911894,highs-ipm,0.0,509,32,True,118,127,0.012215105197625782,0.00018474632711273765,4819118,0.09062409999978627,0,0.11913933482638676,0.13714838555860517,0.044006584831691634,0.002638120795872223,2.220446049250313e-16,127,127,127,0.04822794086833779,23.418591457931072,0.04600902054603354
0.660654438827947,127,1.5070813343089795,0.011866782159913224,0.021040051162388815,0.022818130328085856,0.03290683332230204,0.034684912487999084,False,,,,,4.104128834346741e-05,4.104128834346715e-05,2.642742795433417e-19,6.938893903907228e-18,0,0,1.0668549377257364e-15,-1,7.048777794088634e-14,4.5999662412476994e-14,False,4.808653475407709e-14,-0.1070986276220081,-0.10532054845631106,0.12813867878439691,-0.0004524496807509322,0.09142696250003723,0.001001083428003101,highs-ipm,0.0,509,32,True,119,127,0.011866782159913224,0.00018178117595948174,4819119,0.08615989999998419,0,0.07564158337888534,0.09894093533131561,0.035089345547408855,0.0017780791656970413,2.220446049250313e-16,127,127,127,0.04478615751899882,21.81896650631674,0.042866338912213635
0.992062143717752,127,1.664391481754326,0.013105444738223039,-0.015225969995994737,-0.014483169569086046,-0.002120525257771698,-0.0013777248308630072,False,,,,,6.162905461922081e-05,6.162905461922108e-05,2.710505431213761e-19,1.3877787807814457e-17,0,0,8.881784197001252e-16,-1,1.155742168634788e-13,2.0875228629035902e-14,False,2.1760371282653068e-14,-0.1672104307864617,-0.166467630359553,0.15198446079046696,-0.000711893235711225,0.11892067499999825,0.001187378599925523,highs-ipm,0.0,509,32,True,120,127,0.013105444738223039,0.00023326065771307042,4819120,0.11957589999974516,0,0.16322522345109866,0.13486592339747938,0.05354030954890302,0.0007428004269086907,4.440892098500626e-16,127,127,127,0.04336447752267576,21.155137571340457,0.04156215632876318
1.100516419034569,127,1.7183818528900279,0.01353056577078762,0.006220813902380856,0.007758136287625811,0.01975137967316848,0.021288702058413433,False,,,,,6.836646970910675e-05,6.836646970910661e-05,1.3552527156068805e-19,0.0,0,0,6.661338147750939e-16,-1,4.495882832689091e-14,5.736784745163925e-15,False,6.00908212078366e-15,-0.13689552834425497,-0.13535820595901002,0.14311634224663583,-0.0005971094617364895,0.11156164687497494,0.0011180964238018424,highs-ipm,0.0,509,32,True,121,127,0.01353056577078762,0.0002513083645220618,4819121,0.12071640000021944,0,0.12055485213210466,0.12092312572200954,0.03618459399838918,0.0015373223852449547,4.440892098500626e-16,127,127,127,0.04662346899496296,22.674196042273497,0.04454655411055697
0.7415218413736441,127,1.6407719714852536,0.012919464342403571,-0.010461091103497883,-0.004973515277852947,0.0024583732389056884,0.007945949064550624,False,,,,,4.606494699223523e-05,4.606494699223544e-05,2.1006417091906648e-19,5.204170427930421e-18,0,0,7.008282842946301e-16,-1,4.439764528241241e-14,8.049116928532385e-15,False,8.472389456670726e-15,-0.13971488133941293,-0.134227305513768,0.12925379023591504,-0.0005703903591553917,0.11366139062502612,0.0010097952362180863,highs-ipm,0.0,509,32,True,122,127,0.012919464342403571,0.0002128870050086955,4819122,0.1310487999999168,0,0.10925861808365368,0.10913047383202215,0.04259765458443443,0.005487575825644936,1.1102230246251565e-16,127,127,127,0.04881781075704803,23.69168927194486,0.046545558491050805
0.5681114844676193,127,1.5148280093263053,0.01192777960099453,0.03854501687919856,0.03919710698741004,0.050472796480193094,0.05112488658840457,False,,,,,3.529231906264834e-05,3.5292319062648216e-05,1.2197274440461925e-19,0.0,0,0,5.689893001203927e-16,-1,5.562401667741357e-14,2.0516411920051825e-14,False,2.1413426587457707e-14,-0.10729641067381931,-0.10664432056560784,0.14584142755301788,-0.00045187169627205386,0.10957524375001526,0.0011393861527579522,highs-ipm,0.0,509,32,True,123,127,0.01192777960099453,0.00017749490869285858,4819123,0.12499550000029558,0,0.08683405525200905,0.09576996793675346,0.045426946941497154,0.0006520901082114755,0.0,127,127,127,0.04474561236186457,21.800059672612818,0.04282919385582086
0.6088147965622325,127,1.5497891210017698,0.012203063944895825,0.028395818848209242,0.029420544452031017,0.04059888279310507,0.041623608396926845,False,,,,,3.782089719673713e-05,3.782089719673717e-05,4.0657581468206416e-20,3.469446951953614e-17,0,0,4.85722573273506e-16,-1,3.287647931671245e-14,7.0637939941775585e-15,False,7.369105325949477e-15,-0.13092190495670974,-0.12989717935288797,0.159317723804919,-0.0005452317540439558,0.11131192500002385,0.0012446697172259296,highs-ipm,0.0,509,32,True,124,127,0.012203063944895825,0.00018666136252326062,4819124,0.11527589999968768,0,0.10997484092218071,0.09883564459702657,0.050435709510568826,0.0010247256038217745,2.220446049250313e-16,127,127,127,0.045753785165099974,22.269751235334187,0.043751967063524924
1.0670158766441649,127,1.6821994594500862,0.01324566503504005,-0.01956558779067538,-0.020597948792099585,-0.0063199227556353325,-0.007352283757059536,False,,,,,6.6285343269776e-05,6.628534326977425e-05,1.748276003132876e-18,1.734723475976807e-18,0,0,5.967448757360216e-16,-1,8.52516841842732e-14,2.1961273945214632e-14,False,2.3016311079260277e-14,-0.17517809314814023,-0.17621045414956443,0.15561250535746485,-0.0007546074297915103,0.12173065000000349,0.0012157226981051941,highs-ipm,0.0,509,32,True,125,127,0.01324566503504005,0.00024160275888265406,4819125,0.1300517999998192,0,0.20636102733771797,0.1736143095170283,0.050586609876465675,0.0010323610014242035,2.220446049250313e-16,127,127,127,0.04780327459901195,23.221789204856936,0.04562237564804899
0.5966109985539306,127,1.5256938515448786,0.012013337413739202,0.047248906658744566,0.050933302330807576,0.05926224407248377,0.06294663974454678,False,,,,,3.706277076405601e-05,3.706277076405519e-05,8.199278929421627e-19,2.7755575615628914e-17,0,0,4.163336342344337e-16,-1,3.7676459174740273e-14,5.0324328038087174e-14,False,5.261763247332851e-14,-0.09930152930642586,-0.09561713363436285,0.14655043596517042,-0.0004105671990232851,0.10475445937501604,0.001144925280977894,highs-ipm,0.0,509,32,True,126,127,0.012013337413739202,0.00018131023170660156,4819126,0.09121370000002571,0,0.07716169191177563,0.09286141516088715,0.04712509740956608,0.0036843956720630164,2.220446049250313e-16,127,127,127,0.04500675015429806,21.921806557857373,0.043068382235476176
0.5894963155069173,127,1.5756828778698655,0.01240695179425091,-0.019659832779503533,-0.020344359197270456,-0.007252880985252624,-0.007937407403019547,False,,,,,3.662079120372233e-05,3.6620791203722756e-05,4.2690460541616737e-19,1.5612511283791264e-17,0,0,3.608224830031759e-16,-1,5.880192166518583e-14,5.101561534326393e-14,False,5.345029974179738e-14,-0.17164309720649648,-0.1723276236242634,0.15198326442699295,-0.0007097755709860017,0.11461804062497549,0.0011873692533358824,highs-ipm,0.0,509,32,True,127,127,0.01240695179425091,0.00019048129748398406,4819127,0.11956190000000788,0,0.1176203690206607,0.12030065199190589,0.036345860237717645,0.000684526417766923,4.440892098500626e-16,127,127,127,0.04769385777382244,23.17105653216151,0.045522704385386074
0.8966541859167989,127,1.6894842591178947,0.013303025662345628,-0.03737698832504027,-0.03438717709563724,-0.024073962662694647,-0.021084151433291613,False,,,,,5.570210510334793e-05,5.570210510334867e-05,7.386127300057499e-19,1.3877787807814457e-17,0,0,7.37257477290143e-16,-1,3.327112890749717e-14,9.874046025259986e-15,False,1.0359768598533492e-14,-0.17696437425088218,-0.17397456302147915,0.1395873859258419,-0.0007352902419060016,0.08681949375001352,0.00109052645254564,highs-ipm,0.0,509,32,True,128,127,0.013303025662345628,0.0002325631624852093,4819128,0.09653470000012021,0,0.1530472610030865,0.14038102801783037,0.03747518335383308,0.0029898112294030332,3.3306690738754696e-16,127,127,127,0.04646890059405208,22.602363423266116,0.04440542912233029
0.971853204183073,127,1.6641696829985222,0.013103698291326946,0.008610237714877872,0.01152899937079195,0.021713936006204818,0.024632697662118896,False,,,,,6.037363141184814e-05,6.0373631411848296e-05,1.5585406229479126e-19,3.122502256758253e-17,0,0,5.551115123125783e-16,-1,7.08834033136263e-14,1.0103896885826913e-14,False,1.0560996521746802e-14,-0.12464818740060254,-0.12172942574468847,0.13325842511548042,-0.0005358792007270376,0.09270678124997289,0.0010410814462146908,highs-ipm,0.0,509,32,True,129,127,0.013103698291326946,0.0002319619280795136,4819129,0.08832729999994626,0,0.13191109388163286,0.1448133234314301,0.06411809530436077,0.002918761655914079,4.440892098500626e-16,127,127,127,0.046362621901684505,22.55296018226339,0.04430836970975126
1.3049053874030891,127,1.8093600292126284,0.014246929363878964,-0.01982122782794596,-0.009253819235307187,-0.005574298464066995,0.004993110128571777,False,,,,,8.106355625243697e-05,8.106355625244063e-05,3.6591823321385775e-18,3.469446951953614e-18,0,0,5.828670879282072e-16,-1,1.6328952079369685e-13,6.239149821785084e-14,False,6.549621955898033e-14,-0.14084281034833585,-0.13027540175569707,0.12102158252038989,-0.0005899518443606323,0.09873682187499355,0.000945481113440546,highs-ipm,0.0,509,32,True,130,127,0.014246929363878964,0.00028387929212693984,4819130,0.09168749999980719,0,0.1191625641128879,0.0862622854215094,0.0668888614768319,0.010567408592638772,4.440892098500626e-16,127,127,127,0.0492067179434269,23.871577454534354,0.04689897338808321
0.9134974999390472,127,1.6596435542616483,0.013068059482375183,0.05429662952168943,0.05266675914933956,0.06736468900406462,0.06573481863171475,False,,,,,5.674844834547233e-05,5.674844834547238e-05,4.743384504624082e-20,1.3877787807814457e-17,0,0,5.551115123125783e-16,-1,8.146261443187086e-14,1.8544193958192068e-14,False,1.9394208461420703e-14,-0.11045919125374401,-0.11208906162609387,0.16475582077543344,-0.0004945963453224016,0.09369600624999919,0.0012871548498080737,highs-ipm,0.0,509,32,True,131,127,0.013068059482375183,0.0002274111369050334,4819131,0.08192719999988185,0,0.11619098051505584,0.14533574247373598,0.06954582010611766,0.0016298703723498648,4.440892098500626e-16,127,127,127,0.04815132729947424,23.383098372425902,0.04593928953325325
0.8250495031294955,127,1.6204579952327147,0.012759511773485943,-0.02935767392225977,-0.030622768583596666,-0.016598162148773826,-0.017863256810110723,False,,,,,5.1253866719860404e-05,5.125386671986065e-05,2.439454888092385e-19,2.42861286636753e-17,0,0,4.996003610813204e-16,-1,5.006411951669065e-14,1.3183898417423734e-14,False,1.3725132141928498e-14,-0.16068173507816513,-0.16194682973950203,0.13132406115590536,-0.0006838586703897904,0.0906220968750091,0.0010259692277805107,highs-ipm,0.0,509,32,True,132,127,0.012759511773485943,0.00021395831219809812,4819132,0.09359080000012909,0,0.16289568957434195,0.1353645798777501,0.050231951887608574,0.0012650946613368963,2.220446049250313e-16,127,127,127,0.04457633312527198,21.721106290891232,0.042674079156957236
0.7130455213175003,127,1.613126201957871,0.012701781117778511,0.014561911636303312,0.01365225832008915,0.027263692754081824,0.02635403943786766,False,,,,,4.429593615434819e-05,4.429593615434805e-05,1.4230153513872246e-19,4.163336342344337e-17,0,0,4.440892098500626e-16,-1,8.98278305037914e-14,1.563072588028902e-14,False,1.637578961322106e-14,-0.11052906842058526,-0.11143872173679942,0.12509098005688857,-0.00047960344293872074,0.08869726249999133,0.000977273281694442,highs-ipm,0.0,509,32,True,133,127,0.012701781117778511,0.00020554415430346123,4819133,0.09262330000001384,0,0.07852009002631531,0.09173380688914448,0.06248140435726104,0.0009096533162141623,8.881784197001252e-16,127,127,127,0.04818877345416296,23.400446855903628,0.045973372997846026
0.5961150725545636,127,1.548045191171707,0.012189332213950448,0.007616446481593556,0.0070473621412068255,0.019805778695544004,0.019236694355157274,False,,,,,3.703196276407685e-05,3.703196276407694e-05,9.486769009248164e-20,1.0408340855860843e-17,1,0,5.898059818321144e-16,-1,4.8362355786757405e-14,1.1870712746109291e-14,False,1.2476131239225197e-14,-0.1128698296193836,-0.11343891395977033,0.12048627610097716,-0.0004801527204194298,0.08987089375000323,0.0009412990320388841,highs-ipm,0.0,509,32,True,134,127,0.012189332213950448,0.00018553902823884993,4819134,0.0954924999996365,0,0.09189380694484264,0.08684352574097144,0.046659223690258184,0.0005690843403867302,4.440892098500626e-16,127,127,127,0.04743602312984068,23.051465903322182,0.045287752265858905
0.5674071447875162,127,1.4931375868546064,0.011756988872870917,0.013147593162519788,0.01558939714200179,0.024904582035390706,0.027346386014872708,False,,,,,3.52485639522556e-05,3.5248563952254746e-05,8.538092108323347e-19,1.3877787807814457e-17,0,0,8.81239525796218e-16,-1,5.955739373897373e-14,1.9976208187610922e-14,False,2.0899948438568572e-14,-0.10940036929207675,-0.10695856531259475,0.12254796245459654,-0.00045305545970457796,0.09112494062500787,0.0009574059566765354,highs-ipm,0.0,509,32,True,135,127,0.011756988872870917,0.00017340610069226323,4819135,0.09487990000025093,0,0.08295067402523858,0.09460314979688308,0.031220639474674294,0.002441803979482002,0.0,127,127,127,0.04435072144442909,21.615839154103192,0.04246726749332651
0.5765347322782817,127,1.5623368443927161,0.01230186491647808,0.013550630339763947,0.003861118052428142,0.025852495256242027,0.016162982968906222,False,,,,,3.581558950763173e-05,3.58155895076318e-05,6.776263578034403e-20,1.734723475976807e-17,0,0,4.510281037539698e-16,-1,5.358213872597162e-14,9.756084828893563e-15,False,1.0207112932647533e-14,-0.168857681546212,-0.1785471938335478,0.18240831188597595,-0.0007332655654199279,0.11406225937506065,0.001425064936609187,highs-ipm,0.0,509,32,True,136,127,0.01230186491647808,0.0001870811053149775,4819136,0.11889700000028824,0,0.1366169551316688,0.13786008862293925,0.045459405554941816,0.009689512287335805,1.1102230246251565e-16,127,127,127,0.046495112622220516,22.614546441033934,0.044429364324231696
0.7450227241312932,127,1.6332960330881057,0.012860598685733115,0.010835674226492176,0.014217731110516857,0.023696272912225293,0.027078329796249974,False,,,,,4.6282429431268284e-05,4.628242943126704e-05,1.2468324983583301e-18,1.3877787807814457e-17,0,0,4.202367620553815e-16,-1,5.0844745080880216e-14,3.2585045772748344e-14,False,3.4111602431607935e-14,-0.14816450108978924,-0.14478244420576455,0.1590001753162814,-0.0006118388521100348,0.11862613437499192,0.0012421888696584485,highs-ipm,0.0,509,32,True,137,127,0.012860598685733115,0.00021158649983462306,4819137,0.11606339999980264,0,0.10235757605093466,0.12205284922200384,0.053919427590282454,0.003382056884024681,1.1102230246251565e-16,127,127,127,0.04637768200974343,22.559961425801507,0.04432212460864736
0.7817926620667623,127,1.6274238473273985,0.012814361002577941,0.009599225222044344,0.0065397497002361304,0.022413586224622285,0.01935411070281407,False,,,,,4.8566657821312886e-05,4.8566657821313455e-05,5.692061405548898e-19,1.0408340855860843e-17,0,0,8.326672684688674e-16,-1,4.021089017314239e-14,1.561321601520338e-14,False,1.6292522886374172e-14,-0.11531959741134976,-0.11837907293315797,0.1249188226333941,-0.0005109849114664618,0.11752329687493557,0.0009759283018233914,highs-ipm,0.0,509,32,True,138,127,0.012814361002577941,0.0002126790898950136,4819138,0.10734820000016043,0,0.09912977568195998,0.10703603851526626,0.03838146225268062,0.0030594755218082137,6.661338147750939e-16,127,127,127,0.04643752619962484,22.587780200745556,0.04437677839046278
0.5348994562330718,127,1.4795384322722323,0.011649908915529387,0.034603908736293126,0.022912928225352236,0.046253817651822515,0.034562837140881625,False,,,,,3.322911574918292e-05,3.322911574918284e-05,8.131516293641283e-20,4.85722573273506e-17,0,0,7.077671781985373e-16,-1,8.329057929468142e-14,1.971686702795239e-14,False,2.0622392682412283e-14,-0.15546585574306623,-0.16715683625400712,0.19006976447935936,-0.0006861855073663982,0.11387532499998088,0.001484920034994995,highs-ipm,0.0,509,32,True,139,127,0.011649908915529387,0.00016888421035424678,4819139,0.11690939999971306,0,0.11309206509755855,0.12765225001328567,0.039687058389810966,0.01169098051094089,4.440892098500626e-16,127,127,127,0.045805837420584694,22.293976962858647,0.04379956181308182
0.5897131204891327,127,1.580880573111314,0.012447878528435544,0.013744413843345071,0.011740144245822037,0.026192292371780616,0.02418802277425758,False,,,,,3.663425960000731e-05,3.663425960000749e-05,1.7618285302889447e-19,1.734723475976807e-17,0,0,9.992007221626409e-16,-1,1.3269767229484586e-13,1.1473027389241608e-14,False,1.206673649889467e-14,-0.13848331607548947,-0.1404875856730125,0.15222772991883454,-0.0005854138911352126,0.12111027500003502,0.0011892791399908949,highs-ipm,0.0,509,32,True,140,127,0.012447878528435544,0.00019151196645358608,4819140,0.12827289999995628,0,0.14016505533618687,0.14348097707970928,0.03818675488542361,0.002004269597523034,4.440892098500626e-16,127,127,127,0.048364725406360574,23.481947298727928,0.046133491746027364
0.7058110709181427,127,1.5864455255141068,0.01249169705129218,0.022894061042885744,0.026865749580844853,0.035385758094177926,0.039357446632137034,False,,,,,4.384651638601493e-05,4.3846516386014556e-05,3.7269449679189215e-19,6.938893903907228e-18,0,0,6.401129626354418e-16,-1,1.721192632864188e-13,1.2624883777290208e-14,False,1.3246348462558899e-14,-0.10705203458793863,-0.10308034604997952,0.12994609563082438,-0.0004465041181437471,0.10912275312500697,0.0010152038721158154,highs-ipm,0.0,509,32,True,141,127,0.01249169705129218,0.00019980286913893442,4819141,0.11167539999996734,0,0.07775327457503882,0.09059498861733262,0.04708923227948581,0.003971688537959109,8.881784197001252e-16,127,127,127,0.049360251145021176,23.942557196540506,0.04703842278298724
0.43002195841197455,127,1.3983737433437164,0.011010816876722177,0.04081914956911309,0.041431113949661744,0.05182996644583526,0.05244193082638392,False,,,,,2.6713897844262875e-05,2.6713897844262408e-05,4.675621868843738e-19,0.0,0,0,6.522560269672795e-16,-1,2.1752911971706368e-13,4.9342040869815307e-14,False,5.1507409448703356e-14,-0.09309550692184684,-0.09248354254129819,0.13391465649095993,-0.00038797773589620846,0.10895119062499248,0.0010462082538356245,highs-ipm,0.0,509,32,True,142,127,0.011010816876722177,0.00014789950303708183,4819142,0.12157380000007834,0,0.08515697504947979,0.11151127053471448,0.0370316069323802,0.0006119643805486547,1.1102230246251565e-16,127,127,127,0.0446425943017373,21.75201415635642,0.042734801878892774
0.8733076755457994,127,1.6654289697702094,0.0131136139351985,-0.03778937589611206,-0.031959777627481034,-0.02467576196091356,-0.018846163692282536,False,,,,,5.425176918242311e-05,5.425176918242486e-05,1.748276003132876e-18,6.938893903907228e-18,0,0,9.593020822151743e-16,-1,6.94704710424432e-14,1.827617918115365e-14,False,1.9109713811360507e-14,-0.16417076232145628,-0.15834116405282525,0.12638138642534422,-0.0006727719412637735,0.10932301250004173,0.0009873545814480017,highs-ipm,0.0,509,32,True,143,127,0.0131136139351985,0.0002261120546156402,4819143,0.13069180000002234,0,0.13040717391638962,0.10650470652305805,0.04817933792558568,0.0058295982686310255,0.0,127,127,127,0.04501667528672995,21.926432623344102,0.043077470772778195
1.7048301064491571,127,1.8952960588654693,0.014923591014688735,-0.05121881113786003,-0.06826520133674943,-0.036295220123171296,-0.053341610322060695,False,,,,,0.0001059077482314844,0.00010590774823148564,1.2468324983583301e-18,4.163336342344337e-17,0,0,5.828670879282072e-16,-1,1.1323071386765138e-13,5.94546113730221e-14,False,6.231126725708691e-14,-0.23127438938361974,-0.24832077958250914,0.1800555782457597,-0.001075910793475662,0.1007091406249998,0.0014066842050449978,highs-ipm,0.0,509,32,True,144,127,0.014923591014688735,0.0003284132467729021,4819144,0.11105739999993602,0,0.2290356998390443,0.1763481264670597,0.07463113232297947,0.0170463901988894,2.220446049250313e-16,127,127,127,0.04780406608218771,23.22215614872883,0.04562309655938866
0.6642111007844547,127,1.5964654262248759,0.012570593907282487,-0.02330919682476859,-0.023192412866430118,-0.010738602917486104,-0.010621818959147631,False,,,,,4.1262235907456085e-05,4.126223590745571e-05,3.7269449679189215e-19,5.204170427930421e-18,0,0,3.469446951953614e-16,-1,1.3862717397616908e-13,1.3918174338739542e-14,False,1.4516166046973922e-14,-0.15661464986173484,-0.15649786590339637,0.13330545303696625,-0.0006525820245925978,0.09981244062502981,0.0010414488518512989,highs-ipm,0.0,509,32,True,145,127,0.012570593907282487,0.00019920100179278497,4819145,0.10420449999992343,0,0.154122929794709,0.12615744717518576,0.05314411864417302,0.00011678395833847333,6.661338147750939e-16,127,127,127,0.04350479217277449,21.220735527083054,0.04169103246971131
0.8343098565323667,127,1.5955554484173946,0.012563428727696021,0.017680682672099338,0.02301497960451361,0.03024411139979536,0.035578408332209634,False,,,,,5.182913998199733e-05,5.182913998199734e-05,1.3552527156068805e-20,6.938893903907228e-18,0,0,8.326672684688674e-16,-1,1.855529618843832e-13,1.1779097662534266e-14,False,1.2288781103819701e-14,-0.09893505263564663,-0.09360075570323236,0.11661573530774597,-0.0004174570919477487,0.10330325937501073,0.0009110604320917654,highs-ipm,0.0,509,32,True,146,127,0.012563428727696021,0.00020956705595553352,4819146,0.13670179999962784,0,0.10544214204223878,0.08155261650020779,0.05159545244361363,0.005334296932414273,0.0,127,127,127,0.04652840165814408,22.63001788243062,0.04445976008336075
0.7774191109068577,127,1.6538275008857584,0.013022263786502035,0.014332154637128502,0.015698112126729558,0.02735441842363054,0.028720375913231594,False,,,,,4.829496332614386e-05,4.8294963326144395e-05,5.353248226647178e-19,1.734723475976807e-17,0,0,6.800116025829084e-16,-1,3.964537031997395e-14,1.579986141919676e-14,False,1.6556200854722647e-14,-0.11887111023687952,-0.11750515274727846,0.13320326487400802,-0.0005072994662452009,0.10346619999998552,0.0010406505068281877,highs-ipm,0.0,509,32,True,147,127,0.013022263786502035,0.00021777943540163004,4819147,0.1078405000002931,0,0.10772023524710528,0.11904627460533129,0.0485481036233799,0.0013659574896010551,2.220446049250313e-16,127,127,127,0.048356309796793964,23.478049835307434,0.04612583464696942
1.8611737290840769,127,1.9561640536790634,0.015402866564402075,-0.026781760589349446,-0.03592515183833864,-0.011378894024947371,-0.020522285273936562,False,,,,,0.00011562015356793946,0.00011562015356793568,3.781155076543197e-18,0.0,0,0,1.2975731600306517e-15,-1,7.9769741159752e-14,2.636172530268155e-14,False,2.7644553313166398e-14,-0.2010998119632752,-0.2102432032122644,0.17431805137392575,-0.0009368826661158435,0.10207308750001687,0.001361859776358795,highs-ipm,0.0,509,32,True,148,127,0.015402866564402075,0.0003526413003899921,4819148,0.14604670000016995,0,0.2174146161642145,0.17263259022902036,0.09220362586436129,0.009143391248989191,5.551115123125783e-16,127,127,127,0.049119045800999635,23.831036537536274,0.046819325221092875
0.9594017623588423,127,1.6885202373804737,0.01329543494000373,-0.006555720603558857,-0.0037294943063709007,0.006739714336444873,0.009565940633632829,False,,,,,5.9600120807565197e-05,5.9600120807565136e-05,6.098637220230962e-20,2.42861286636753e-17,0,0,6.106226635438361e-16,-1,7.461582350251628e-14,1.499419078482278e-14,False,1.569577801063815e-14,-0.16350398028238022,-0.16067775398519227,0.15694825967882137,-0.0006872475973122225,0.09615582187501559,0.001226158278740792,highs-ipm,0.0,509,32,True,149,127,0.01329543494000373,0.00023625161847617667,4819149,0.09291239999993195,0,0.13837837882448495,0.11488435299541885,0.052471994713675134,0.002826226297187956,4.440892098500626e-16,127,127,127,0.0468884502496529,22.797291508356896,0.04478839196140844
0.46734575767805214,127,1.4721703936699524,0.011591892863542933,0.03548721834938884,0.03324820186228135,0.04707911121293177,0.04484009472582428,False,,,,,2.903253330286887e-05,2.9032533302869695e-05,8.267041565201971e-19,6.938893903907228e-18,0,0,7.494005416219807e-16,-1,1.1775996844320957e-13,1.3743173266078657e-13,False,1.4353102040232102e-13,-0.08807687517563276,-0.09031589166274025,0.1235640935250216,-0.0003818289851104488,0.10660220937495524,0.0009653444806642312,highs-ipm,0.0,509,32,True,150,127,0.011591892863542933,0.00016334747508688665,4819150,0.09977389999994557,0,0.1134334004262641,0.11416044478180161,0.046747101211007676,0.0022390164871074897,1.1102230246251565e-16,127,127,127,0.04425070376751685,21.56915780511702,0.04237555560926723
0.8015080846432642,127,1.5729346980747667,0.012385312583265879,0.0159347908221016,0.01892382613007143,0.02832010340536748,0.031309138713337306,False,,,,,4.97914226835777e-05,4.979142268357791e-05,2.1006417091906648e-19,2.0816681711721685e-17,0,0,7.91033905045424e-16,-1,5.768302502318079e-14,1.4835355166553654e-14,False,1.5508427875232655e-14,-0.11925157804061788,-0.11626254273264805,0.13518636886271948,-0.0005039419802329843,0.09816533125002991,0.001056143506739996,highs-ipm,0.0,509,32,True,151,127,0.012385312583265879,0.00020308956842028777,4819151,0.07963689999996859,0,0.09297021285735045,0.1074782739372649,0.03846585831430418,0.0029890353079698277,5.551115123125783e-16,127,127,127,0.04642768451771998,22.583205480090964,0.04436779072709423
1.1710696042509525,127,1.765639617027845,0.013902674149825552,-0.009373234915684675,-0.012998607711052795,0.0045294392341408765,0.0009040664387727562,False,,,,,7.274938678017461e-05,7.274938678017426e-05,3.5236570605778894e-19,6.938893903907228e-18,0,0,7.216449660063518e-16,-1,1.0623793511577162e-13,2.6308572291175447e-14,False,2.7547408798511697e-14,-0.1810275876966706,-0.18465296049203872,0.17165435278098592,-0.0007940500137022005,0.11966385937503787,0.0013410496311014525,highs-ipm,0.0,509,32,True,152,127,0.013902674149825552,0.00026589080919270803,4819152,0.0978661999997712,0,0.1486370038185075,0.14560285424836308,0.057466299222783825,0.0036253727953681203,0.0,127,127,127,0.04562868350157899,22.21151759583366,0.043637559127374576
0.6693080125186395,127,1.5412287930317148,0.012135659787651298,0.041283308607290195,0.04008923022867633,0.05341896839494149,0.05222489001632763,False,,,,,4.1578867132269e-05,4.157886713226817e-05,8.267041565201971e-19,2.7755575615628914e-17,0,0,5.551115123125783e-16,-1,6.074307723480388e-14,2.466082893448629e-14,False,2.576411306520754e-14,-0.1071830076746391,-0.10837708605325297,0.1484663162819293,-0.0004649268595277876,0.11496460312503132,0.0011598930959525727,highs-ipm,0.0,509,32,True,153,127,0.012135659787651298,0.00018877141825213194,4819153,0.12752509999972972,0,0.1106150522744489,0.10912512335885698,0.046935754417103535,0.0011940783786138637,3.3306690738754696e-16,127,127,127,0.0449353831379443,21.888540082285882,0.0430030257019369
0.6910197750863509,127,1.6175406777832764,0.012736540769947059,0.005600304265297507,0.005591671332279974,0.018336845035244565,0.018328212102227032,False,,,,,4.292764896981706e-05,4.292764896981578e-05,1.2807138162485021e-18,3.122502256758253e-17,0,0,5.689893001203927e-16,-1,1.3385126340637044e-13,5.2610693579424606e-14,False,5.5011550870176507e-14,-0.13704051621852503,-0.13704914915154257,0.14264082048382254,-0.000578275887843029,0.12062618437501271,0.0011143814100298636,highs-ipm,0.0,509,32,True,154,127,0.012736540769947059,0.00020506278252650084,4819154,0.1113666999999623,0,0.11818936150806886,0.1060224455615289,0.04982970586505931,8.632933017532762e-06,0.0,127,127,127,0.04497041522141307,21.904870237737043,0.043035108522076704
1.0391667277656575,127,1.6467290772223189,0.012966370686789913,0.01954899204338828,0.017851591754203464,0.032515362730178195,0.030817962440993378,False,,,,,6.455529366733797e-05,6.455529366733659e-05,1.3823577699190182e-18,0.0,0,0,7.216449660063518e-16,-1,5.62536128789759e-14,2.3474278076918154e-14,False,2.461225667715894e-14,-0.11232074097185907,-0.11401814126104388,0.13186973301524735,-0.0005099386579682893,0.11816266875001702,0.00103023228918162,highs-ipm,0.0,509,32,True,155,127,0.012966370686789913,0.00023255523476564745,4819155,0.1146654000003764,0,0.12091605085323656,0.1324264050381338,0.04622856232287808,0.0016974002891848167,2.220446049250313e-16,127,127,127,0.04727431542230542,22.976431480848824,0.04514033689754189
0.8302501186509507,127,1.6660733844771263,0.013118688066749026,0.01119598389862897,0.014232641166384757,0.024314671965377996,0.027351329233133784,False,,,,,5.157694024912966e-05,5.1576940249129913e-05,2.507217523872729e-19,1.734723475976807e-17,0,0,4.440892098500626e-16,-1,5.864492919060993e-14,1.5382226742355343e-14,False,1.6181500583911657e-14,-0.14120615130098116,-0.13816949403322537,0.15240213519961013,-0.0005913015263164165,0.11887080625000124,0.0011906416812469541,highs-ipm,0.0,509,32,True,156,127,0.013118688066749026,0.00022357558690024287,4819156,0.1142176000003019,0,0.11092337116632735,0.11510333452676887,0.04365135431965886,0.003036657267755788,2.220446049250313e-16,127,127,127,0.04893674193353189,23.74671479068671,0.04665366363592674
0.7335348603796628,127,1.6039584897807493,0.012629594407722435,0.0010095185567586817,-0.00036238957277459627,0.013639112964481117,0.012267204834947839,False,,,,,4.5568778389253906e-05,4.556877838925244e-05,1.463672932855431e-18,2.2551405187698492e-17,0,0,6.661338147750939e-16,-1,4.987460097694019e-13,2.343264471349471e-14,False,2.456368441983159e-14,-0.1695276674472575,-0.17089957557679078,0.17053718600401618,-0.0007131452454860914,0.12016723437501753,0.0013323217656563764,highs-ipm,0.0,509,32,True,157,127,0.012629594407722435,0.0002049859072056175,4819157,0.09926580000001195,0,0.15164790323750044,0.15968833650941225,0.03136340921469478,0.001371908129533278,1.1102230246251565e-16,127,127,127,0.046599337945219886,22.662983009987727,0.04452452457757903
1.268620400436697,127,1.7825920791965182,0.014036158103909593,-0.03019559565262693,-0.023614580184488143,-0.016159437548717338,-0.00957842208057855,False,,,,,7.880945406965835e-05,7.880945406965869e-05,3.3881317890172014e-19,6.938893903907228e-18,0,0,6.106226635438361e-16,-1,3.9667271203858157e-14,1.1297386637298956e-14,False,1.1830814106161824e-14,-0.12235936294837503,-0.11577834748023624,0.0921637672957481,-0.0005310686239143315,0.11866925312500598,0.000720029431998032,highs-ipm,0.0,509,32,True,158,127,0.014036158103909593,0.0002756683564542664,4819158,0.11110550000012154,0,0.11678023132516484,0.08704009709707992,0.04206359300282913,0.006581015468138787,0.0,127,127,127,0.0454655842388505,22.13557550478659,0.043488360520209414
0.5255240366669254,127,1.502873662644773,0.011833650886966716,0.02005501536989221,0.022524711447888368,0.031888666256858926,0.034358362334855085,False,,,,,3.264669432711859e-05,3.264669432711863e-05,4.0657581468206416e-20,0.0,0,0,4.735795089416683e-16,-1,8.714209909221893e-14,1.2513427793958698e-14,False,1.309369279667294e-14,-0.10954973476524094,-0.10708003868724478,0.12960475013513315,-0.00045092809544916855,0.12037272812503375,0.0010125371104307277,highs-ipm,0.0,509,32,True,159,127,0.011833650886966716,0.00017261784875306842,4819159,0.128354599999966,0,0.07179116382361399,0.07860041343748607,0.038060737955226055,0.0024696960779961585,2.220446049250313e-16,127,127,127,0.045543640245128574,22.171922808822664,0.04355976976193058
0.6097377680668113,127,1.5654061696526036,0.012326032831910265,0.00548746435604619,0.0013615229231292436,0.017813497187956454,0.013687555755039509,False,,,,,3.78782341908237e-05,3.7878234190823566e-05,1.3552527156068805e-19,2.0816681711721685e-17,0,0,5.273559366969494e-16,-1,3.073409582388109e-14,2.117316738603492e-14,False,2.2162827129079687e-14,-0.17109380893304194,-0.17521975036595888,0.17658127328908813,-0.0007223303840578505,0.09989053437496409,0.001379541197571001,highs-ipm,0.0,509,32,True,160,127,0.012326032831910265,0.00018973490260110656,4819160,0.12292139999999563,0,0.14010498118373055,0.15750000116206553,0.029411048829067168,0.004125941432916945,2.220446049250313e-16,127,127,127,0.047441526582687944,23.054019167419245,0.04529276850180598
1.057764679093243,127,1.7474001661820318,0.01375905642663017,-0.04679973960029182,-0.04286684221855652,-0.033040683173661656,-0.02910778579192635,False,,,,,6.571063878904222e-05,6.571063878904246e-05,2.439454888092385e-19,1.0408340855860843e-17,0,0,3.191891195797325e-16,-1,3.547943189241565e-14,1.0228796976097243e-14,False,1.0734468869344482e-14,-0.20956263432365574,-0.20562973694192044,0.16276289472336392,-0.0008689517987184192,0.1020586281250786,0.0012715851150262806,highs-ipm,0.0,509,32,True,161,127,0.01375905642663017,0.0002548931750180566,4819161,0.1359496999998555,0,0.17261362741352057,0.15136371980835983,0.0593532870205427,0.003932897381735304,2.220446049250313e-16,127,127,127,0.04769012427391306,23.16932525468319,0.04551930305438741
0.5353346886153693,127,1.4924741499247067,0.011751764960037062,0.014895658113963539,0.011891222784463404,0.0266474230740006,0.023642987744500465,False,,,,,3.3256153329873336e-05,3.325615332987324e-05,9.486769009248164e-20,0.0,0,0,4.85722573273506e-16,-1,6.900903459783336e-14,9.2821583752567e-14,False,9.704043124614259e-14,-0.11684572401684029,-0.11985015934634043,0.13174138213080383,-0.0005014208382765155,0.09107157187500547,0.001029229547896905,highs-ipm,0.0,509,32,True,162,127,0.011751764960037062,0.00017129479675174192,4819162,0.11066279999977269,0,0.11032590406535646,0.11863561192916885,0.03780048774814905,0.0030044353295001353,4.440892098500626e-16,127,127,127,0.045480874287158586,22.142695846012437,0.04350234940277493
0.7324890009068385,127,1.6369482576324976,0.012889356359311006,0.0034602890977203926,0.005597133414459388,0.0163496454570314,0.018486489773770393,False,,,,,4.5503807327727193e-05,4.5503807327728854e-05,1.6601845766184287e-18,6.938893903907228e-18,0,0,4.718447854656915e-16,-1,7.832970383425675e-14,3.197442310920451e-14,False,3.357730760100708e-14,-0.13681118749958604,-0.13467434318284704,0.14027147659730643,-0.0005715754603857252,0.0977186968749919,0.0010958709109164565,highs-ipm,0.0,509,32,True,163,127,0.012889356359311006,0.00021154991624235283,4819163,0.11995420000039303,0,0.1133843809667266,0.10841349739079827,0.03733317546672983,0.002136844316738995,2.220446049250313e-16,127,127,127,0.04920635531290787,23.871409782683365,0.04689864397383765
1.1579147592676737,127,1.6888202927758786,0.013297797580912431,0.022226535797874064,0.03283605007310256,0.03552433337878649,0.04613384765401499,False,,,,,7.193217924422306e-05,7.193217924421921e-05,3.848917712323541e-18,1.3877787807814457e-17,0,0,7.216449660063518e-16,-1,5.50942104438068e-13,1.1109884713589313e-13,False,1.164346397075633e-13,-0.1084247119866942,-0.09781519771146571,0.13065124778456827,-0.00045402279530463215,0.09551090937497975,0.0010207128733169396,highs-ipm,0.0,509,32,True,164,127,0.013297797580912431,0.0002486222791592336,4819164,0.11541729999999006,0,0.15052375535234241,0.12962309358752583,0.054630149052027316,0.010609514275228493,4.440892098500626e-16,127,127,127,0.04862505992178091,23.602483333778657,0.04637030124514471
0.6963541529678083,127,1.5887362776262837,0.012509734469498296,0.028837982470190454,0.03228965728447315,0.04134771693968875,0.04479939175397145,False,,,,,4.325903210735201e-05,4.3259032107351805e-05,2.0328790734103208e-19,6.938893903907228e-18,0,0,5.551115123125783e-16,-1,5.654184802653117e-14,1.8788789968304798e-14,False,1.9713397581000436e-14,-0.11438995981599495,-0.11093828500171225,0.1432279422861854,-0.0004766117078952903,0.09461069062501792,0.0011189682991108235,highs-ipm,0.0,509,32,True,165,127,0.012509734469498296,0.0001996675003294456,4819165,0.10556399999995847,0,0.09406526070519461,0.08992181099523268,0.04561141124889237,0.0034516748142826986,0.0,127,127,127,0.04922814502563969,23.88148462929222,0.04691843738564287
1.0221643904833557,127,1.703473639254972,0.013413178261850173,-0.024498793946873626,-0.022055212334236712,-0.011085615685023453,-0.00864203407238654,False,,,,,6.349907155497495e-05,6.349907155498117e-05,6.220609964635582e-18,1.734723475976807e-18,0,0,5.551115123125783e-16,-1,5.3497137275648754e-14,4.231771183471622e-14,False,4.421463195569686e-14,-0.14871497392341404,-0.14627139231077713,0.12421617997654041,-0.0006348716977689543,0.08997881874995528,0.000970438906066722,highs-ipm,0.0,509,32,True,166,127,0.013413178261850173,0.000243287670042776,4819166,0.1270988999999645,0,0.15735116766004495,0.14372419084763116,0.05235280779999818,0.0024435816126369136,4.440892098500626e-16,127,127,127,0.04480667346141712,21.828532848382043,0.04288513329741069
0.7572419387970039,127,1.675502752652324,0.01319293506025452,-0.017436523445476748,-0.022246380669256105,-0.004243588385222229,-0.009053445609001586,False,,,,,4.704151358018508e-05,4.704151358018434e-05,7.386127300057499e-19,8.673617379884035e-18,0,0,6.106226635438361e-16,-1,1.0147438445073931e-13,3.016337180028472e-14,False,3.151645611154663e-14,-0.20213905845704866,-0.20694891568082802,0.1847025350115719,-0.0008554357154584187,0.1007193937499693,0.0014429885547779056,highs-ipm,0.0,509,32,True,167,127,0.01319293506025452,0.00022100262960769536,4819167,0.10808889999998428,0,0.15942192817662051,0.157457325272391,0.06338766429574542,0.004809857223779357,4.440892098500626e-16,127,127,127,0.04657052303983027,22.64959284198325,0.04449821776421071
0.9342818843479528,127,1.68286831414385,0.01325093160743189,0.004694749066237042,0.009956067931666729,0.01794568067366893,0.02320699953909862,False,,,,,5.80396194380028e-05,5.803961943800402e-05,1.2197274440461925e-18,2.7755575615628914e-17,0,0,7.147060721024445e-16,-1,3.180389979151599e-13,2.591503400761752e-14,False,2.721434189112415e-14,-0.1438953307361728,-0.13863401187074312,0.14859007980240985,-0.0005995787283080943,0.11056551875005027,0.001160859998456327,highs-ipm,0.0,509,32,True,168,127,0.01325093160743189,0.00023351278114559592,4819168,0.11634409999987838,0,0.10161246582810021,0.10193473693914445,0.035209398998431875,0.005261318865429687,2.220446049250313e-16,127,127,127,0.04736948047859341,23.02059207662471,0.045227096417730275
0.9261372755285819,127,1.6519889816198632,0.013007787256849316,0.00048201922202789627,-0.0014551301052215526,0.013489806478877212,0.011552657151627763,False,,,,,5.7533658652220966e-05,5.753365865222083e-05,1.3552527156068805e-19,1.0408340855860843e-17,0,0,4.996003610813204e-16,-1,2.0183334170642553e-13,1.0436096431476471e-14,False,1.0984269049885143e-14,-0.14834214851995564,-0.1502792978472051,0.14882416774198354,-0.0006445621658678657,0.11424368749997882,0.0011626888104842464,highs-ipm,0.0,509,32,True,169,127,0.013007787256849316,0.00022662315524347537,4819169,0.07993350000015198,0,0.13664977681395968,0.12901752157602026,0.03961083544212537,0.0019371493272494489,0.0,127,127,127,0.04902307070148908,23.78664843888692,0.04673211874044582
0.847874673615795,127,1.6139669388651197,0.01270840109342614,0.012845002239863582,0.01857026410967043,0.02555340333328972,0.031278665203096565,False,,,,,5.267181587506424e-05,5.267181587506336e-05,8.809142651444724e-19,0.0,1,0,9.71445146547012e-16,-1,1.2933252559188535e-13,5.455184914904265e-14,False,5.703770789011742e-14,-0.11166013650431017,-0.10593487463450332,0.12450513874417375,-0.000466479919916092,0.11146216250000407,0.0009726963964388574,highs-ipm,0.0,509,32,True,170,127,0.01270840109342614,0.0002140717932522438,4819170,0.13125459999992017,0,0.08994932014096052,0.09121215685748628,0.04986466339809183,0.0057252618698068435,4.440892098500626e-16,127,127,127,0.04647154620854996,22.60359309897371,0.044407844988160534
0.6594111851212484,127,1.6072319692894956,0.012655369836925162,0.03329875359928662,0.03384575091087448,0.04595412343621178,0.04650112074779964,False,,,,,4.096405472349613e-05,4.096405472349598e-05,1.4907779871675686e-19,6.938893903907228e-18,0,0,4.579669976578771e-16,-1,6.687966153107183e-14,9.245208765218393e-15,False,9.679756995950584e-15,-0.11135555816006894,-0.11080856084848108,0.14465431175935556,-0.0004738099955378752,0.12248092499997654,0.0011301118106199653,highs-ipm,0.0,509,32,True,171,127,0.012655369836925162,0.00020104196095402312,4819171,0.10180239999999685,0,0.10685730586208968,0.09848233342401443,0.05852793534735379,0.0005469973115878601,4.440892098500626e-16,127,127,127,0.04721454946619116,22.948693455931753,0.04508584176018026
0.6337800243407448,127,1.595389796773291,0.012562124384041662,0.008857567876520589,0.009524865956596185,0.02141969226056225,0.022086990340637845,False,,,,,3.937179135804199e-05,3.937179135804182e-05,1.6940658945086007e-19,6.938893903907228e-18,0,0,7.494005416219807e-16,-1,6.008388231393269e-14,3.1280533718813786e-14,False,3.266831249959523e-14,-0.11503983093065412,-0.11437253285057852,0.12389739880717471,-0.0004861394978056142,0.11237580000000946,0.0009679484281810524,highs-ipm,0.0,509,32,True,172,127,0.012562124384041662,0.00019710140913814048,4819172,0.11743699999988166,0,0.11572378173526693,0.10846182207913163,0.030238867573244635,0.0006672980800755957,2.220446049250313e-16,127,127,127,0.04490925198080713,21.876358367865897,0.042979093060640274
0.9106595454782739,127,1.6938813535638602,0.013337648453258742,-0.03628403183543277,-0.047130133069407665,-0.02294638338217403,-0.03379248461614892,False,,,,,5.657214845178375e-05,5.657214845178385e-05,1.0164395367051604e-19,1.3877787807814457e-17,0,0,5.828670879282072e-16,-1,8.28660057239361e-14,2.0071184297920652e-14,False,2.1045665210550624e-14,-0.20563377629288476,-0.21647987752685965,0.169349744457452,-0.0009021966700410793,0.1210617406249952,0.0013230448785738437,highs-ipm,0.0,509,32,True,173,127,0.013337648453258742,0.00023435387100437778,4819173,0.08410529999991923,0,0.2044546296658334,0.19741554273645984,0.051439855583703106,0.010846101233974892,4.440892098500626e-16,127,127,127,0.04890295236735071,23.731082745836225,0.046622952349383545
1.221474971282742,127,1.8239956766130934,0.014362170681992862,-0.04100839995090699,-0.030398368543542165,-0.02664622926891413,-0.016036197861549303,False,,,,,7.588067763486044e-05,7.588067763486071e-05,2.710505431213761e-19,1.734723475976807e-17,0,0,4.440892098500626e-16,-1,4.910698583882045e-14,4.799004076072588e-14,False,5.0286164121615684e-14,-0.1389527585160284,-0.12834272710866357,0.0979443585651214,-0.0005772194554030778,0.11011978437498726,0.000765190301290011,highs-ipm,0.0,509,32,True,174,127,0.014362170681992862,0.00028200354638142466,4819174,0.11510630000020683,0,0.1364879262962039,0.10636168577038718,0.052266815930920994,0.010610031407364828,2.220446049250313e-16,127,127,127,0.04887948489862465,23.72022541350839,0.046601621637541044
1.1114974281041157,127,1.7559995442124825,0.013826768064665217,-0.008420860580718753,-0.003703075145800677,0.005405907483946464,0.01012369291886454,False,,,,,6.904863383764123e-05,6.904863383764107e-05,1.6263032587282567e-19,1.0408340855860843e-17,0,0,8.881784197001252e-16,-1,2.5815178987531606e-13,1.111307226797642e-14,False,1.1636525076852422e-14,-0.13459793736945838,-0.1298801519345403,0.12617707678873963,-0.0005763929773319391,0.11777492499999198,0.0009857584124120283,highs-ipm,0.0,509,32,True,175,127,0.013826768064665217,0.0002600924934824578,4819175,0.11976850000019112,0,0.15709585989648614,0.13017216393640998,0.04855981718525514,0.004717785434918076,2.220446049250313e-16,127,127,127,0.04981725642406049,24.153711862404514,0.04745326495560808
0.5911904925100817,127,1.605458754733498,0.012641407517586599,-0.015026464531081418,-0.013533571049736709,-0.0023850570134948193,-0.0008921635321501101,False,,,,,3.672603715804615e-05,3.67260371580451e-05,1.0503208545953324e-18,2.42861286636753e-17,0,0,1.1171619185290638e-15,-1,6.048026662819339e-14,3.160926381751139e-14,False,3.309852392163748e-14,-0.14249030945576052,-0.1409974159744158,0.1274638449246791,-0.0005874971933081069,0.11210843125002157,0.0009958112884740555,highs-ipm,0.0,509,32,True,176,127,0.012641407517586599,0.00019645906786908772,4819176,0.1275140000002466,0,0.14003713805010368,0.11642202120936036,0.045921820517561045,0.0014928934813447092,2.220446049250313e-16,127,127,127,0.04620932828069433,22.481684553058138,0.04416833900404349
0.7943373748827465,127,1.6723870684647886,0.013168402113895973,-0.01677271333455324,-0.0175428187867612,-0.0036043112206572674,-0.004374416672865226,False,,,,,4.934596262217849e-05,4.9345962622141215e-05,3.727622594276725e-17,1.5612511283791264e-17,0,0,4.180683577104105e-16,-1,1.777592829876884e-12,6.039370392674215e-13,False,6.319667011922547e-13,-0.14506423633959253,-0.1458343417918005,0.1282915230050393,-0.0006190113602463619,0.11479832812501911,0.0010022775234768695,highs-ipm,0.0,509,32,True,177,127,0.013168402113895973,0.0002226558299740217,4819177,0.1432491000000482,0,0.12052605441255808,0.12162645749110776,0.02843962953488299,0.0007701054522079587,6.661338147750939e-16,127,127,127,0.046470068210447836,22.60290612952459,0.04440649534287739
0.4551565918292934,127,1.514502051672449,0.011925213005294874,-0.031409143768761166,-0.030705711581204886,-0.019483930763466294,-0.018780498575910014,False,,,,,2.8275315851711647e-05,2.82753158517121e-05,4.54009659728305e-19,2.42861286636753e-17,0,0,6.245004513516506e-16,-1,5.543152742371049e-13,2.0936377631564085e-14,False,2.1822821327788233e-14,-0.1638292704895932,-0.16312583830203692,0.13242012672083203,-0.0006654856217190438,0.10436759687503638,0.0010345322400065003,highs-ipm,0.0,509,32,True,178,127,0.011925213005294874,0.00017043047035460046,4819178,0.152628199999981,0,0.14411982437940254,0.11992580343979485,0.04158549901024578,0.0007034321875562799,0.0,127,127,127,0.0426922766170312,20.840634658359697,0.04094427241328035
0.5114333742052315,127,1.4812728515638955,0.011663565760345634,0.00649519781528074,0.00873606113092995,0.018158763575626374,0.020399626891275585,False,,,,,3.177135177728742e-05,3.17713517772876e-05,1.8295911660692887e-19,3.469446951953614e-18,0,0,9.853229343548264e-16,-1,4.725300012387024e-14,2.0603310724176538e-14,False,2.1538326677728037e-14,-0.11457575547253335,-0.11233489215688414,0.12107095328781409,-0.0004705795242651163,0.10034165312495702,0.0009458668225610476,highs-ipm,0.0,509,32,True,179,127,0.011663565760345634,0.00016774769886449662,4819179,0.11944859999994151,0,0.10622378765028075,0.12270478759737745,0.03644884172348859,0.002240863315649211,2.220446049250313e-16,127,127,127,0.043079004512607925,21.021622717028233,0.041299848167049576
0.6930780198194451,127,1.6434682045714313,0.012940694524184499,-0.010207566986466549,-0.009303408129616358,0.00273312753771795,0.0036372863945681403,False,,,,,4.3055511602090234e-05,4.305551160209022e-05,1.3552527156068805e-20,2.0816681711721685e-17,0,0,5.273559366969494e-16,-1,3.864443487433533e-14,1.1782241848834474e-14,False,1.2337353361147052e-14,-0.18041085810463306,-0.17950669924778287,0.1702032911181665,-0.000744253555538742,0.1147269437499574,0.0013297132118606759,highs-ipm,0.0,509,32,True,180,127,0.012940694524184499,0.0002104324979389106,4819180,0.12450459999990926,0,0.12809794725167287,0.13579475745842612,0.04150611840333499,0.0009041588568501902,4.440892098500626e-16,127,127,127,0.046040040150029785,22.402947819286204,0.044013649939658554
0.8416752100960786,127,1.6572089424214063,0.013048889310404774,-0.0006718994625029284,-0.0030574323044066376,0.012376989847901846,0.009991457005998136,False,,,,,5.228669173915547e-05,5.228669173915523e-05,2.439454888092385e-19,1.5612511283791264e-17,0,0,5.273559366969494e-16,-1,1.6851233949899402e-13,1.990540978574762e-14,False,2.0872192862952943e-14,-0.1819029696715125,-0.18428850251341622,0.18123107020900958,-0.0007721636546821873,0.10960278750000896,0.0014158677360078874,highs-ipm,0.0,509,32,True,181,127,0.013048889310404774,0.00022245747962908765,4819181,0.11794390000022759,0,0.17331060362445835,0.16543746488759015,0.04589745537671844,0.002385532841903709,1.1102230246251565e-15,127,127,127,0.047677399936916415,23.163424704352394,0.0455077106175882
0.47272146825374717,127,1.4712255221118822,0.01158445293001482,0.0518498733010265,0.05256357100766949,0.06343432623104132,0.06414802393768432,False,,,,,2.9366484117125043e-05,2.9366484117125226e-05,1.8295911660692887e-19,0.0,0,0,6.800116025829084e-16,-1,9.425880215241378e-14,1.3285813421637371e-14,False,1.384309333829492e-14,-0.06373419349671036,-0.06302049579006737,0.11558406679773686,-0.00027554029579707586,0.11198953437501302,0.0009030005218573192,highs-ipm,0.0,509,32,True,182,127,0.01158445293001482,0.0001635083393370406,4819182,0.12799339999992299,0,0.089561088364486,0.12191249820421651,0.05148016480967677,0.0007136977066429934,6.661338147750939e-16,127,127,127,0.04422292110097077,21.556189186750842,0.042350076987722675
0.8404348883593394,127,1.6190018985822971,0.012748046445529898,-0.0522729011849421,-0.050437991714341684,-0.0395248547394122,-0.03768994526881179,False,,,,,5.2209640259525005e-05,5.2209640259524686e-05,3.1848438816761693e-19,1.3877787807814457e-17,0,0,1.1900203045200897e-15,-1,4.564187569555678e-14,1.3145083979648753e-14,False,1.371819324802459e-14,-0.17429899334105697,-0.17246408387045656,0.12202609215611487,-0.0007258974678784956,0.10844153125002265,0.0009533288449696475,highs-ipm,0.0,509,32,True,183,127,0.012748046445529898,0.00021461975546980112,4819183,0.1401056999998218,0,0.13637165334374976,0.11405850737510353,0.0367297923654605,0.0018349094706004154,1.1102230246251565e-16,127,127,127,0.04388066900630718,21.396373347416976,0.04203609694973866
0.7385215638923536,127,1.636564506156109,0.01288633469414259,-0.015497321291715743,-0.014384049495540702,-0.0026109865975731533,-0.0014977148013981118,False,,,,,4.587856324003145e-05,4.5878563240029815e-05,1.633079522306291e-18,5.204170427930421e-18,0,0,5.689893001203927e-16,-1,2.202015967570775e-13,2.7962441390139148e-14,False,2.926131559277678e-14,-0.17219096408948886,-0.17107769229331382,0.15669364279777312,-0.0007141507987607869,0.11563344062500391,0.0012241690843576025,highs-ipm,0.0,509,32,True,184,127,0.01288633469414259,0.000211846050387646,4819184,0.12524200000007113,0,0.15672442780259158,0.1256066367126241,0.04563107550349502,0.0011132717961750416,3.3306690738754696e-16,127,127,127,0.04639566179256236,22.56831972330535,0.044338545625354324
0.7123219326751047,127,1.6217722097231884,0.012769859919080223,0.016931173202557437,0.017337721415595475,0.02970103312163766,0.030107581334675698,False,,,,,4.425098525661815e-05,4.4250985256618056e-05,9.486769009248164e-20,1.3877787807814457e-17,0,0,4.440892098500626e-16,-1,4.3978709562964013e-14,8.157537145780935e-15,False,8.583411759133242e-15,-0.14764450158066753,-0.1472379533676295,0.16457567478322496,-0.0006193992405989207,0.11382877187499219,0.001285747459243945,highs-ipm,0.0,509,32,True,185,127,0.012769859919080223,0.00020723337050688437,4819185,0.09434200000032433,0,0.12393342597192364,0.14071471791038762,0.03774590130378851,0.00040654821303803823,4.440892098500626e-16,127,127,127,0.047556683976702,23.107438971464454,0.04539771900091248
1.011972204867307,127,1.7353945343414525,0.013664523892452382,-0.008213024997217933,-0.009135404140293263,0.00545149889523445,0.0045291197521591196,False,,,,,6.286591085229826e-05,6.286591085229901e-05,7.453889935837843e-19,3.469446951953614e-18,0,0,4.440892098500626e-16,-1,5.162450328333179e-14,2.510361710172937e-14,False,2.6249835638481045e-14,-0.14795918588353618,-0.1488815650266115,0.13974616088631825,-0.0006444345242375002,0.11048263125002222,0.0010917668819243613,highs-ipm,0.0,509,32,True,186,127,0.013664523892452382,0.0002494616153939794,4819186,0.11603289999993649,0,0.14198580672160085,0.1142401474530972,0.06370731130820524,0.0009223791430753303,2.220446049250313e-16,127,127,127,0.04524952326813072,22.034936951193703,0.043290642340262676
0.8505248401662421,127,1.6350500717192744,0.012874410013537594,0.03303880037176567,0.030862457711371888,0.04591321038530326,0.04373686772490948,False,,,,,5.2836449975981776e-05,5.283644997598316e-05,1.3823577699190182e-18,1.3877787807814457e-17,0,0,4.85722573273506e-16,-1,1.8202540169598436e-13,1.8133931856123553e-14,False,1.8991752614994084e-14,-0.10275137069873773,-0.10492771335913151,0.1357901710705034,-0.00046271033028509064,0.10718444375002889,0.0010608607114883078,highs-ipm,0.0,509,32,True,187,127,0.012874410013537594,0.00021848307875227518,4819187,0.11939520000032644,0,0.10275380960051606,0.11785575272164672,0.04803515156291626,0.002176342660393779,5.551115123125783e-16,127,127,127,0.04791942949574717,23.275634487540817,0.04572816205803697
0.6088595003164733,127,1.5550699917208533,0.012244645604101207,-0.005591310529997215,-0.005547006308067842,0.006653335074103992,0.0066976392960333645,False,,,,,3.782367429102427e-05,3.7823674291024296e-05,2.710505431213761e-20,2.3418766925686896e-17,0,0,6.852157730108388e-16,-1,5.94564003066067e-14,1.967349894105297e-14,False,2.0518309273853674e-14,-0.12198281460445043,-0.12193851038252106,0.11639150407445321,-0.0005141459804727472,0.1165851218749907,0.0009093086255816657,highs-ipm,0.0,509,32,True,188,127,0.012244645604101207,0.00018768071048838537,4819188,0.11165769999979602,0,0.10995596819081647,0.10433515394796157,0.033424711751363044,4.430422192937267e-05,2.220446049250313e-16,127,127,127,0.04386888311846351,21.390868018396414,0.04202528097916781
0.4818410666682607,127,1.5001356178878507,0.011812091479431895,0.048277610216973674,0.046404425322944726,0.06008970169640557,0.05821651680237662,False,,,,,2.9933013373737044e-05,2.993301337373732e-05,2.778268066994105e-19,1.3877787807814457e-17,0,0,9.159339953157541e-16,-1,1.3910248820858673e-13,8.471283570454791e-14,False,8.870681966755001e-14,-0.06774822777285376,-0.06962141266688271,0.11602583798982744,-0.0003018916566037479,0.11388010937503168,0.0009064518592955268,highs-ipm,0.0,509,32,True,189,127,0.011812091479431895,0.0001693997110003115,4819189,0.1170548999998573,0,0.07161558026534455,0.09505618245160212,0.041235695379506096,0.001873184894028948,1.1102230246251565e-16,127,127,127,0.046933034993094744,22.81799696161349,0.04482907065149998
0.7153829947146418,127,1.6268759176187213,0.012810046595423003,-0.0038388926882025887,-0.003697281529791513,0.008971153907220414,0.00911276506563149,False,,,,,4.444114507757561e-05,4.444114507757494e-05,6.708500942254059e-19,5.204170427930421e-18,0,0,4.3368086899420177e-16,-1,4.7723543866728946e-14,1.3285379740768377e-14,False,1.3912482277333993e-14,-0.15077830683753357,-0.1506366956791225,0.14693941414933098,-0.0006328657375741472,0.11086334375005436,0.0011479641730416483,highs-ipm,0.0,509,32,True,190,127,0.012810046595423003,0.00020845112815688502,4819190,0.11374660000001313,0,0.12377588014496305,0.10330979692468094,0.04805544800091058,0.00014161115841107574,1.1102230246251565e-16,127,127,127,0.04473595259739265,21.79555495861059,0.042820343730079743
0.40592284474879214,127,1.4483406230472986,0.011404256874388178,0.01852111884812757,0.01848086375603658,0.02992537572251575,0.02988512063042476,False,,,,,2.5216808572558054e-05,2.5216808572558843e-05,7.894347068410079e-19,1.0408340855860843e-17,0,0,7.771561172376096e-16,-1,2.628984269864576e-13,2.7412100367385506e-14,False,2.851885394505871e-14,-0.15492105890163863,-0.15496131399372962,0.1734421777497662,-0.0006305344413605652,0.1140144624999948,0.0013550170136700484,highs-ipm,0.0,509,32,True,191,127,0.011404256874388178,0.00015522434156598855,4819191,0.12625590000016018,0,0.13052590703977482,0.1546578801444599,0.06343216471844515,4.025509209099054e-05,0.0,127,127,127,0.04034078675546037,19.73724448751798,0.03877651176329662
1.3976072492839555,127,1.858585400054305,0.014634530709089015,-0.0015163337228090157,0.0019685136148312465,0.013118196986279999,0.016603044323920263,False,,,,,8.682239721350176e-05,8.682239721350126e-05,5.014435047745458e-19,1.734723475976807e-17,0,0,1.2212453270876722e-15,-1,1.5922159424253124e-14,7.461262510610744e-15,False,7.771561172376096e-15,-0.1541412845549906,-0.15065643721735034,0.15262495083218158,-0.0006753241050937761,0.11441357499994353,0.0011923824283764186,highs-ipm,0.0,509,32,True,192,127,0.014634530709089015,0.00030082131183452017,4819192,0.12856760000022405,0,0.12276181238473292,0.10191502977097187,0.07796270640439001,0.003484847337640264,2.220446049250313e-16,127,127,127,0.04996578132893656,24.222296715459443,0.047588009264163934
0.46277313699060946,127,1.487070627058153,0.01170921753589097,0.031246996988834375,0.033630894806983266,0.042956214524725346,0.04534011234287424,False,,,,,2.8748472176371858e-05,2.8748472176372806e-05,9.486769009248164e-19,6.938893903907228e-18,0,0,8.604228440844963e-16,-1,1.1146254275465339e-13,2.1961599205866378e-14,False,2.2967738821932926e-14,-0.09947154423791454,-0.09708764641976565,0.13071854122674892,-0.0004079970910035824,0.12016163124999935,0.001021238603333976,highs-ipm,0.0,509,32,True,193,127,0.01170921753589097,0.00016579776718021814,4819193,0.12648849999959566,0,0.08090729039709678,0.09966900737143614,0.0345941602544468,0.002383897818148892,0.0,127,127,127,0.045346278897544806,22.080009681760696,0.04337919387379312
0.6570151924643974,127,1.6247671094284595,0.012793441806523302,-0.010245129060359959,-0.015058571430718648,0.0025483127461633434,-0.002265129624195346,False,,,,,4.0815210456782774e-05,4.081521045678205e-05,7.250602028496811e-19,1.3877787807814457e-17,0,0,4.0245584642661925e-16,-1,3.645434648591461e-14,2.082015115867364e-14,False,2.1767310176556975e-14,-0.17961011085544448,-0.18442355322580317,0.16936498179508452,-0.0007612197152450757,0.11497658437504299,0.0013231639202740978,highs-ipm,0.0,509,32,True,194,127,0.012793441806523302,0.00020440717665973766,4819194,0.10185409999985495,0,0.11811983967710542,0.11405057256750717,0.03683376846993564,0.004813442370358689,4.440892098500626e-16,127,127,127,0.046582659652992395,22.655232766071883,0.04450929816517069
0.7161887184611139,127,1.6418055667972944,0.012927602888167673,-0.00261346835703663,-0.004350024342641423,0.010314134531131043,0.00857757854552625,False,,,,,4.4491198386326265e-05,4.4491198386325574e-05,6.911788849595091e-19,4.336808689942018e-17,0,0,5.464378949326942e-16,-1,8.569859231977173e-14,2.0622426563730173e-14,False,2.1593837828959295e-14,-0.13701505915756357,-0.13875161514316836,0.13440159080052694,-0.000586489695039327,0.11840129687497836,0.0010500124281291167,highs-ipm,0.0,509,32,True,195,127,0.012927602888167673,0.00021152670578632892,4819195,0.1333582000002025,0,0.16099078504973835,0.147212528187954,0.0473052920009024,0.001736555985604793,4.440892098500626e-16,127,127,127,0.04698547148550061,22.842346563021064,0.04487690876821427
1.381904175165158,127,1.892059269025725,0.014898104480517519,-0.04374080215263293,-0.05166989318267745,-0.028842697672115412,-0.036771788702159934,False,,,,,8.584688815019939e-05,8.584688815019766e-05,1.7211709488207383e-18,6.938893903907228e-18,0,0,6.522560269672795e-16,-1,1.686529605207654e-13,2.493144579673867e-14,False,2.623595785067323e-14,-0.20148127928503073,-0.20941037031507526,0.1577404771323978,-0.0009038561471934604,0.1181454999999687,0.0012323474775968579,highs-ipm,0.0,509,32,True,196,127,0.014898104480517519,0.0003076317473291164,4819196,0.14750839999987875,0,0.19518280778138633,0.18675755262265747,0.06181414348411474,0.007929091030044522,0.0,127,127,127,0.050737729889091525,24.578449768120105,0.04828772056605129
1.2625194549435026,127,1.876684547506166,0.014777043681150914,-0.04897777107930923,-0.04078762810096889,-0.03420072739815831,-0.02601058441981798,False,,,,,7.843045008748901e-05,7.843045008748886e-05,1.4907779871675686e-19,1.0408340855860843e-17,0,0,8.187894806610529e-16,-1,1.015659182191514e-13,1.2082565850612959e-14,False,1.2753686995381486e-14,-0.17566361034972028,-0.16747346737137994,0.12668583927041105,-0.0007326236820069418,0.11820411874998626,0.0009897331193000863,highs-ipm,0.0,509,32,True,197,127,0.014777043681150914,0.0002966373827138648,4819197,0.13373529999989842,0,0.1482848449499268,0.11753831484145344,0.05170405858070463,0.008190142978340333,6.661338147750939e-16,127,127,127,0.04894606298656734,23.75102680611502,0.0466621351790079
0.7680890268329655,127,1.5931996558270547,0.012544879179740589,-0.04496588466001006,-0.047696211023122714,-0.032421005480269466,-0.03515133184338212,False,,,,,4.771535824330325e-05,4.7715358243304535e-05,1.2874900798265365e-18,2.0816681711721685e-17,0,0,5.898059818321144e-16,-1,3.251288127614771e-13,2.159036838200734e-14,False,2.248201624865942e-14,-0.22400564869564843,-0.22673597505876109,0.17903976403563837,-0.00093340276081659,0.1174293031249789,0.0013987481565284248,highs-ipm,0.0,509,32,True,198,127,0.012544879179740589,0.00020499560854116258,4819198,0.13634989999991376,0,0.19035233650433028,0.1839028280368736,0.046342823374776125,0.002730326363112656,2.220446049250313e-16,127,127,127,0.04269524469144488,20.842024223843428,0.04094700240440752
0.7856939315855812,127,1.6010427823242082,0.012606636081292977,0.007460006839603378,0.004837027160104784,0.020066642920896355,0.01744366324139776,False,,,,,4.8809013155384476e-05,4.880901315538413e-05,3.4558944247975454e-19,6.938893903907228e-18,0,0,5.551115123125783e-16,-1,4.472637538111002e-14,2.002651516841425e-14,False,2.1017909634934995e-14,-0.14403076856743205,-0.14665374824693064,0.15149077540703543,-0.000621675217244957,0.11668318437504865,0.0011835216828674643,highs-ipm,0.0,509,32,True,199,127,0.012606636081292977,0.00020764039447070635,4819199,0.11958910000021206,0,0.14482448998163694,0.14250254477798294,0.04678233253906773,0.002622979679498594,2.220446049250313e-16,127,127,127,0.048822472841434685,23.693846499079807,0.046549796658310036
0.7943492410659095,127,1.7123200284924094,0.013482834870018971,-0.028403844029475822,-0.02840384402947549,-0.014921009159456851,-0.014921009159456518,False,-0.1619150789702843,0.14079621445734952,-0.0076360296429157926,32,4.9346699775205296e-05,4.934669977520658e-05,1.2874900798265365e-18,2.6020852139652106e-17,0,0,5.689893001203927e-16,-1,1.8614927307925022e-13,2.617280307412595e-14,True,2.7304547511874944e-14,-0.16525077425112547,-0.16525077425112514,0.13684693022164965,-0.0006948575366936641,0.12353475590554994,0.0010691166423566379,highs-ipm,0.0,509,127,True,900000,127,0.013482834870018971,0.00023103658757778875,5719000,0.18401330000006055,0,0.1426905051780246,0.1248662310412816,0.04588970733977011,3.3306690738754696e-16,0.0,127,127,127,0.04366882995742413,21.29740182930982,0.0418416538886244
0.5685213894814453,127,1.5636322898045385,0.012312065274051483,-0.01226723002701599,-0.012267230027015852,4.483524703549277e-05,4.483524703563155e-05,False,-0.14155395752683025,0.13579566155637307,0.006553769303594303,32,3.531778325221067e-05,3.531778325221109e-05,4.2012834183813297e-19,1.3877787807814457e-17,0,0,6.106226635438361e-16,-1,1.2880668753822988e-13,1.7391456655878323e-14,True,1.8214596497756474e-14,-0.16671142294082567,-0.16671142294082553,0.15444419291380967,-0.0006865342791148108,0.12397943149606033,0.001206595257139138,highs-ipm,0.0,509,127,True,900001,127,0.012312065274051483,0.00018683534795714733,5719001,0.11357819999966523,0,0.12834100189979217,0.13007733052617187,0.044891700635797636,1.3877787807814457e-16,4.440892098500626e-16,127,127,127,0.044861168683513496,21.853941503710764,0.04293505207015867
0.8729521582443588,127,1.7256478925590664,0.013587778681567452,-0.0544753140356288,-0.054475314035628775,-0.04088753535406135,-0.040887535354061325,False,-0.23347723601252493,0.1780505052201982,-0.041838952110759275,32,5.42296836756574e-05,5.422968367565766e-05,2.574980159653073e-19,0.0,0,0,7.771561172376096e-16,-1,6.185503498290501e-14,1.633372256892862e-14,True,1.707661789751569e-14,-0.20912088469948445,-0.20912088469948442,0.15464557066385565,-0.0008711081395330187,0.1201011748031542,0.0012081685208113722,highs-ipm,0.0,509,127,True,900002,127,0.013587778681567452,0.00023875087155669327,5719002,0.10963730000003125,0,0.16486774175555818,0.1400345407824637,0.05041592007231946,2.7755575615628914e-17,4.440892098500626e-16,127,127,127,0.04587562046554346,22.326451023466525,0.043863361539226965
0.7742996152329455,255,1.6057749249594178,0.006297156568468305,-0.0061993219034015,-0.0033089252901033345,9.783466506680522e-05,0.002988231278364971,False,,,,,1.1919396116920378e-05,1.1919396116920903e-05,5.251604272976662e-19,3.469446951953614e-18,0,0,7.008282842946301e-16,-1,1.6084399437343855e-13,4.391983738499805e-14,False,4.538730502545718e-14,-0.07709801217916556,-0.0742076155658674,0.07089869027576406,-0.00015685614526900568,0.6847506124999541,0.0002769480088897034,highs-ipm,0.0,1021,16,True,0,255,0.006297156568468305,5.156190272758739e-05,5331000,0.5785304000000906,0,0.06458254269337824,0.05695073453888731,0.023829652293969987,0.0028903966132981657,6.661338147750939e-16,255,255,255,0.033339155565917274,32.941051008717096,0.03226351714859657
0.7731563793135039,255,1.5899763392878248,0.006235201330540489,0.018932653712696437,0.017844516226905957,0.025167855043236927,0.024079717557446447,False,,,,,1.1901797397367652e-05,1.1901797397367339e-05,3.1340219048409113e-19,3.469446951953614e-18,0,0,6.453171330633722e-16,-1,1.5169559808595953e-13,4.937023012629993e-14,False,5.104250355714157e-14,-0.07518176232172188,-0.07626989980751236,0.09411441603441832,-0.00016086644545891491,0.6957530000000247,0.00036763443763444657,highs-ipm,0.0,1021,16,True,1,255,0.006235201330540489,5.076787602935203e-05,5331001,0.5749605000000884,0,0.07918155049102198,0.0808984160915614,0.025373883573207693,0.0010881374857904802,0.0,255,255,255,0.03269288315886808,32.3227110882193,0.03165789528718835
0.6796678113785808,255,1.5914378496313142,0.006240932743652212,0.008227684626849557,0.009209403538845737,0.01446861737050177,0.015450336282497949,False,,,,,1.0462655169090715e-05,1.0462655169090786e-05,7.115076756936123e-20,1.214306433183765e-17,0,0,5.48172618408671e-16,-1,7.963074644123935e-14,3.115910307549541e-14,False,3.219646771412954e-14,-0.0647859010791207,-0.06380418216712452,0.07301358570597026,-0.00013508019846425587,0.7049797812500458,0.00028520931916394633,highs-ipm,0.0,1021,16,True,2,255,0.006240932743652212,4.9401649221341356e-05,5331002,0.5979868999997962,0,0.07576059359789632,0.08458263571329987,0.02371488963995964,0.0009817189119961794,6.661338147750939e-16,255,255,255,0.0334951849644663,33.090220783075935,0.03240961878851708
0.9831371214632502,255,1.6831948939600483,0.006600764290039405,-0.008612281221131293,-0.0054035924328944135,-0.002011516931091888,0.0011971718571449916,False,,,,,1.5134194254304992e-05,1.5134194254306088e-05,1.0960606337470646e-18,3.469446951953614e-18,0,0,3.191891195797325e-16,-1,4.731987371386914e-13,6.708002209254715e-14,False,6.932648899393712e-14,-0.07810630247679981,-0.07489761368856293,0.06949402125566852,-0.00016141859598978056,0.7071103000000392,0.00027146102052995515,highs-ipm,0.0,1021,16,True,3,255,0.006600764290039405,5.868946055388587e-05,5331003,0.6110125999998672,0,0.05896622453318499,0.05037505906138323,0.018248475816589317,0.0032086887882368798,8.881784197001252e-16,255,255,255,0.0335381709678951,33.131309050882244,0.032449861949933635
1.0501006341444181,255,1.6426623479672735,0.006441813129283425,0.02207157896880138,0.022421349408674532,0.028513392098084806,0.028863162537957957,False,,,,,1.616501567966183e-05,1.6165015679662438e-05,6.098637220230962e-19,0.0,0,0,5.551115123125783e-16,-1,1.1023018435529774e-13,6.130165819406841e-14,False,6.32618957219222e-14,-0.10063315790242687,-0.10028338746255372,0.12270473687122825,-0.00021203100681746267,0.7224822687499852,0.00047931537840323536,highs-ipm,0.0,1021,16,True,4,255,0.006441813129283425,5.764613953977353e-05,5331004,0.585331799999949,0,0.0751941340571184,0.0732887495271415,0.024888825871633085,0.00034977043987315104,2.220446049250313e-16,255,255,255,0.03225449253926831,31.902827375043056,0.031246647771834533
0.7195060015572587,255,1.5830607228725133,0.006208081266166719,0.014772472375824297,0.015808827277695586,0.020980553641991015,0.022016908543862304,False,,,,,1.107591541096493e-05,1.107591541096503e-05,9.994988777600744e-20,6.938893903907228e-18,0,0,7.73686670285656e-16,-1,8.274117847849923e-14,7.437453430902963e-14,False,7.680661662234911e-14,-0.0825272081256811,-0.0814908532238098,0.09729968050150539,-0.00017023773811371856,0.7126949562499192,0.00038007687695900544,highs-ipm,0.0,1021,16,True,5,255,0.006208081266166719,4.960534031309347e-05,5331005,0.601974600000176,0,0.06198480022949925,0.05996710246968317,0.03491011135935861,0.0010363549018712892,7.771561172376096e-16,255,255,255,0.032686035863055615,32.316155595431425,0.03165147462823842
0.6746913548685809,255,1.559749081583498,0.0061166630650333256,0.0034160593904332542,-0.000394739483131179,0.00953272245546658,0.0057219235819021465,False,,,,,1.0386048704055586e-05,1.038604870405532e-05,2.659683454378503e-19,0.0,0,0,4.0245584642661925e-16,-1,1.3942791149065825e-13,4.701935455569961e-14,False,4.859307400906232e-14,-0.08433496918326931,-0.08814576805683375,0.08775102857370257,-0.00018254575194005872,0.6999633500000186,0.00034277745536602565,highs-ipm,0.0,1021,16,True,6,255,0.0061166630650333256,4.77894433274763e-05,5331006,0.5906411999999364,0,0.07914739691760607,0.07442093480735655,0.021893892503822808,0.0038107988735644333,0.0,255,255,255,0.03278055460708355,32.406638665428204,0.03174009663607072
0.9284665362171404,255,1.6215273856225876,0.0063589309240101475,-0.01588082056828627,-0.014451220475715648,-0.00952188964427612,-0.0080922895517055,False,,,,,1.4292607420639847e-05,1.4292607420640634e-05,7.877406409464993e-19,3.469446951953614e-18,0,0,3.885780586188048e-16,-1,1.7713906513491806e-13,3.2043215737048714e-14,False,3.307076834602185e-14,-0.10918896471193384,-0.10775936461936322,0.09330814414364758,-0.00022476011644283444,0.7468154500000423,0.00036448493806112334,highs-ipm,0.0,1021,16,True,7,255,0.0063589309240101475,5.4714611280909874e-05,5331007,0.6273284999997486,0,0.06616241198412329,0.06055188143583515,0.017856667130904315,0.001429600092570621,2.220446049250313e-16,255,255,255,0.03176460485054091,31.433198425236007,0.030786678183384923
0.6256048504034256,255,1.5886622367982444,0.006230047987444096,0.0008822493852551766,-0.0012554680059769507,0.0071122973726992725,0.004974579981467145,False,,,,,9.630421968351532e-06,9.630421968351502e-06,3.049318610115481e-20,2.6020852139652106e-18,0,0,3.434752482434078e-16,-1,6.411624703384078e-14,6.311140846038121e-14,False,6.521172490892013e-14,-0.10722238730765324,-0.10936010469888537,0.10810463669290842,-0.000223224376458362,0.8155682625000793,0.0004222837370816735,highs-ipm,0.0,1021,16,True,8,255,0.006230047987444096,4.8434487551437554e-05,5331008,0.8161381999998412,0,0.07768517947446518,0.07199095812992828,0.030543682489375744,0.0021377173912321273,0.0,255,255,255,0.03328692711093222,32.89110864422377,0.03221460200217803
0.7515781920849884,255,1.5933879470284962,0.006248580184425475,0.006296435030283903,0.003502971424667392,0.012545015214709378,0.009751551609092867,False,,,,,1.1569627580927891e-05,1.1569627580926992e-05,8.99548989984067e-19,1.734723475976807e-18,0,0,4.996003610813204e-16,-1,5.75026137816792e-14,4.529709940470639e-14,False,4.6747328230623e-14,-0.11276584698902523,-0.11555931059464174,0.11906228201930913,-0.00023727140608608663,0.7715011624999875,0.0004650870391379263,highs-ipm,0.0,1021,16,True,9,255,0.006248580184425475,5.060305023945673e-05,5331009,0.8023838000003707,0,0.09506619646740969,0.10375607213195923,0.022562457183718854,0.0027934636056165113,4.440892098500626e-16,255,255,255,0.03180418253858138,31.471155982329417,0.030823855026767304
0.7583814619714192,255,1.616930273642037,0.006340903033890341,-0.03538350742768623,-0.03917850022064362,-0.029042604393795888,-0.032837597186753276,False,,,,,1.1674355604900117e-05,1.1674355604900363e-05,2.456395547037471e-19,6.938893903907228e-18,0,0,4.996003610813204e-16,-1,2.0012897589127832e-13,2.7911700728466826e-14,False,2.8803348595118905e-14,-0.1770989607017158,-0.1808939534946732,0.14171545327402957,-0.00036498285852418395,0.7855144875000519,0.000553575989351678,highs-ipm,0.0,1021,16,True,10,255,0.006340903033890341,5.1869972653464546e-05,5331010,0.8478181000000404,0,0.11006335339604213,0.10132595304384738,0.026166624752947086,0.0037949927929573878,2.220446049250313e-16,255,255,255,0.03280232512898526,32.427477303085354,0.031760506663159015
1.34064014240103,255,1.7514567409301127,0.0068684578075690695,-0.028358591772221123,-0.023117000762964343,-0.021490133964652054,-0.016248542955395275,False,,,,,2.0637516270385775e-05,2.063751627038547e-05,3.049318610115481e-19,1.734723475976807e-17,0,0,9.575673587391975e-16,-1,3.1667377053956614e-13,3.9938104906545036e-14,False,4.1293357622151916e-14,-0.13903531806726618,-0.1337937270580094,0.11067672629504506,-0.0002819533894305601,0.7632104999999569,0.00043233096209001977,highs-ipm,0.0,1021,16,True,11,255,0.0068684578075690695,6.779301588236158e-05,5331011,0.7867240999999012,0,0.10058631082033687,0.0864555404058166,0.034771004139353384,0.00524159100925678,1.1102230246251565e-16,255,255,255,0.033702809919151984,33.28864795302771,0.03260396469444438
0.669688693234162,255,1.568842800780811,0.006152324708944357,-0.01518854243564774,-0.022136034599530674,-0.009036217726703382,-0.01598370989058632,False,,,,,1.0309038843161598e-05,1.0309038843161068e-05,5.30242624981192e-19,0.0,0,0,9.71445146547012e-16,-1,1.6034461085279172e-13,5.938175298703108e-14,False,6.121145257331762e-14,-0.15965617513436248,-0.1666036672982454,0.14446763269871474,-0.00033570682653504664,0.7908458562500584,0.0005643266902293544,highs-ipm,0.0,1021,16,True,12,255,0.006152324708944357,4.8150041165643083e-05,5331012,0.7408135000000584,0,0.09373378384187613,0.09942391626633058,0.03454466855505528,0.006947492163882936,0.0,255,255,255,0.03094192249634453,30.64353304429696,0.03001325469568752
1.1791487438853974,255,1.728654202421496,0.006779036087927435,-0.007975235938832273,0.0012754320261604557,-0.0011961998509048381,0.00805446811408789,False,,,,,1.8151553588090576e-05,1.815155358809192e-05,1.345088320239829e-18,1.734723475976807e-18,0,0,5.828670879282072e-16,-1,7.888611638917631e-14,3.63129665226225e-14,False,3.752553823233029e-14,-0.07671253199695102,-0.0674618640319583,0.06873729605811875,-0.00014991300677551046,0.7651370499999643,0.00026850506272702636,highs-ipm,0.0,1021,16,True,13,255,0.006779036087927435,6.408910565836056e-05,5331013,0.7961647000001904,0,0.08036571295866961,0.062210717057449176,0.030382534196921922,0.009250667964992729,2.220446049250313e-16,255,255,255,0.03324331804259609,32.84940451953772,0.03217375565086946
0.775530550755132,255,1.617150784547233,0.006341767782538169,0.0007885855544323833,0.0025521508864322917,0.007130353336970552,0.00889391866897046,False,,,,,1.1938344864659136e-05,1.1938344864659743e-05,6.06475590234079e-19,2.0816681711721685e-17,0,0,4.475586568020162e-16,-1,7.606957598549346e-14,3.6777330313098044e-14,False,3.7990444123892075e-14,-0.09394676680247589,-0.09218320147047598,0.09473535235690828,-0.00019198366023668315,0.7934603625000136,0.00037005997014417295,highs-ipm,0.0,1021,16,True,14,255,0.006341767782538169,5.2144670676153225e-05,5331014,0.707585999999992,0,0.09458965742169705,0.07697443520146652,0.03581366692738904,0.0017635653319999075,8.881784197001252e-16,255,255,255,0.032703896512936356,32.33325491697682,0.03166822224973244
0.801649283148583,255,1.665204484986843,0.00653021366661507,-0.011274515326958223,-0.00759038870711104,-0.004744301660343153,-0.0010601750404959694,False,,,,,1.234041082381138e-05,1.2340410823811404e-05,2.371692252312041e-20,6.938893903907228e-18,0,0,8.847089727481716e-16,-1,1.7474736935252366e-13,1.828290123462306e-14,False,1.8887669206435476e-14,-0.10694130760636139,-0.10325718098651421,0.09566679227940317,-0.00021401459243809695,0.7808637437500181,0.0003736984073414186,highs-ipm,0.0,1021,16,True,15,255,0.00653021366661507,5.497201476307389e-05,5331015,0.760676599999897,0,0.08516694593620089,0.0677143062091541,0.033342350960463694,0.0036841266198471834,8.881784197001252e-16,255,255,255,0.033823461007218544,33.40391758446369,0.03271686345197227
0.8939557556580463,255,1.6089346456089202,0.006309547629838903,-0.03469430055711967,-0.03719249127109542,-0.028384752927280765,-0.030882943641256516,False,,,,,1.3761356137938668e-05,1.3761356137938881e-05,2.1345230270808369e-19,3.122502256758253e-17,0,0,7.216449660063518e-16,-1,3.004007632922967e-13,5.1150435883412504e-14,False,5.277028813921447e-14,-0.1565827142058973,-0.15908090491987306,0.12188841364877764,-0.000324466248559566,0.7090735437500086,0.00047612661581553767,highs-ipm,0.0,1021,16,True,16,255,0.006309547629838903,5.355826911955014e-05,5331016,0.7152647999996589,0,0.09327857265170442,0.08060762668188302,0.02513782291975322,0.002498190713975751,4.440892098500626e-16,255,255,255,0.032114577118352076,31.76874347553912,0.031115321719431068
0.7433070098829083,255,1.6205704419196962,0.006355178203606652,-0.018326462315138098,-0.014962757188598505,-0.011971284111531446,-0.008607578984991853,False,,,,,1.1442302841147865e-05,1.1442302841146306e-05,1.5585406229479126e-18,1.734723475976807e-17,0,0,5.342948306008566e-16,-1,8.966236769974295e-14,7.258115549552135e-14,False,7.489842079877462e-14,-0.0989693782239002,-0.09560567309736061,0.0806429159087621,-0.00019817213310942874,0.7140881437500752,0.00031501139026860196,highs-ipm,0.0,1021,16,True,17,255,0.006355178203606652,5.181938588399397e-05,5331017,0.707322700000077,0,0.06576126652733372,0.0499186853851175,0.02306519216631587,0.003363705126539593,8.881784197001252e-16,255,255,255,0.03249231902176999,32.130658126985715,0.03146979248480481
0.8939414621289176,255,1.714422439628491,0.006723225253445063,-0.00469924012390429,-0.0012265533331289116,0.002023985129540773,0.005496671920316151,False,,,,,1.3761136106529812e-05,1.3761136106529536e-05,2.761327408049019e-19,2.6020852139652106e-18,0,0,4.718447854656915e-16,-1,1.5139538928066187e-13,6.565223625160099e-14,False,6.776523786555799e-14,-0.06683742094881127,-0.0633647341580359,0.062138180824906984,-0.0001375203825089434,0.7229348687500305,0.0002427272688472929,highs-ipm,0.0,1021,16,True,18,255,0.006723225253445063,5.89494158190023e-05,5331018,0.7531638999998904,0,0.08096577624609379,0.059114149177929766,0.03668302404304714,0.0034726867907753783,0.0,255,255,255,0.032265610952024563,31.913480825574208,0.03125708210144389
0.7807019241484688,255,1.584803955889614,0.006214917474076918,-0.02123640776302438,-0.022310561617121555,-0.015021490288947462,-0.016095644143044638,False,,,,,1.201795183685719e-05,1.2017951836858926e-05,1.7364175418713157e-18,6.938893903907228e-18,0,0,5.967448757360216e-16,-1,2.462618867507538e-13,1.5022271621090155e-13,False,1.5491080640472887e-13,-0.15076038779615933,-0.1518345416502565,0.12952398003313495,-0.00030856979099751615,0.6893844687499495,0.0005059530470044334,highs-ipm,0.0,1021,16,True,19,255,0.006214917474076918,5.063138028068956e-05,5331019,0.7420348999999078,0,0.10492301067867263,0.08865486947910463,0.029201015986213413,0.0010741538540971762,0.0,255,255,255,0.031105154538886397,30.80031424962225,0.03016681121412561
0.9092186482220168,255,1.68106579149276,0.0065924148685990586,-0.027180396290263573,-0.026646889624386938,-0.020587981421664514,-0.02005447475578788,False,,,,,1.399630971247343e-05,1.3996309712473772e-05,3.4220131069073734e-19,1.3877787807814457e-17,0,0,4.189357194483989e-16,-1,9.415385138211718e-14,4.07560270254681e-14,False,4.2070513739389526e-14,-0.10790836931131186,-0.10737486264543522,0.08072797302104828,-0.00022371283831683944,0.7128219999999885,0.00031534364461346985,highs-ipm,0.0,1021,16,True,20,255,0.0065924148685990586,5.7442535079572416e-05,5331020,0.6834144999997989,0,0.10123151716540928,0.08208346107459967,0.027453585949758566,0.0005335066658766346,2.220446049250313e-16,255,255,255,0.03208855694209073,31.743803782636938,0.03109089498789122
0.5715854321398592,255,1.5161107189276677,0.005945532231088893,0.02707278336848315,0.02807197710673512,0.033018315599572044,0.03401750933782401,False,,,,,8.798859054431475e-06,8.798859054433005e-06,1.5297415027412664e-18,6.938893903907228e-18,0,0,6.938893903907228e-16,-1,1.2243634925357405e-13,1.6017569215431848e-13,False,1.6524281942764674e-13,-0.058251364222355356,-0.05725217048410339,0.0853241475908385,-0.00012061950453119744,0.7432603062500505,0.0003332974515267129,highs-ipm,0.0,1021,16,True,21,255,0.005945532231088893,4.4139594681848956e-05,5331021,0.7262616000002708,0,0.0556464042335804,0.08099357953843404,0.0314868422809727,0.0009991937382519689,4.440892098500626e-16,255,255,255,0.031479878984973064,31.160042089512963,0.03051914014643777
0.6602066962901947,255,1.5886700771491145,0.006230078733918096,-0.0028527050214677413,-0.0023323495256781235,0.0033773737124503543,0.003897729208239972,False,,,,,1.0163075090460172e-05,1.0163075090459759e-05,4.1335207826009857e-19,1.0408340855860843e-17,0,0,6.106226635438361e-16,-1,7.096173692058838e-14,4.225439442784307e-14,False,4.353462035311395e-14,-0.0961559332134411,-0.09563557771765148,0.09330322819197336,-0.0001969513128202478,0.7571171624999806,0.0003644657351248959,highs-ipm,0.0,1021,16,True,22,255,0.006230078733918096,4.896700208103295e-05,5331022,0.746184600000106,0,0.08632032300669136,0.09679723731916463,0.021703295847964252,0.0005203554957896178,9.992007221626409e-16,255,255,255,0.03178016467534937,31.448121648802353,0.030801294465036586
1.017548011796783,255,1.720725985470583,0.006747945041061109,-0.009478768847693247,-0.01231855078610676,-0.002730823806632138,-0.005570605745045651,False,,,,,1.566390784908588e-05,1.5663907849085427e-05,4.54009659728305e-19,1.0408340855860843e-17,1,0,4.163336342344337e-16,-1,1.4874690021371428e-13,4.5853837220277693e-14,False,4.744815651491763e-14,-0.10757582039417546,-0.11041560233258897,0.09809705154648221,-0.00023131938115492326,0.7253025312500085,0.00038319160760344614,highs-ipm,0.0,1021,16,True,23,255,0.006747945041061109,6.11833283947788e-05,5331023,0.63082600000007,0,0.09611064920660707,0.0734924517483639,0.042782938354887744,0.002839781938413513,4.440892098500626e-16,255,255,255,0.03476730633256267,34.304736483564554,0.033599154244431495
0.8682962401506465,255,1.648184461004041,0.006463468474525651,0.01486699857754005,0.010599428845109768,0.0213304670520657,0.01706289731963542,False,,,,,1.3366359261427682e-05,1.3366359261427506e-05,1.7618285302889447e-19,3.469446951953614e-18,0,0,6.938893903907228e-16,-1,2.0780908461040526e-13,4.4879247887430473e-14,False,4.648365026227452e-14,-0.10631560320065139,-0.11058317293308167,0.12118260177819144,-0.00022934911889635265,0.800124268750011,0.0004733695381960603,highs-ipm,0.0,1021,16,True,24,255,0.006463468474525651,5.5129692543572904e-05,5331024,0.5898470000001907,0,0.08831097003176082,0.07933410348662975,0.029075695151962073,0.004267569732430282,2.220446049250313e-16,255,255,255,0.03462203883393119,34.16619820826926,0.033463465434152066
0.548195625658098,255,1.508065509377752,0.005913982389716675,0.01157145072142593,0.014310693912120878,0.017485433111142604,0.020224676301837552,False,,,,,8.438801574008713e-06,8.43880157400876e-06,4.743384504624082e-20,6.938893903907228e-18,0,0,7.632783294297951e-16,-1,1.3366174486661997e-13,5.247619829992778e-14,False,5.408520853400489e-14,-0.07853396123319788,-0.07579471804250293,0.0901054119546238,-0.0001564753602507723,0.817693074999994,0.00035197426544774925,highs-ipm,0.0,1021,16,True,25,255,0.005913982389716675,4.340572404817957e-05,5331025,0.7835043999998561,0,0.06385142686130296,0.06162696886716451,0.017717634196677236,0.0027392431906949483,2.220446049250313e-16,255,255,255,0.030884488132626193,30.588356645593958,0.029959213169044034
0.7400707406066314,255,1.6203847013207593,0.006354449809101017,-0.006427420065075573,-0.013188196062725449,-7.297025597455611e-05,-0.006833746253624432,False,,,,,1.1392484431468474e-05,1.1392484431468601e-05,1.2705494208814505e-19,2.6020852139652106e-18,0,0,9.992007221626409e-16,-1,9.745416279516306e-14,4.6899983896508957e-14,False,4.8509807282215434e-14,-0.10254201582527325,-0.10930279182292313,0.09611459576019768,-0.00022487449971061535,0.8310765687499497,0.0003754476396882722,highs-ipm,0.0,1021,16,True,26,255,0.006354449809101017,5.176035864484426e-05,5331026,0.8150871000002553,0,0.06106999732814218,0.0606580065215512,0.025768383089560636,0.006760775997649876,6.661338147750939e-16,255,255,255,0.03390917388356413,33.48579102463591,0.03279705291345339
0.6987081192882962,255,1.6377079731579847,0.006422384208462685,-0.014408735908789327,-0.012296780282700814,-0.007986351700326643,-0.005874396074238129,False,,,,,1.0755757435577713e-05,1.0755757435576822e-05,8.91078660511524e-19,1.6479873021779667e-17,0,0,4.996003610813204e-16,-1,1.2493906733843096e-13,6.51297050145716e-14,False,6.736972091303528e-14,-0.1180236007945977,-0.11591164516850919,0.10361486488580837,-0.00023714568940532132,0.7915248500000303,0.00040474556596018895,highs-ipm,0.0,1021,16,True,27,255,0.006422384208462685,5.199224182442954e-05,5331027,0.8748161000003165,0,0.08375897344883367,0.07050280652265108,0.024068507701951517,0.002111955626088514,4.440892098500626e-16,255,255,255,0.0341382758674758,33.70456395829165,0.03301132610998203
0.9617700953235075,255,1.7141605294425137,0.006722198154676525,-0.01738294350384048,-0.015877474916007092,-0.010660745349163957,-0.009155276761330568,False,,,,,1.4805275004716288e-05,1.4805275004716153e-05,1.3552527156068805e-19,0.0,0,0,3.7470027081099033e-16,-1,5.089410406240898e-13,2.6769602159970596e-14,False,2.761679773755077e-14,-0.09316432566271687,-0.09165885707488348,0.07578138215887639,-0.00019382648022909797,0.7695536687500066,0.0002960210240581109,highs-ipm,0.0,1021,16,True,28,255,0.006722198154676525,5.997872227638826e-05,5331028,0.8107253000002856,0,0.07662330018637883,0.05897099765628125,0.02592359085883466,0.001505468587833389,6.661338147750939e-16,255,255,255,0.03282745817383501,32.451533438845054,0.031784068010621995
0.8363717955841027,255,1.6462158713787056,0.00645574851521061,-0.0007449186255370638,0.0006359068601980711,0.005710829889673546,0.007091655375408681,False,,,,,1.2874921459941362e-05,1.2874921459941784e-05,4.2182240773264157e-19,9.540979117872439e-18,0,0,1.1128251098391218e-15,-1,1.0624845187684473e-13,6.084954588814195e-14,False,6.288719545111121e-14,-0.05388325902017202,-0.052502433534436885,0.053138340394634956,-0.00011541873695688882,0.8081463500000154,0.0002075716421665428,highs-ipm,0.0,1021,16,True,29,255,0.00645574851521061,5.453900024241836e-05,5331029,0.758236399999987,0,0.052203535521152464,0.057431890387034445,0.024420630210149827,0.0013808254857351349,4.440892098500626e-16,255,255,255,0.032951265234463054,32.57001848654526,0.03190011604950564
0.787419047763482,255,1.702803504099196,0.0066776608003890035,-0.04152687591091728,-0.03937325664168087,-0.03484921511052827,-0.032695595841291863,False,,,,,1.2121353744284746e-05,1.2121353744284102e-05,6.437450399132683e-19,2.0816681711721685e-17,0,0,7.494005416219807e-16,-1,5.030949615236757e-13,5.571758332489907e-14,False,5.75997582963339e-14,-0.13270770431374967,-0.13055408504451327,0.0911808284028324,-0.0002671098010968491,0.7894769999999767,0.00035617511094856405,highs-ipm,0.0,1021,16,True,30,255,0.0066776608003890035,5.6700635468450324e-05,5331030,0.7110628000000361,0,0.11528833417390093,0.0790161577000272,0.04694939810600251,0.0021536192692364065,4.440892098500626e-16,255,255,255,0.033538027973289385,33.131172374833426,0.03244972808504743
0.9335303048718063,255,1.7347225820938301,0.006802833655269922,-0.021417125339611445,-0.0190262860984666,-0.014614291684341522,-0.012223452443196677,False,,,,,1.4370557949418085e-05,1.437055794941786e-05,2.253107639696439e-19,0.0,0,0,9.43689570931383e-16,-1,2.7194566043498014e-13,2.1789536321092928e-14,False,2.2488955142563327e-14,-0.11210169327689384,-0.109710854035749,0.0906845679372824,-0.00022864956973799012,0.8286933437500181,0.00035423659350500937,highs-ipm,0.0,1021,16,True,31,255,0.006802833655269922,6.063502870739087e-05,5331031,0.696349199999986,0,0.10583665273134198,0.08374645951353761,0.03127681267868728,0.002390839241144846,8.881784197001252e-16,255,255,255,0.03173323502952376,31.40311067348394,0.030757209278632656
0.6952618134005728,255,1.6277125324744974,0.006383186401860775,-0.020153864484506845,-0.024206605590167823,-0.01377067808264607,-0.01782341918830705,False,,,,,1.0702705769002804e-05,1.0702705769002643e-05,1.6093625997831706e-19,0.0,0,0,8.049116928532385e-16,-1,1.6565394889145324e-13,4.692383634430364e-14,False,4.839878497975292e-14,-0.13275402258346763,-0.1368067636891286,0.11260015809896079,-0.000277903416099332,0.8454804499999682,0.0004398443675740656,highs-ipm,0.0,1021,16,True,32,255,0.006383186401860775,5.143729183814094e-05,5331032,1.086341000000175,0,0.1022891521929729,0.08451463955744733,0.030188209000894556,0.00405274110566098,2.220446049250313e-16,255,255,255,0.03178254089290125,31.450400608223195,0.03080352655065935
0.6321130227340953,255,1.5734631449109788,0.00617044370553325,0.014311934750886171,0.016066904140762575,0.020482378456419422,0.022237347846295826,False,,,,,9.730607326164238e-06,9.730607326164316e-06,7.792703114739563e-20,0.0,0,0,5.48172618408671e-16,-1,9.710461601475373e-14,3.816565119496573e-14,False,3.940597848028915e-14,-0.08498627550857853,-0.08323130611870212,0.0992982102594647,-0.0001722917520892544,0.8387511500000073,0.000387883633826034,highs-ipm,0.0,1021,16,True,33,255,0.00617044370553325,4.7795452381810735e-05,5331033,0.98902870000029,0,0.05798312580612246,0.05689535563414995,0.020203897224934906,0.001754969389876404,2.220446049250313e-16,255,255,255,0.032477017204311245,32.11600259673395,0.03145543839053276
0.5998630012004672,255,1.5647452709618856,0.006136255964556414,0.013257499919533941,0.017539819226051787,0.019393755884090355,0.0236760751906082,False,,,,,9.234157665237215e-06,9.234157665237005e-06,2.1006417091906648e-19,0.0,0,0,3.608224830031759e-16,-1,1.5870941713624909e-13,6.469998148350697e-14,False,6.672440377997191e-14,-0.05007182264841807,-0.045789503341900226,0.06332932256795201,-9.866678137988588e-05,0.89330025000001,0.00024738016628106255,highs-ipm,0.0,1021,16,True,34,255,0.006136255964556414,4.687875069893198e-05,5331034,0.9680289000002631,0,0.039988157234322357,0.041787557019308745,0.02678639514673281,0.0042823193065178455,0.0,255,255,255,0.03150427253295909,31.18345033817924,0.03054206693259475
0.870074877342334,255,1.6116318912221927,0.006320125063616442,0.005568677640145042,0.0036014314696936195,0.011888802703761484,0.00992155653331006,False,,,,,1.339373920688993e-05,1.33937392068891e-05,8.300922883092143e-19,3.469446951953614e-18,0,0,4.579669976578771e-16,-1,1.3191357728370434e-13,5.0998268108504163e-14,False,5.256906021600116e-14,-0.10664380274196646,-0.10861104891241788,0.1122124803821115,-0.00022552469411395528,0.846939987499951,0.00043833000149262304,highs-ipm,0.0,1021,16,True,35,255,0.006320125063616442,5.332460177080747e-05,5331035,1.0958749000001262,0,0.08795767271982531,0.09046680698628944,0.01391513775237919,0.0019672461704514227,4.440892098500626e-16,255,255,255,0.0317937565084008,31.461157029023873,0.030814061732638464
0.9082851446300181,255,1.7062844373887307,0.006691311519171493,-0.01636502947568738,-0.0185605614233965,-0.00967371795651589,-0.01186924990422501,False,,,,,1.3981939565735747e-05,1.3981939565736383e-05,6.352747104407253e-19,1.0408340855860843e-17,0,0,4.926614671774132e-16,-1,1.1729903344210452e-13,4.16160161886836e-14,False,4.296563105299356e-14,-0.10747528350049834,-0.10967081544820746,0.09111025402481096,-0.00022818275098801657,0.8365446687500651,0.0003558994297844178,highs-ipm,0.0,1021,16,True,36,255,0.006691311519171493,5.874189505428675e-05,5331036,1.1003587999998672,0,0.10523026364571696,0.09651347987518093,0.0257990347230629,0.00219553194770912,4.440892098500626e-16,255,255,255,0.03235855057327157,32.00252481752985,0.03134429463029369
0.8318276218514061,255,1.6591639473343562,0.0065065252836641425,0.010413201428808042,0.01047424239827667,0.016919726712472185,0.016980767681940814,False,,,,,1.280496945986472e-05,1.2804969459865145e-05,4.2521053952165877e-19,6.938893903907228e-18,0,0,4.163336342344337e-16,-1,9.927681506732844e-14,3.519562164497683e-14,False,3.6387559632089506e-14,-0.0786121160120698,-0.07855107504260117,0.08902531744087784,-0.00016622503790244555,0.8603524874999948,0.00034775514625342907,highs-ipm,0.0,1021,16,True,37,255,0.0065065252836641425,5.5127299130880875e-05,5331037,1.045441700000083,0,0.06201393953511377,0.07629076053524912,0.023505391894801057,6.104096946862869e-05,6.661338147750939e-16,255,255,255,0.03339697085294809,32.99632977704187,0.03231765893931623
0.7591505505138142,255,1.6421630441635315,0.0064398550751511045,-0.010039799482421147,-0.010864624321246102,-0.0035999444072700422,-0.004424769246094998,False,,,,,1.1686194782920643e-05,1.1686194782920661e-05,1.8634724839594607e-20,8.673617379884035e-19,0,0,5.967448757360216e-16,-1,1.0448586440503504e-13,3.374384105470085e-14,False,3.4861002973229915e-14,-0.1093535715208693,-0.11017839635969426,0.09931377203844816,-0.0002268783751729485,0.8292639749999182,0.0003879444220251881,highs-ipm,0.0,1021,16,True,38,255,0.0064398550751511045,5.3146482339565575e-05,5331038,0.9798691999999392,0,0.08390227929783775,0.07453136914276715,0.01912768671586379,0.0008248248388249557,0.0,255,255,255,0.03314829498405256,32.75852009148414,0.032084740540141175
1.1357277693971957,255,1.6980809786344022,0.00665914109268393,-0.014792975940593048,-0.01361046229616801,-0.008133834847909117,-0.00695132120348408,False,,,,,1.7483140761163256e-05,1.7483140761163303e-05,4.743384504624082e-20,3.469446951953614e-18,0,0,2.7755575615628914e-16,-1,5.301009197572482e-13,9.718605315043455e-14,False,1.0048906151638448e-13,-0.11349654464459918,-0.11231403100017415,0.09870356870400614,-0.00023684648255837843,0.8561316437499897,0.00038556081525002397,highs-ipm,0.0,1021,16,True,39,255,0.00665914109268393,6.181017730714594e-05,5331039,1.0377449000002343,0,0.11271079960980594,0.09636408519989219,0.030764112186502192,0.0011825136444250373,5.551115123125783e-16,255,255,255,0.03359910350008077,33.18954569273171,0.03250690077642675
0.9868402291356302,255,1.7455129404072758,0.0068451487859108855,-0.050785607707039354,-0.059678722032345866,-0.04394045892112847,-0.05283357324643498,False,,,,,1.519119907045501e-05,1.519119907045523e-05,2.202285662861181e-19,1.3877787807814457e-17,0,0,7.771561172376096e-16,-1,2.599673948333603e-13,5.772248998225926e-14,False,5.962591531627481e-14,-0.18284048076601941,-0.19173359509132593,0.13205487305898006,-0.0003896708769832012,0.8014740937500733,0.0005158393478866409,highs-ipm,0.0,1021,16,True,40,255,0.0068451487859108855,6.20323822262958e-05,5331040,1.0660800999999083,0,0.1099945427267628,0.08400638541616207,0.03549394933162289,0.008893114325306511,0.0,255,255,255,0.03295504044133036,32.57363096483131,0.03190365422608356
0.6137438931510936,255,1.5625294061260606,0.006127566298533571,0.011020146206666387,0.006110654930525192,0.017147712505199957,0.012238221229058762,False,,,,,9.447837029608044e-06,9.447837029608017e-06,2.710505431213761e-20,0.0,0,0,6.106226635438361e-16,-1,9.280163443259326e-14,2.6352184323563677e-14,False,2.723515857283587e-14,-0.09779322499193449,-0.10270271626807569,0.10881337119860088,-0.00021003907974069335,0.797148299999975,0.0004250522312445347,highs-ipm,0.0,1021,16,True,41,255,0.006127566298533571,4.69856522592811e-05,5331041,0.7900822999999946,0,0.08353744746960404,0.07862485574365441,0.022772264513897075,0.004909491276141195,2.220446049250313e-16,255,255,255,0.03132581551708745,31.01217594064615,0.030374315318948235
0.574135205057986,255,1.5323339312952782,0.006009152671746189,0.022231738212316512,0.01998579189221373,0.028240890884062703,0.02599494456395992,False,,,,,8.838109691810853e-06,8.8381096918109e-06,4.573977915173222e-20,1.3877787807814457e-17,0,0,3.608224830031759e-16,-1,1.5655968817369914e-13,7.193551310180624e-14,False,7.419065362057609e-14,-0.05701178419782231,-0.05925773051792509,0.07924352241013882,-0.00012457586460963335,0.7752749937500312,0.0003095450094146048,highs-ipm,0.0,1021,16,True,42,255,0.006009152671746189,4.493936919733685e-05,5331042,0.8845642000001135,0,0.05735907417310698,0.06798173043627338,0.027077856249273557,0.0022459463201027832,8.881784197001252e-16,255,255,255,0.031714179140194525,31.384832695740847,0.03073930724362473
0.8792535392243093,255,1.6561636188772928,0.006494759289714874,-0.007696935263162015,-0.000765150638107788,-0.0012021759734471412,0.005729608651607086,False,,,,,1.3535033487090171e-05,1.3535033487090481e-05,3.1001405869507392e-19,7.806255641895632e-18,0,0,4.2327252813834093e-16,-1,1.1946520162009477e-13,3.41289496663677e-14,False,3.519406988061746e-14,-0.054508362394533195,-0.04757657776947897,0.04681142713137118,-0.0001064580369431041,0.7759345375000635,0.00018285713723191867,highs-ipm,0.0,1021,16,True,43,255,0.006494759289714874,5.5703675074464284e-05,5331043,0.9336954000000333,0,0.061361928232475896,0.05372279729363024,0.023771497047358613,0.006931784625054227,2.220446049250313e-16,255,255,255,0.03147107551315982,31.15159393388751,0.03051086575307298
0.8413851745638878,255,1.6433813195729412,0.00644463262577624,0.010101364781205033,0.009352466373372115,0.016545997406981275,0.015797098999148357,False,,,,,1.295209630126797e-05,1.295209630126768e-05,2.913793338554793e-19,2.42861286636753e-17,0,0,2.498001805406602e-16,-1,2.2148602396576678e-13,2.3511574631651655e-14,False,2.4341639814906557e-14,-0.08994292214981366,-0.09069182055764657,0.10004428693101869,-0.00019008455832792115,0.7553301374998966,0.00039079799582429175,highs-ipm,0.0,1021,16,True,44,255,0.00644463262577624,5.4472700285816067e-05,5331044,0.8122072999999546,0,0.10295828094558891,0.09753991879108434,0.01409988331513124,0.0007488984078329181,4.440892098500626e-16,255,255,255,0.031898635429562894,31.561730634546254,0.030912566733150102
0.840125503823775,255,1.5752802207974304,0.006177569493323256,0.029255849798940373,0.030327751332140954,0.03543341929226363,0.03650532082546421,False,,,,,1.2932705209973214e-05,1.2932705209973152e-05,6.268043809681823e-20,6.938893903907228e-18,0,0,7.771561172376096e-16,-1,1.0598813493523096e-13,2.0461497080015434e-14,False,2.1149748619109232e-14,-0.0519332563287271,-0.05086135479552652,0.08118910612766747,-0.00011227128879498587,0.783853874999977,0.00031714494581120106,highs-ipm,0.0,1021,16,True,45,255,0.006177569493323256,5.10824033503941e-05,5331045,0.9296675000000505,0,0.04658385181439092,0.07068555635570417,0.036069479611646874,0.001071901533200581,2.220446049250313e-16,255,255,255,0.03297323467707336,32.591040576009135,0.03192070575515096
0.4671066395970236,255,1.5284053413746068,0.005993746436763164,-0.014039814945461832,-0.012518890815126499,-0.008046068508698666,-0.006525144378363335,False,,,,,7.190535752139675e-06,7.190535752139993e-06,3.1763735522036263e-19,4.336808689942018e-18,0,0,3.677613769070831e-16,-1,2.717356504741697e-13,5.772921203572867e-14,False,5.954264858942793e-14,-0.11382450171736391,-0.11230357758702858,0.09978468677190208,-0.00022653346072680518,0.7688655312499861,0.0003897839327027425,highs-ipm,0.0,1021,16,True,46,255,0.005993746436763164,4.31084894600454e-05,5331046,0.7795243000000482,0,0.09978297262307274,0.08485357405735526,0.024092050123999165,0.0015209241303353318,2.220446049250313e-16,255,255,255,0.03123009193560095,30.920280658605726,0.030284310145549193
0.8571951339860073,255,1.6204306385167868,0.006354629954967791,-0.011420659757498466,-0.016640222414972747,-0.005066029802530675,-0.010285592460004956,False,,,,,1.319547130138035e-05,1.3195471301380516e-05,1.6601845766184287e-19,8.673617379884035e-18,0,0,2.7755575615628914e-16,-1,7.766443738121964e-14,4.1642687562126746e-14,False,4.295869215908965e-14,-0.12045983349588277,-0.12567939615335705,0.1090391737383843,-0.00025866304191340603,0.777473018749987,0.0004259342724155637,highs-ipm,0.0,1021,16,True,47,255,0.006354629954967791,5.356386910003735e-05,5331047,0.7451096999998299,0,0.15028611860038235,0.13041773915350635,0.02505950155918501,0.00521956265747428,0.0,255,255,255,0.03209662394685727,31.751535940910742,0.031098468110588386
0.631104926265873,255,1.5618566403978202,0.006124928001560079,0.017318644920880283,0.012099857384986423,0.023443572922440363,0.018224785386546503,False,,,,,9.715088913284173e-06,9.715088913275533e-06,8.639736061993863e-18,2.0816681711721685e-17,0,0,7.840950111415168e-16,-1,4.1723569044194164e-13,3.0300761899582085e-13,False,3.1198307826052485e-13,-0.1056519506938636,-0.11087073822975746,0.12297059561474388,-0.00022625949951827058,0.7880518624999979,0.0004803538891200933,highs-ipm,0.0,1021,16,True,48,255,0.006124928001560079,4.722031666929087e-05,5331048,1.116398300000128,0,0.09158228101422194,0.10442260492607286,0.03277093894708606,0.00521878753589386,8.881784197001252e-16,255,255,255,0.029659082475750876,29.40965968554432,0.028804759731189344
0.9023929669434931,255,1.6746594629368439,0.0065672920115170345,-0.06350875588868624,-0.06539214936448812,-0.0569414638771692,-0.058824857352971084,False,,,,,1.3891236692513823e-05,1.3891236692513536e-05,2.862971361719535e-19,0.0,0,0,6.661338147750939e-16,-1,1.4425906216114504e-13,4.811006194122003e-14,False,4.9633908094648405e-14,-0.18379983107136527,-0.18568322454716715,0.12029107518267904,-0.0003765537846361994,0.7418638375000626,0.00046988701243234,highs-ipm,0.0,1021,16,True,49,255,0.0065672920115170345,5.7006955536292366e-05,5331049,1.0289909000002808,0,0.09904621652328043,0.07956632105146325,0.028826619420721237,0.001883393475801881,4.440892098500626e-16,255,255,255,0.03216547046503358,31.81751984979993,0.031163094857786414
0.822705469933453,255,1.6892339231322684,0.006624446757381445,0.0006709259149366431,-0.0017531887235652799,0.007295372672318088,0.004871258033816165,False,,,,,1.2664545081485866e-05,1.2664545081485334e-05,5.319366908757006e-19,0.0,0,0,4.718447854656915e-16,-1,1.6880073727687517e-13,4.960355043381881e-14,False,5.119515922302753e-14,-0.10063621019156965,-0.10306032483007158,0.1013071361065063,-0.00021395424201521888,0.7424917624999807,0.0003957310004160402,highs-ipm,0.0,1021,16,True,50,255,0.006624446757381445,5.653543586304172e-05,5331050,1.1156606999998075,0,0.08858900731702359,0.09427073145849547,0.03261977755066635,0.002424114638501923,4.440892098500626e-16,255,255,255,0.032124861266848194,31.778600229814582,0.031124975739289504
0.60036826912855,255,1.5877412348663564,0.0062264362151621825,-0.006958334847234418,-0.007919278733069912,-0.0007318986320722356,-0.0016928425179077297,False,,,,,9.241935647380019e-06,9.241935647379207e-06,8.114575634696197e-19,5.204170427930421e-18,0,0,6.106226635438361e-16,-1,2.4518364769021694e-13,1.0888945994880217e-13,False,1.125072257579518e-13,-0.10916211085905039,-0.11012305474488589,0.10220377601181597,-0.00022432602694598446,0.7467859437500124,0.00039923350004615615,highs-ipm,0.0,1021,16,True,51,255,0.0062264362151621825,4.800139174199912e-05,5331051,1.097071500000311,0,0.04973637187022194,0.048269335657995405,0.022137941661931466,0.0009609438858354941,8.881784197001252e-16,255,255,255,0.03330398602859422,32.90742143159964,0.03223057926699279
0.9614710886246964,255,1.6884166857106289,0.006621241904747564,-0.0020607943615945506,0.0029039298960829157,0.0045604475431530135,0.00952517180083048,False,,,,,1.480067216207704e-05,1.4800672162076653e-05,3.8624702394796095e-19,1.214306433183765e-17,0,0,4.0939474033052647e-16,-1,1.0347885742723051e-13,5.174506656491218e-14,False,5.345029974179738e-14,-0.06459531024319763,-0.059630585985520165,0.06253451588160308,-0.00013126666041504573,0.7931426125000485,0.00024427545266251204,highs-ipm,0.0,1021,16,True,52,255,0.006621241904747564,5.862702027236849e-05,5331052,0.9776199000002634,0,0.06471001063952667,0.05636372252032827,0.018229026433951228,0.004964724257677467,3.3306690738754696e-16,255,255,255,0.03290255444505143,32.52340498513562,0.03185446129788014
0.6529190010750222,255,1.6056385726928621,0.006296621853697499,0.010484311827990783,0.012927583559585537,0.01678093368168828,0.019224205413283034,False,,,,,1.0050889930684597e-05,1.0050889930684243e-05,3.5405977195229754e-19,3.469446951953614e-18,0,0,5.412337245047638e-16,-1,1.3666411752266683e-13,3.794143818569573e-14,False,3.9190872769268026e-14,-0.07286305291640945,-0.07041978118481469,0.08334736474440023,-0.00014758952505727543,0.7672322312500626,0.0003255756435328134,highs-ipm,0.0,1021,16,True,53,255,0.006296621853697499,4.968849253662736e-05,5331053,0.7399354000003768,0,0.06294494731735317,0.05766789485310524,0.02258269002462436,0.002443271731594754,2.220446049250313e-16,255,255,255,0.0331469157969826,32.75720085038662,0.03208344843328758
0.9458272094900108,255,1.6441697669294986,0.006447724576194112,-0.007282184235802569,-0.006901551118323274,-0.0008344596596084573,-0.00045382654212916193,False,,,,,1.4559853764981591e-05,1.455985376498181e-05,2.185345003916095e-19,8.673617379884035e-19,0,0,8.014422459012849e-16,-1,9.537249462399089e-14,4.0498420589285544e-14,False,4.183459134665668e-14,-0.0808312515894066,-0.0804506184719273,0.07354906735360403,-0.00017168996796796483,0.6938900750000414,0.00028730104435001574,highs-ipm,0.0,1021,16,True,54,255,0.006447724576194112,5.611874558977335e-05,5331054,0.9235326999996687,0,0.055001701960870585,0.05369080550276907,0.01961933335040191,0.0003806331174792954,4.440892098500626e-16,255,255,255,0.03306087906218191,32.674896713861465,0.03200283713404649
0.8703285648046356,255,1.6625731759597702,0.0065198948076853735,-0.006236082918453886,-0.0056219881397406996,0.0002838118892314872,0.0008979066679446739,False,,,,,1.3397644415278232e-05,1.339764441527818e-05,5.251604272976662e-20,2.6020852139652106e-18,0,0,5.828670879282072e-16,-1,6.42871172962245e-14,4.2635166230819976e-14,False,4.4048098502003086e-14,-0.12572760761552815,-0.12511351283681496,0.11949152469707426,-0.0002577599741746824,0.7511256999999887,0.00046676376834794633,highs-ipm,0.0,1021,16,True,55,255,0.0065198948076853735,5.589355063784072e-05,5331055,1.229593499999737,0,0.10748406005909128,0.1032921154753941,0.024304498635503463,0.0006140947787131867,0.0,255,255,255,0.03359585698875047,33.186442992764015,0.032503861893010785
0.5674663203948276,255,1.5034370560659454,0.005895831592415472,0.040903611048483265,0.04216080418615322,0.04679944264089874,0.048056635778568696,False,,,,,8.735450364084979e-06,8.73545036408499e-06,1.0164395367051604e-20,6.938893903907228e-18,0,0,5.134781488891349e-16,-1,8.058744643824056e-14,3.4129600187671194e-14,False,3.520100877452137e-14,-0.060115659007388106,-0.05885846586971815,0.10101927005587137,-0.00012369339151587825,0.7330193187500242,0.00039460652365574754,highs-ipm,0.0,1021,16,True,56,255,0.005895831592415472,4.3487724751204376e-05,5331056,0.7555127000000539,0,0.06494308180531985,0.08016852710950972,0.028685814467538484,0.0012571931376699555,8.881784197001252e-16,255,255,255,0.032277178793892955,31.92456466689417,0.031267937969533956
0.6800049408358343,255,1.6253799335173633,0.006374038954970052,-0.024561914710766145,-0.028166334310669658,-0.01818787575579609,-0.021792295355699605,False,,,,,1.0467844864997583e-05,1.0467844864997425e-05,1.5754812818929986e-19,2.7755575615628914e-17,0,0,4.0245584642661925e-16,-1,9.369935383141126e-14,6.05917226115249e-14,False,6.259576190714711e-14,-0.12829649418660197,-0.13190091378650548,0.10373457947583582,-0.00026808681710426593,0.7727094687499516,0.0004052132010774837,highs-ipm,0.0,1021,16,True,57,255,0.006374038954970052,5.108596492297951e-05,5331057,0.7386191999999028,0,0.0844212326951056,0.06665704381538214,0.02479408486423197,0.0036044195999035133,2.220446049250313e-16,255,255,255,0.032801601285289625,32.426784457540435,0.031759828068110126
0.8410462037463854,255,1.6157052190695202,0.006336098898311844,0.00946753685541224,0.009624063446364448,0.015803635753724083,0.01596016234467629,False,,,,,1.294687825987058e-05,1.294687825987078e-05,1.9989977555201488e-19,3.469446951953614e-18,0,0,4.579669976578771e-16,-1,4.950694802025035e-14,3.119054493849749e-14,False,3.2210345501937354e-14,-0.09370701424811162,-0.09355048765715941,0.10317455110352386,-0.00019566267446526026,0.8292394375000356,0.0004030255902481401,highs-ipm,0.0,1021,16,True,58,255,0.006336098898311844,5.308034692310453e-05,5331058,0.681593199999952,0,0.07150181393355211,0.07931998019962316,0.03564379959853445,0.0001565265909522079,2.220446049250313e-16,255,255,255,0.03255828603937264,32.19383399043482,0.03153166894263939
0.6918734023168256,255,1.593356119089723,0.006248455368979305,0.004124037235465464,0.002418750936327249,0.010372492604444769,0.008667206305306555,False,,,,,1.0650545322168196e-05,1.065054532216838e-05,1.8465318250143747e-19,6.938893903907228e-18,0,0,4.996003610813204e-16,-1,1.2509741506572247e-13,4.683991909615326e-14,False,4.837102940413729e-14,-0.08641048965618446,-0.08811577595532268,0.09053452689164992,-0.00018275167023490798,0.7275030125000512,0.0003536504956705075,highs-ipm,0.0,1021,16,True,59,255,0.006248455368979305,4.9683308336139775e-05,5331059,0.7406424999999217,0,0.06550420096456831,0.06918119834511569,0.018566106292326835,0.0017052862991382145,6.661338147750939e-16,255,255,255,0.033275307402867944,32.87999685555427,0.03220371876156148
0.7969218147555283,255,1.5950620427268665,0.006255145265595554,0.009726019210185469,0.011635528474946338,0.015981164475781025,0.017890673740541894,False,,,,,1.2267637226484339e-05,1.2267637226487464e-05,3.1255515753683683e-18,6.938893903907228e-18,0,0,5.707240235963695e-16,-1,1.882157624200076e-13,6.777347780206888e-14,False,6.993711165748095e-14,-0.08288418733334116,-0.08097467806858029,0.09261020654352663,-0.00017042130532918335,0.8266228437500445,0.0003617586193106509,highs-ipm,0.0,1021,16,True,60,255,0.006255145265595554,5.138246420459103e-05,5331060,0.7221850000000813,0,0.0736499935360567,0.08674764304579904,0.03188432544751434,0.0019095092647608697,0.0,255,255,255,0.032218877402703745,31.868700087071627,0.031213222416328724
0.8825453805548173,255,1.6551612639392503,0.006490828486036276,-0.0021604349645474308,-0.0023174045266103477,0.004330393521488845,0.004173423959425928,False,,,,,1.358570736061528e-05,1.3585707360614975e-05,3.049318610115481e-19,5.204170427930421e-18,0,0,4.102621020685149e-16,-1,8.936317117491788e-14,2.0937136573084825e-14,False,2.165628787409446e-14,-0.10143545124539069,-0.1015924208074536,0.09927501628084326,-0.0002120084042501728,0.7635993687500218,0.000387793032347044,highs-ipm,0.0,1021,16,True,61,255,0.006490828486036276,5.570325552018138e-05,5331061,0.7489203000000089,0,0.09767373346080885,0.08981757367169346,0.02444875025564363,0.0001569695620629169,5.551115123125783e-16,255,255,255,0.03358673197578404,33.177722087940786,0.032495320360372955
0.5893246189833149,255,1.545490362979268,0.006060746521487325,0.008466458499160522,0.012150483090879093,0.014527205020647846,0.018211229612366417,False,,,,,9.071932152520049e-06,9.071932152519988e-06,6.098637220230962e-20,6.938893903907228e-18,0,0,7.28583859910259e-16,-1,1.0792712210050404e-13,3.2008250216986056e-14,False,3.2980562725271056e-14,-0.04550001218695313,-0.04181598759523456,0.053966470686113654,-9.074378292446249e-05,0.8326084625000192,0.00021080652611763146,highs-ipm,0.0,1021,16,True,62,255,0.006060746521487325,4.579569521022844e-05,5331062,0.7758072999999968,0,0.033179618499182564,0.03118421022233904,0.020675234448978667,0.003684024591718571,4.440892098500626e-16,255,255,255,0.030939787311411896,30.64148191169716,0.030011245750927677
0.9880604376082753,255,1.6939506574347944,0.006642943754646253,-0.00021848186011247384,-5.4390151569272405e-05,0.006424461894533779,0.00658855360307698,False,,,,,1.5209982688378835e-05,1.5209982688378514e-05,3.2187251995663413e-19,7.806255641895632e-18,0,0,4.0939474033052647e-16,-1,3.0309088572266774e-13,3.762528483219896e-14,False,3.889943922530392e-14,-0.08730294045093234,-0.08713884874238914,0.08708445859081987,-0.0001854030466383573,0.7935936312500189,0.0003401736663703901,highs-ipm,0.0,1021,16,True,63,255,0.006642943754646253,5.932378727308032e-05,5331063,0.7625411999997596,0,0.09207714329947693,0.08686437396631158,0.02710993726860104,0.00016409170854320143,2.220446049250313e-16,255,255,255,0.0334380641672321,33.03561645201735,0.032356137563190356
0.7203166994553877,255,1.5758657659734006,0.006179865748915297,0.010004721486328694,0.004199851234231403,0.01618458723524399,0.0103797169831467,False,,,,,1.1088395114156e-05,1.1088395114155955e-05,4.404571325722362e-20,8.673617379884035e-18,0,0,3.0531133177191805e-16,-1,2.0874491371558612e-13,4.258008876045771e-14,False,4.3940545646492524e-14,-0.1052132262144018,-0.11101809646649909,0.11521794770073049,-0.000227920614775287,0.7550903499999322,0.00045007010820597847,highs-ipm,0.0,1021,16,True,64,255,0.006179865748915297,4.926827546055087e-05,5331064,0.9652707999998711,0,0.10320433225223428,0.11028851728953824,0.02678577979162585,0.005804870252097291,6.661338147750939e-16,255,255,255,0.030919903237437017,30.62238017355681,0.029992536898684436
0.7733230282044836,255,1.6234113423869472,0.006366318989752734,-0.011777594536253322,-0.015884773209046008,-0.005411275546500588,-0.009518454219293274,False,,,,,1.1904362753341457e-05,1.1904362753341893e-05,4.353749348887104e-19,2.2551405187698492e-17,0,0,4.996003610813204e-16,-1,1.731873650566429e-13,4.761421563016094e-14,False,4.912042994575927e-14,-0.1149558067048265,-0.11906298537761918,0.10317821216857317,-0.00024444925606900437,0.7309780500000613,0.00040303989128348896,highs-ipm,0.0,1021,16,True,65,255,0.006366318989752734,5.2422720719647415e-05,5331065,0.7231502999998156,0,0.055079770725359786,0.06094693695655883,0.02493584104308948,0.004107178672792686,3.3306690738754696e-16,255,255,255,0.03133307526654933,31.019144653029517,0.030381140698363875
0.7535320694674257,255,1.6058962953581686,0.0062976325308163475,0.015073607997343239,0.017568517975301262,0.021371240528159585,0.02386615050611761,False,,,,,1.1599705134919106e-05,1.1599705134921587e-05,2.4801124695605914e-18,3.469446951953614e-18,0,0,9.506284648352903e-16,-1,8.418198863685555e-13,1.0829358243480414e-13,False,1.1188966420050406e-13,-0.056398545980047246,-0.05390363600208922,0.07147215397739048,-0.0001168802442015021,0.736481587500009,0.0002791881014741816,highs-ipm,0.0,1021,16,True,66,255,0.0062976325308163475,5.124851950653619e-05,5331066,1.0048461999999745,0,0.07413006445776008,0.07116491163932491,0.023262175281297506,0.0024949099779580236,4.440892098500626e-16,255,255,255,0.03307134179171991,32.68490626289548,0.03201264080597011
0.819486608303086,255,1.6277167829233796,0.006383203070287763,-0.024553341737817147,-0.025375725377553046,-0.018170138667529385,-0.018992522307265284,False,,,,,1.2614994641238385e-05,1.2614994641238299e-05,8.639736061993863e-20,6.938893903907228e-18,0,0,7.355227538141662e-16,-1,1.5520939568303138e-13,9.112068738437173e-14,False,9.403589018575076e-14,-0.12302659777586031,-0.12384898141559621,0.09847325603804316,-0.00025450753646857465,0.7139919125000347,0.0003846611563986061,highs-ipm,0.0,1021,16,True,67,255,0.006383203070287763,5.334792054922757e-05,5331067,0.9640160000003561,0,0.09622531376008579,0.0821802807521777,0.023424661274980257,0.0008223836397358991,8.881784197001252e-16,255,255,255,0.03127673582026447,30.965061232657867,0.030328169669596342
0.7699783968410664,255,1.5857624194596451,0.006218676154743707,0.0009607684762754087,-0.0029958428323496322,0.0071794446310191155,0.0032228333223940746,False,,,,,1.1852876241788219e-05,1.1852876241788283e-05,6.437450399132683e-20,1.691355389077387e-17,0,0,2.636779683484747e-16,-1,1.7979021049718824e-13,3.575183768825263e-14,False,3.692185446269036e-14,-0.08598340140340244,-0.08994001271202748,0.08694416987967785,-0.00018751696356996697,0.736455043750027,0.0003396256635924916,highs-ipm,0.0,1021,16,True,68,255,0.006218676154743707,5.0513200273918864e-05,5331068,0.8921393999999054,0,0.06325016208618711,0.07786442521273254,0.030459626395610152,0.003956611308625041,0.0,255,255,255,0.031821742302574105,31.48799599669679,0.030840348674531625
0.7562973694677543,255,1.586120747666674,0.006220081363398722,-0.023367268451505704,-0.021478047833798836,-0.01714718708810698,-0.015257966470400113,False,,,,,1.1642273548281923e-05,1.164227354828199e-05,6.776263578034403e-20,6.938893903907228e-18,0,0,3.885780586188048e-16,-1,6.493590387623982e-14,1.635410556977135e-14,False,1.6823348270023075e-14,-0.10828860839556478,-0.10639938777785792,0.08492133994405908,-0.00021945357780191074,0.7547467750000578,0.0003317239841564808,highs-ipm,0.0,1021,16,True,69,255,0.006220081363398722,5.032028290113716e-05,5331069,0.8899622999997518,0,0.09430919919997527,0.07969706674188148,0.028545458406989313,0.0018892206177068688,0.0,255,255,255,0.030347224642536686,30.071917135293457,0.029453395823010244
0.876893382706749,255,1.6215992924445457,0.006359212911547238,0.014086811279047262,0.010753216169699792,0.0204460241905945,0.01711242908124703,False,,,,,1.3498701762423029e-05,1.3498701762423061e-05,3.218725199566341e-20,1.3877787807814457e-17,0,0,4.163336342344337e-16,-1,8.533677237076986e-13,2.56474529114481e-14,False,2.651351360682952e-14,-0.12506783590384946,-0.12840143101319693,0.13915464718289672,-0.0002642827467100733,0.7146729249999737,0.0005435728405581903,highs-ipm,0.0,1021,16,True,70,255,0.006359212911547238,5.3925069557299505e-05,5331070,0.9816252000000532,0,0.07992238606968541,0.09757117789870311,0.04214142243576223,0.0033335951093474703,0.0,255,255,255,0.03295455567956848,32.57316709998314,0.03190319990204029
0.4846234890011407,255,1.4563627233306344,0.005711226366002488,0.023675016807632426,0.024021003902426674,0.029386243173634915,0.029732230268429163,False,,,,,7.460186237120927e-06,7.460186237120937e-06,1.0164395367051604e-20,3.469446951953614e-18,0,0,9.71445146547012e-16,-1,2.1159419702487803e-13,3.237514423215515e-14,False,3.3362201889985954e-14,-0.07604623449445744,-0.07570024739966319,0.09972125130208986,-0.0001553122319395881,0.7237144187500064,0.00038953613789878853,highs-ipm,0.0,1021,16,True,71,255,0.005711226366002488,4.007098609624241e-05,5331071,0.9234851999999591,0,0.0800054116178164,0.09444632926246993,0.0328671668033644,0.00034598709479424783,0.0,255,255,255,0.0306454012330548,30.358603086488458,0.029734185197344228
1.3037460962332115,255,1.824846764367182,0.007156261821047772,-0.009424232616066008,-0.006433887326992779,-0.0022679707950182364,0.0007223744940549927,False,,,,,2.0069577526805073e-05,2.006957752680506e-05,1.3552527156068805e-20,3.469446951953614e-18,0,0,8.465450562766819e-16,-1,6.789751053060122e-14,4.18265953556346e-14,False,4.311134782497561e-14,-0.10365460892834807,-0.10066426363927485,0.09423037631228207,-0.00021667946744726373,0.856892600000009,0.0003680874074698518,highs-ipm,0.0,1021,16,True,72,255,0.007156261821047772,7.126200399315009e-05,5331072,0.7990397999997185,0,0.07267166363283432,0.06510365340280558,0.028319543847562648,0.002990345289073229,6.661338147750939e-16,255,255,255,0.03161834300507952,31.292898606425066,0.0306492640611411
0.8499116043929106,255,1.6497814966985112,0.006469731359602005,0.006411178786929678,0.007092631193602039,0.012880910146531682,0.013562362553204043,False,,,,,1.3083350266264977e-05,1.3083350266265036e-05,5.929230630780102e-20,3.469446951953614e-18,0,0,6.314393452555578e-16,-1,2.8576143187852843e-13,2.7072528246963046e-14,False,2.7929047963226594e-14,-0.08300739242778327,-0.0823259400211109,0.08941857121471294,-0.00017387620186999728,0.8285405187499748,0.00034929129380747244,highs-ipm,0.0,1021,16,True,73,255,0.006469731359602005,5.492795988068728e-05,5331073,0.7599678999999924,0,0.10361736203502536,0.08871728384984306,0.026320375236703396,0.0006814524066723615,2.220446049250313e-16,255,255,255,0.032195052858885125,31.845869516500812,0.0311908614265434
0.782716121757732,255,1.6305805602992434,0.006394433569800954,-0.013580106326002067,-0.014331696067667474,-0.007185672756201113,-0.00793726249786652,False,,,,,1.2048957947012398e-05,1.2048957947013506e-05,1.1079190950086248e-18,0.0,0,0,4.440892098500626e-16,-1,4.2860528494392813e-13,8.944077032821407e-14,False,9.231504449758177e-14,-0.10292363048462949,-0.1036752202262949,0.08934352415862742,-0.00021453962245149573,0.8186267187499254,0.0003489981412446384,highs-ipm,0.0,1021,16,True,74,255,0.006394433569800954,5.2925937491480604e-05,5331074,0.7622508000004018,0,0.0821342163406073,0.07121229719731643,0.02989967089776122,0.0007515897416654066,4.440892098500626e-16,255,255,255,0.03218736097993857,31.838498321968903,0.031183641843260435
0.9526747730375524,255,1.747246307397084,0.006851946303517977,-0.018214922603689496,-0.019171630414566862,-0.01136297630017152,-0.012319684111048886,False,,,,,1.4665263635725563e-05,1.4665263635725942e-05,3.7947076036992655e-19,0.0,0,0,1.1657341758564144e-15,-1,8.915784777130398e-14,3.8251791057569706e-14,False,3.9496184101039944e-14,-0.1045578615810291,-0.10551456939190647,0.0863429389773396,-0.00022074840697929325,0.8112672499999292,0.00033727710538023284,highs-ipm,0.0,1021,16,True,75,255,0.006851946303517977,6.160006815456052e-05,5331075,0.7794272999999521,0,0.10039122073722495,0.07731381900604714,0.03173391004785856,0.0009567078108773663,2.220446049250313e-16,255,255,255,0.032864506570543565,32.486992238640966,0.03181879749132318
0.8635337136890777,255,1.6335872314113278,0.006406224436907168,0.007815191231846014,0.011358185933961248,0.014221415668753182,0.017764410370868417,False,,,,,1.329304598798689e-05,1.3293045987991774e-05,4.883991973868296e-18,1.3877787807814457e-17,0,0,6.38378239159465e-16,-1,1.7178280824724224e-13,1.8371437184028228e-13,False,1.8991752614994084e-13,-0.06694512100129842,-0.06340212629918318,0.07476031223314443,-0.00013712532391608394,0.7946818250000831,0.00029203246966072043,highs-ipm,0.0,1021,16,True,76,255,0.006406224436907168,5.431973789033764e-05,5331076,0.7102759999997943,0,0.08167149704476061,0.07400812188345753,0.028914343964780573,0.0035429947021152347,0.0,255,255,255,0.033694735298569305,33.28093252782466,0.03259640796065099
0.9732037782082044,255,1.6339564379819558,0.006407672305811591,0.013368367998663394,0.01002310663386427,0.019776040304474985,0.01643077893967586,False,,,,,1.4981282576845445e-05,1.4981282576845657e-05,2.1175823681357508e-19,6.938893903907228e-18,0,0,3.191891195797325e-16,-1,1.787992497115365e-13,7.867838325292809e-14,False,8.125444761475364e-14,-0.07337415593701671,-0.07671941730181583,0.0867425239356801,-0.00016482389449445472,0.7732588687499913,0.0003388379841237504,highs-ipm,0.0,1021,16,True,77,255,0.006407672305811591,5.602487380901015e-05,5331077,0.6720613999996203,0,0.06515312930412807,0.07699492199346074,0.02325349705792614,0.0033452613647991236,4.440892098500626e-16,255,255,255,0.032616060188612135,32.24915700661329,0.03158585407111977
0.635114811127662,255,1.549223742935839,0.006075387227199369,0.00020599589734988932,-0.0018563583244324833,0.006281383124549259,0.004219028902766886,False,,,,,9.77681618926912e-06,9.776816189268726e-06,3.9471735342050396e-19,2.6020852139652106e-18,0,0,8.326672684688674e-16,-1,2.312594560294201e-13,4.6349642873755315e-14,False,4.7906123512575505e-14,-0.1198173979838402,-0.12187975220562257,0.12002339388119009,-0.0002478232072158753,0.7595658000000185,0.00046884138234839877,highs-ipm,0.0,1021,16,True,78,255,0.006075387227199369,4.667757042374153e-05,5331078,0.6249886000000515,0,0.09565881380869785,0.08822233399408674,0.021672815496181788,0.0020623542217823726,6.661338147750939e-16,255,255,255,0.032069299503490765,31.725345196118127,0.031072816058881614
0.6662539091886119,255,1.5507994476916909,0.006081566461536043,0.009965918336317742,0.013559461288546536,0.016047484797853784,0.019641027750082578,False,,,,,1.0256164541264738e-05,1.0256164541263508e-05,1.229891839413244e-18,3.469446951953614e-18,0,0,7.563394355258879e-16,-1,9.910713742733446e-14,5.850311554644883e-14,False,6.048633816035931e-14,-0.064046782823379,-0.060453239871150206,0.07401270115969674,-0.00012832889866460376,0.7788285624999673,0.0002891121139050654,highs-ipm,0.0,1021,16,True,79,255,0.006081566461536043,4.723156995231781e-05,5331079,0.6824526999998852,0,0.04693791647374015,0.04794216120963505,0.030149257698657374,0.003593542952228794,4.440892098500626e-16,255,255,255,0.03346041338015594,33.05698178549623,0.03237706345298357
0.8392325878691677,255,1.6555290094317197,0.00649227062522243,4.477753997143841e-05,-0.00011874513651229102,0.006537048165193868,0.006373525488710139,False,,,,,1.2918959860306203e-05,1.2918959860301395e-05,4.807759008615409e-18,7.806255641895632e-18,0,0,5.551115123125783e-16,-1,1.870323340646962e-12,1.1976530878143876e-13,False,1.237274172005698e-13,-0.08256159454420457,-0.0827251172206883,0.08260637208417601,-0.00017449145443195824,0.7399023062500021,0.00032268114095381254,highs-ipm,0.0,1021,16,True,80,255,0.00649227062522243,5.505588448964457e-05,5331080,0.8645751999997628,0,0.06877636258409084,0.06013188345440987,0.023888918105171665,0.00016352267648372942,2.220446049250313e-16,255,255,255,0.03314265677332018,32.753126921739685,0.03207945829749235
0.5775420698245038,255,1.5439608751362144,0.006054748529945939,-0.007289642267244684,-0.013166336537885598,-0.0012348937372987446,-0.007111588007939659,False,,,,,8.890554210534788e-06,8.890554210534688e-06,9.994988777600744e-20,2.6020852139652106e-18,0,0,7.91033905045424e-16,-1,1.0138764827694047e-13,5.779610730977103e-14,False,5.958428195285137e-14,-0.1573834860792413,-0.1632601803498822,0.1500938438119966,-0.00032775809395639837,0.7934401937500581,0.0005863040773906118,highs-ipm,0.0,1021,16,True,81,255,0.006054748529945939,4.5541826278752616e-05,5331081,0.8672044999998434,0,0.0788430578484443,0.08613771612169455,0.03595044793741672,0.005876694270640914,0.0,255,255,255,0.031388070926028994,31.07193239757184,0.030432842700853908
0.7546810418083446,255,1.6431770408013315,0.006443831532554242,-0.008437403818553402,-0.011598431892732575,-0.00199357228599916,-0.005154600360178333,False,,,,,1.1617392159670969e-05,1.1617392159671919e-05,9.50370966819325e-19,1.0408340855860843e-17,0,0,5.412337245047638e-16,-1,2.7122054602202184e-13,1.5293322164211531e-13,False,1.580124919797754e-13,-0.135053302101201,-0.13821433017538018,0.1266158982826476,-0.00028156725578346134,0.7674047625000355,0.0004945933526665922,highs-ipm,0.0,1021,16,True,82,255,0.006443831532554242,5.312897853479378e-05,5331082,0.8094277000000147,0,0.11823977858155255,0.1126505774663162,0.029991701510045828,0.003161028074179173,5.551115123125783e-16,255,255,255,0.03320657056284482,32.81425952043183,0.03213933351658358
0.527084125117001,255,1.530549897208009,0.006002156459639251,0.0067155958597716475,0.007306429871008158,0.0127177523194109,0.01330858633064741,False,,,,,8.113815828669835e-06,8.113815828670089e-06,2.541098841762901e-19,6.938893903907228e-18,0,0,8.222589276130066e-16,-1,8.830772484785809e-14,5.75046195556983e-14,False,5.938305402963806e-14,-0.07642315500482783,-0.07583232099359132,0.08313875086459947,-0.00015622381776927811,0.7348461125000085,0.0003247607455648417,highs-ipm,0.0,1021,16,True,83,255,0.006002156459639251,4.413175106436675e-05,5331083,0.7064157999998315,0,0.06277052424057772,0.06408827595888845,0.02532602773547451,0.0005908340112365101,2.220446049250313e-16,255,255,255,0.032351651951792855,31.995915907463413,0.031337821652755546
0.6248593663154093,255,1.4881214382699497,0.0058357703461566655,0.033901965374998844,0.029190801058815122,0.03973773572115551,0.035026571404971785,False,,,,,9.618946152053535e-06,9.618946152053627e-06,9.147955830346444e-20,0.0,0,0,4.718447854656915e-16,-1,2.7124374794851303e-13,6.254068443678484e-14,False,6.45039577307216e-14,-0.06947670237195208,-0.0741878666881358,0.10337866774695093,-0.00015451712327731887,0.7270203249999554,0.00040382292088652705,highs-ipm,0.0,1021,16,True,84,255,0.0058357703461566655,4.3665740582145836e-05,5331084,0.8207442999996601,0,0.056975685319279774,0.06924878626268331,0.03124214449930862,0.004711164316183722,6.661338147750939e-16,255,255,255,0.031528070248210645,31.20628575398567,0.03056443266795854
0.634457187475491,255,1.5494332831674624,0.006076208953597892,0.01341768200783175,0.014308136984789763,0.01949389096142964,0.020384345938387654,False,,,,,9.766692876985903e-06,9.766692876985115e-06,7.877406409464993e-19,1.734723475976807e-17,0,0,5.551115123125783e-16,-1,1.970342292101357e-13,6.88945428484189e-14,False,7.110284583333737e-14,-0.08467221690756077,-0.08378176193060276,0.09808989891539252,-0.00017340294664769363,0.738255212499979,0.00038316366763825203,highs-ipm,0.0,1021,16,True,85,255,0.006076208953597892,4.6677442313919155e-05,5331085,0.6727028999998765,0,0.052997790472175114,0.060622599272934764,0.019983214987832194,0.0008904549769580133,8.881784197001252e-16,255,255,255,0.03167861016953891,31.350713937729175,0.030705890242633864
0.6775440801770062,255,1.5739019070106062,0.006172164341218063,0.03116674306946826,0.03369656735122752,0.03733890741068632,0.039868731692445585,False,,,,,1.0429962923170367e-05,1.0429962923170174e-05,1.9312351197398048e-19,0.0,0,0,4.996003610813204e-16,-1,1.1803058530546195e-13,5.009553427463842e-14,False,5.177108741705183e-14,-0.054058026180074964,-0.0515282018983157,0.08522476924954323,-0.00011107098225581803,0.7460544812500416,0.0003329092548810282,highs-ipm,0.0,1021,16,True,86,255,0.006172164341218063,4.851536013946373e-05,5331086,0.8296313000000737,0,0.051251432209526875,0.055767286364598,0.033117907759412535,0.0025298242817592617,2.220446049250313e-16,255,255,255,0.03345194261796302,33.048884040432,0.03236913226291087
0.8321591401358106,255,1.6086014592903741,0.006308241016824996,0.017786528449948324,0.019434766135902476,0.02409476946677332,0.02574300715272747,False,,,,,1.2810072778624977e-05,1.2810072778624552e-05,4.2521053952165877e-19,3.469446951953614e-18,0,0,6.349087922075114e-16,-1,2.3611646492172067e-13,6.635794344567181e-14,False,6.858402734621905e-14,-0.05108554276570307,-0.04943730507974892,0.06887207121565139,-0.00010936730926250915,0.7669130687499432,0.00026903152818613825,highs-ipm,0.0,1021,16,True,87,255,0.006308241016824996,5.259143091067946e-05,5331087,0.722666599999684,0,0.05524395838935805,0.05633308328140081,0.024095591084833067,0.0016482376859541514,8.881784197001252e-16,255,255,255,0.03352138278074258,33.11526243129402,0.0324341453783487
0.8792950895093953,255,1.6691967063547153,0.006545869436685158,-0.019616648555883215,-0.016523015773442062,-0.013070779119198057,-0.009977146336756905,False,,,,,1.3535673102940484e-05,1.3535673102940688e-05,2.0328790734103208e-19,1.734723475976807e-18,0,0,8.604228440844963e-16,-1,8.79266413367566e-14,2.188695188629075e-14,False,2.2586099657218028e-14,-0.10467787930038508,-0.10158424651794393,0.08506123074450186,-0.00021194240458329992,0.7327297437498714,0.0003322704325957104,highs-ipm,0.0,1021,16,True,88,255,0.006545869436685158,5.6370822514645515e-05,5331088,0.8005121999999574,0,0.08655603581146411,0.07234463613714869,0.022920133884040617,0.0030936327824411525,4.440892098500626e-16,255,255,255,0.03274702253461577,32.3745402100368,0.03170865838397336
0.6382265981275788,255,1.5681676487717315,0.0061496770540067905,-0.01655455221112785,-0.016263645601835228,-0.01040487515712106,-0.010113968547828436,False,,,,,9.824718346462525e-06,9.824718346461887e-06,6.386628422297425e-19,6.938893903907228e-18,0,0,5.551115123125783e-16,-1,1.0992595722569831e-13,2.852232339201066e-14,False,2.944172683427837e-14,-0.12345936428031852,-0.1231684576710259,0.10690481206919067,-0.00025038811223518435,0.7103073437498608,0.00041759692214527605,highs-ipm,0.0,1021,16,True,89,255,0.0061496770540067905,4.763362357219284e-05,5331089,0.6614182999996956,0,0.08225329483661933,0.0800386633843455,0.01845221274771503,0.0002909066092926238,4.440892098500626e-16,255,255,255,0.032690793573340995,32.320710561278695,0.03165593590722693
0.5259910411425024,255,1.4952247889457402,0.005863626623316628,0.012721039390965166,0.012678254593337657,0.018584666014281794,0.018541881216654284,False,,,,,8.09698913700545e-06,8.096989137006052e-06,6.013933925505532e-19,6.938893903907228e-18,0,0,5.551115123125783e-16,-1,2.0750371356281056e-13,1.1149430987830722e-13,False,1.1520645548657171e-13,-0.07367448842552796,-0.07371727322315547,0.08639552781649312,-0.00015207603840098157,0.7212807749999399,0.00033748253053317626,highs-ipm,0.0,1021,16,True,90,255,0.005863626623316628,4.2471175864980165e-05,5331090,0.7926910000001044,0,0.06131749653671366,0.06914951114440636,0.02458573499985805,4.278479762750975e-05,1.1102230246251565e-16,255,255,255,0.03331276564422843,32.915816830688165,0.032238801988920825
0.669049812966328,255,1.5605042349635243,0.00611962445083735,0.010165463434439845,0.013693446060462064,0.016285087885277195,0.019813070511299415,False,,,,,1.0299204062368849e-05,1.0299204062368485e-05,3.6422416731934915e-19,6.938893903907228e-18,0,0,3.400058012914542e-16,-1,9.760595109931103e-14,4.3785504735827097e-14,False,4.520689378395559e-14,-0.05745459913579941,-0.05392661650977719,0.06762006257023925,-0.00011562462693302706,0.7166215124999269,0.0002641408694149971,highs-ipm,0.0,1021,16,True,91,255,0.00611962445083735,4.7738920112347895e-05,5331091,0.6861489999996593,0,0.07522420610622221,0.07654102153465697,0.018225780666971725,0.003527982626022219,0.0,255,255,255,0.03188350358593526,31.547221220335057,0.03089835574959359
0.9166810258388834,255,1.6921007941890063,0.006635689388976495,0.014503146648814746,0.020928107644821364,0.021138836037791243,0.02756379703379786,False,,,,,1.4111183894301656e-05,1.4111183894301587e-05,6.945670167485263e-20,0.0,0,0,6.106226635438361e-16,-1,3.389749960759636e-13,3.598792271131135e-14,False,3.717165464323102e-14,-0.04720101222751272,-0.0407760512315061,0.061704158876327464,-9.375190895583694e-05,0.7537512625000033,0.00024103187061065416,highs-ipm,0.0,1021,16,True,92,255,0.006635689388976495,5.8129736617207984e-05,5331092,0.6823005000001103,0,0.054580476364542975,0.0446229804196139,0.019275745661839205,0.006424960996006618,4.440892098500626e-16,255,255,255,0.032725198779610734,32.353648379517224,0.031688196258097184
0.8416357601404114,255,1.620760913764195,0.006355925152016451,-0.004194231446346508,-0.0023911524305919307,0.0021616937056699427,0.00396477272142452,False,,,,,1.2955953759916499e-05,1.2955953759916775e-05,2.761327408049019e-19,2.3418766925686896e-17,0,0,5.342948306008566e-16,-1,6.216961082224082e-13,7.626538289784435e-14,False,7.876338470325095e-14,-0.09333025458881197,-0.0915271755730574,0.08913602314246546,-0.0001917199685510445,0.7495633312499024,0.0003481875904002557,highs-ipm,0.0,1021,16,True,93,255,0.006355925152016451,5.334104882316278e-05,5331093,0.6980631999999787,0,0.06659404856881893,0.053392315066752155,0.022392834442612364,0.0018030790157545773,2.220446049250313e-16,255,255,255,0.032630790408176416,32.26326128971907,0.03159966825633601
1.0570789786979495,255,1.6717811266865277,0.00655600441837854,-0.03473629879006869,-0.036864472873580675,-0.02818029437169015,-0.030308468455202135,False,,,,,1.6272438764134057e-05,1.6272438764134555e-05,4.980553729855286e-19,3.469446951953614e-18,0,0,6.366435156834882e-16,-1,4.742864087581289e-14,2.4996497927087802e-14,False,2.583350200424661e-14,-0.12914061440240393,-0.13126878848591592,0.09440431561233524,-0.0002726567912756891,0.7338412875000131,0.00036876685786068453,highs-ipm,0.0,1021,16,True,94,255,0.00655600441837854,5.923769495183738e-05,5331094,0.7429851999995662,0,0.11273131766158666,0.09574065480604294,0.03480668184127994,0.0021281740835119856,8.881784197001252e-16,255,255,255,0.032203973850278275,31.854418442593033,0.031199234517720893
0.6649261014634814,255,1.5519448497207624,0.006086058234199068,0.006125122371445871,0.0063733078717233965,0.012211180605644939,0.012459366105922465,False,,,,,1.023572456437138e-05,1.0235724564371388e-05,8.470329472543003e-21,1.734723475976807e-17,0,0,4.510281037539698e-16,-1,1.5352779811350636e-13,1.1851717524047345e-13,False,1.2216616607219066e-13,-0.09052457392266249,-0.09027638842238496,0.09664969629410836,-0.000186556795701842,0.7243800250000163,0.00037753787614886077,highs-ipm,0.0,1021,16,True,95,255,0.006086058234199068,4.726580419897395e-05,5331095,0.7607667999996011,0,0.06232261696841045,0.06630777946875444,0.018810580877607258,0.00024818550027752573,0.0,255,255,255,0.031016909615346734,30.71556287964652,0.030083803016304134
0.7346510466393003,255,1.5714033242444438,0.006162365977429192,-0.005401805253897177,-0.007553581955450583,0.0007605607235320151,-0.0013912159780213916,False,,,,,1.1309054867565816e-05,1.1309054867565652e-05,1.6432439176733427e-19,8.673617379884035e-19,0,0,7.060324547225605e-16,-1,1.2218264594521244e-13,5.136863157062521e-14,False,5.2985393850235596e-14,-0.08904256975575098,-0.09119434645730438,0.0836407645018538,-0.00018942301279198829,0.8437878375000025,0.0003267217363353664,highs-ipm,0.0,1021,16,True,96,255,0.006162365977429192,4.9272732857912944e-05,5331096,0.8363166999997702,0,0.06998334456400206,0.06682351441090412,0.017623212933445143,0.0021517767015534067,0.0,255,255,255,0.031345660934991325,31.031225540438324,0.030392973105228524
0.7499588460522157,255,1.6285455611155044,0.006386453180845115,-0.02923259284979679,-0.028385831072977735,-0.022846139668951673,-0.02199937789213262,False,,,,,1.1544699728148606e-05,1.1544699728148484e-05,1.2197274440461925e-19,0.0,0,0,8.049116928532385e-16,-1,4.54231270652361e-13,4.919345096207617e-14,False,5.0806581164408726e-14,-0.12723821261375495,-0.1263914508369359,0.09800561976395816,-0.0002584030021440389,0.9069010874999606,0.0003828344522029616,highs-ipm,0.0,1021,16,True,97,255,0.006386453180845115,5.232017671174516e-05,5331097,0.8306969000000208,0,0.060123950010780344,0.05294074858139465,0.025081261931497068,0.000846761776819055,4.440892098500626e-16,255,255,255,0.03318541465925517,32.79402504755056,0.032119515227767445
0.9120984957992738,255,1.6660115941171645,0.006533378800459469,-0.018314973490422007,-0.021753728752840623,-0.011781594689962538,-0.015220349952381154,False,,,,,1.4040641445764884e-05,1.4040641445764578e-05,3.066259269060567e-19,0.0,0,0,3.885780586188048e-16,-1,1.2822642253551564e-13,5.860026006110353e-14,False,6.055572709939838e-14,-0.12353057382811207,-0.12696932909053069,0.10521560033769006,-0.0002620276123257073,0.8645843437500673,0.0004109984388191018,highs-ipm,0.0,1021,16,True,98,255,0.006533378800459469,5.671192814351541e-05,5331098,0.825107300000127,0,0.11316708427496289,0.09647252779491111,0.03415943435978159,0.0034387552624186163,4.440892098500626e-16,255,255,255,0.03227724627668091,31.924629325461538,0.03126800129819935
0.6833711200284609,255,1.5359931541974345,0.006023502565480136,0.007064124286014481,0.008624835691699168,0.013087626851494616,0.014648338257179302,False,,,,,1.0519663079043396e-05,1.0519663079042881e-05,5.149960319306146e-19,5.204170427930421e-18,0,0,6.245004513516506e-16,-1,4.6906055428674875e-14,2.0052536020553902e-14,False,2.0712598303163077e-14,-0.07337060463326317,-0.07180989322757848,0.08043472891927765,-0.0001507733607891571,0.8758517499999812,0.0003141981598409283,highs-ipm,0.0,1021,16,True,99,255,0.006023502565480136,4.6791942941481664e-05,5331099,0.797264300000279,0,0.06093581959587187,0.07056982030159362,0.01891879477375408,0.0015607114056846866,2.220446049250313e-16,255,255,255,0.032113530380214306,31.76774022729869,0.031114339106071198
0.6585135232324968,255,1.569048608733365,0.006153131798954372,-0.003193296994080788,-0.00016342519850869042,0.002959834804873584,0.005989706600445682,False,,,,,1.0137010760874206e-05,1.0137010760874464e-05,2.574980159653073e-19,8.673617379884035e-18,0,0,7.216449660063518e-16,-1,8.557412591037039e-14,3.5046618385159434e-14,False,3.6186331708876196e-14,-0.06841756258433825,-0.06538769078876615,0.06522426559025746,-0.00013784734433268335,0.9113815937499794,0.0002547822874619432,highs-ipm,0.0,1021,16,True,100,255,0.006153131798954372,4.798811318416924e-05,5331100,0.9019075999999586,0,0.04513424482706656,0.031104027462336856,0.027018865343963475,0.0030298717955720977,2.220446049250313e-16,255,255,255,0.031470087616954946,31.150645901079297,0.03050993721947042
0.6858794641081165,255,1.5665701061202653,0.006143412180863786,-0.00273947352859695,0.00103035997368775,0.0034039386522668356,0.007173772154551536,False,,,,,1.0558275970092704e-05,1.0558275970092754e-05,4.912791094074942e-20,8.673617379884035e-18,0,0,3.0531133177191805e-16,-1,8.914180157915119e-14,2.849803726334699e-14,False,2.944172683427837e-14,-0.08768755022514672,-0.08391771672286202,0.08494807669654977,-0.00017446006644443264,0.8689338062499985,0.00033182842459589755,highs-ipm,0.0,1021,16,True,101,255,0.006143412180863786,4.828944808147291e-05,5331101,0.7971901999999318,0,0.08292649310930267,0.06748745381734579,0.0257047211484971,0.0037698335022847,2.220446049250313e-16,255,255,255,0.03244647096806178,32.086745211428855,0.03142678277319183
0.6375787270395488,255,1.5575689949462819,0.006108113705671694,0.009717996540309096,0.012003834705345738,0.01582611024598079,0.01811194841101743,False,,,,,9.814745162982067e-06,9.814745162982252e-06,1.8465318250143747e-19,0.0,0,0,4.440892098500626e-16,-1,8.122604151783452e-14,2.872528603869995e-14,False,2.962213807577996e-14,-0.053025483814271496,-0.05073964564923485,0.06274348035458059,-0.00010891561557164407,0.8568551437500105,0.00024509172013508044,highs-ipm,0.0,1021,16,True,102,255,0.006108113705671694,4.71141853296043e-05,5331102,0.8707421999997678,0,0.07562938155435543,0.06718740685783452,0.023441931956839086,0.0022858381650366424,4.440892098500626e-16,255,255,255,0.031112343729129934,30.80721818590353,0.0301735731497586
0.6469970191113852,255,1.5966072423407769,0.006261204871924615,0.012266201158644754,0.0112122022278007,0.01852740603056937,0.017473407099725315,False,,,,,9.959728257046548e-06,9.959728257046299e-06,2.490276864927643e-19,6.938893903907228e-18,0,0,3.608224830031759e-16,-1,1.9360511457899854e-13,5.156465532341059e-14,False,5.3360094121046586e-14,-0.09869114575058807,-0.09974514468143213,0.11095734690923283,-0.00020477446396296843,0.8530669499999988,0.00043342713636419073,highs-ipm,0.0,1021,16,True,103,255,0.006261204871924615,4.915265982939493e-05,5331103,0.8548211000002084,0,0.07284388774545644,0.07885431103332416,0.021937290666990485,0.001053998930844055,3.3306690738754696e-16,255,255,255,0.03451665199540508,34.065668850601654,0.03336500377140221
0.9830693790817354,255,1.7176457989908596,0.006735865878395528,-0.012652785096124844,-0.010783959407971722,-0.005916919217729316,-0.004048093529576194,False,,,,,1.5133151443147215e-05,1.5133151443147084e-05,1.3044307387716225e-19,5.204170427930421e-18,0,0,4.3021142204224816e-16,-1,8.504205369422313e-14,8.224558458325842e-14,False,8.483491686916977e-14,-0.06522598947596989,-0.06335716378781676,0.05257320437984504,-0.0001388776119662267,0.8626081374999615,0.0002053640796087697,highs-ipm,0.0,1021,16,True,104,255,0.006735865878395528,6.049021868316315e-05,5331104,0.9009409000000232,0,0.06633085718399064,0.04425866701314803,0.030231403382664578,0.0018688256881531223,2.220446049250313e-16,255,255,255,0.03164052723049052,31.314181102457983,0.030670108817294792
0.6632660973356735,255,1.5840518203286427,0.006211967922857422,0.008612094914654339,0.010429717339429961,0.01482406283751176,0.016641685262287383,False,,,,,1.0210170829917953e-05,1.0210170829917946e-05,6.776263578034403e-21,0.0,0,0,5.342948306008566e-16,-1,1.6249068063300953e-13,6.02478136824125e-14,False,6.217942827291267e-14,-0.04148200880616629,-0.039664386381390665,0.050094103720820626,-8.767967548107159e-05,0.8793808624999713,0.00019568009265945557,highs-ipm,0.0,1021,16,True,105,255,0.006211967922857422,4.8788716137211226e-05,5331105,0.686011199999939,0,0.04976452706951252,0.04845842541015741,0.024191257469660447,0.0018176224247756223,6.661338147750939e-16,255,255,255,0.03189092252107876,31.554335040054863,0.03090532325176774
1.040075649460156,255,1.7172101788624292,0.006734157564166389,-0.007825961900007686,-0.002474948554652745,-0.0010918043358412967,0.004259209009513644,False,,,,,1.6010693294415578e-05,1.6010693294416465e-05,8.876905287225068e-19,4.336808689942018e-18,0,0,5.828670879282072e-16,-1,1.9384629535226794e-13,6.894040460031503e-14,False,7.14150960590132e-14,-0.09202266931873886,-0.08667165597338392,0.08419670741873117,-0.00018529127136743191,0.8880831937499067,0.00032889338835441863,highs-ipm,0.0,1021,16,True,106,255,0.006734157564166389,6.134389000921018e-05,5331106,0.721712099999877,0,0.04935572718530277,0.05531022610263202,0.027767506237541074,0.005351013345354941,0.0,255,255,255,0.03538758063190366,34.89584045727381,0.03417810034992538
0.7533597894509015,255,1.5935563563563369,0.006249240613162105,0.0185282790285949,0.024025382871320826,0.024777519641757003,0.03027462348448293,False,,,,,1.1597053094651975e-05,1.1597053094652441e-05,4.658681209898652e-19,1.734723475976807e-17,0,0,3.7470027081099033e-16,-1,8.041320265538617e-14,2.814849048293766e-14,False,2.9032332093947844e-14,-0.06069107853669252,-0.05519397469396659,0.07921935756528742,-0.00011939778491880595,0.8379135437500054,0.000309450615489404,highs-ipm,0.0,1021,16,True,107,255,0.006249240613162105,5.0638702811758334e-05,5331107,0.8011599999999817,0,0.05828314815049561,0.07289846298899653,0.025085553853967605,0.005497103842725927,4.440892098500626e-16,255,255,255,0.031678171640391016,31.35029327354333,0.030705478230698656
0.6036084505984781,255,1.5305198151477708,0.0060020384907755716,0.007017902831842879,0.0071841252854344395,0.01301994132261845,0.01318616377621001,False,,,,,9.291814280496322e-06,9.29181428049613e-06,1.9142944607947188e-19,3.469446951953614e-18,0,0,9.43689570931383e-16,-1,1.0434589390456717e-13,7.481515407192774e-14,False,7.720907246877573e-14,-0.07157815644311605,-0.07141193398952449,0.07859605927495893,-0.00014876824785378616,0.909569018749977,0.0003070158565428083,highs-ipm,0.0,1021,16,True,108,255,0.0060020384907755716,4.530717962565851e-05,5331108,0.8145637999996325,0,0.0695482734561101,0.07332432082469807,0.012543601564058756,0.00016622245359156074,4.440892098500626e-16,255,255,255,0.03214052076856403,31.793608568209734,0.03113967538512217
0.6393370216215363,255,1.5652833217938995,0.0061383659678192135,0.002622125449019491,0.00010191456518120201,0.008760491416838705,0.0062402805330004155,False,,,,,9.841811958833175e-06,9.841811958833158e-06,1.6940658945086007e-20,1.5612511283791264e-17,0,0,8.326672684688674e-16,-1,9.785748600332767e-14,3.699991701910932e-14,False,3.8219427622721014e-14,-0.10013691731600158,-0.10265712819983987,0.10275904276502107,-0.0002103440154741454,0.8758062562499447,0.00040140251080086355,highs-ipm,0.0,1021,16,True,109,255,0.0061383659678192135,4.751170932883784e-05,5331109,0.7536530000002131,0,0.08579453925571574,0.07952358183494967,0.02692891747503849,0.002520210883838289,0.0,255,255,255,0.032060668455522176,31.71707196445579,0.031064712991631528
0.8095714763592725,255,1.6357334459184423,0.0064146409643860485,0.0072916333727381655,0.004685142264067854,0.013706274337124215,0.011099783228453904,False,,,,,1.2462363304653434e-05,1.2462363304653824e-05,3.8963515573697816e-19,6.938893903907228e-18,0,0,7.771561172376096e-16,-1,5.806951599261756e-14,5.6011727374294384e-14,False,5.792588630981754e-14,-0.08392894273056212,-0.08653543383923243,0.09122057610330028,-0.00018147688252190467,0.8502126625000699,0.00035633037540351673,highs-ipm,0.0,1021,16,True,110,255,0.0064146409643860485,5.359777597009603e-05,5331110,0.7275094000001445,0,0.07036296372765179,0.06328188082506232,0.033629396860640426,0.0026064911086703113,3.3306690738754696e-16,255,255,255,0.034011975203624804,33.58396954354653,0.032893212089663594
0.8659024990880039,255,1.6643101424324513,0.006526706440911574,0.007735083383386604,0.011338889080832124,0.014261789824298179,0.0178655955217437,False,,,,,1.3329510543739676e-05,1.332951054374037e-05,6.945670167485263e-19,3.469446951953614e-18,0,0,8.396061623727746e-16,-1,3.4081071298430743e-13,5.464313897196593e-14,False,5.6468718589997025e-14,-0.052873610032053694,-0.049269804334608175,0.0606086934154403,-0.00010955959713477197,0.8982831124999393,0.00023675270865406367,highs-ipm,0.0,1021,16,True,111,255,0.006526706440911574,5.5914352161346105e-05,5331111,0.8015873000003921,0,0.05559531706161203,0.052862426744385425,0.014699436048418653,0.0036038056974455196,0.0,255,255,255,0.03333468533270989,32.93677663954385,0.032259330694949906
0.6682934427335343,255,1.5785490404943454,0.006190388394095472,-0.024512862011484116,-0.025885898911033378,-0.018322473617388643,-0.019695510516937905,False,,,,,1.0287560667178303e-05,1.0287560667178362e-05,5.929230630780102e-20,0.0,0,0,5.828670879282072e-16,-1,2.4778058294386285e-13,5.070249775585012e-14,False,5.226027943727729e-14,-0.13490738102853872,-0.13628041792808798,0.1103945190170546,-0.0002764602519329752,1.119232687500073,0.00043122858991036955,highs-ipm,0.0,1021,16,True,112,255,0.006190388394095472,4.8598393171536375e-05,5331112,1.1100728999999774,0,0.07020817062756068,0.06781596267262266,0.03230678217128013,0.0013730368995492626,2.220446049250313e-16,255,255,255,0.03100383037670099,30.70300020422413,0.030071498730875737
0.547575864857046,255,1.5014569887028248,0.005888066622364019,0.03556456126831614,0.03199205772331348,0.04145262789068016,0.0378801243456775,False,,,,,8.429261114037702e-06,8.429261114036743e-06,9.58841296291868e-19,6.938893903907228e-18,0,0,6.800116025829084e-16,-1,1.4346900403805485e-13,4.518060188127282e-14,False,4.658773367083313e-14,-0.10104658924796717,-0.10461909279296983,0.1366111505162833,-0.00021276342672530592,1.1196424187499758,0.0005336373067042317,highs-ipm,0.0,1021,16,True,113,255,0.005888066622364019,4.309033377595695e-05,5331113,1.1350658999999723,0,0.07315043187973672,0.09341314201210339,0.03962924183535673,0.0035725035450026588,6.661338147750939e-16,255,255,255,0.03224830764605197,31.896901029271447,0.031240843319560674
0.6320003871160272,255,1.5570791179978096,0.006106192619599254,0.020160070253786827,0.0197064165021978,0.02626626287338608,0.025812609121797055,False,,,,,9.728873438503612e-06,9.728873438503499e-06,1.1350241493207625e-19,1.0408340855860843e-17,0,0,4.3021142204224816e-16,-1,1.4456057878531325e-13,6.45151250130982e-14,False,6.664807594702893e-14,-0.1016694639338672,-0.10212311768545622,0.12182953418765402,-0.00020918808766791017,1.1885475687500389,0.0004758966179205235,highs-ipm,0.0,1021,16,True,114,255,0.006106192619599254,4.700493297686835e-05,5331114,1.207064900000205,0,0.09567564636585026,0.09822365694672833,0.021030767080719884,0.00045365375158902543,4.440892098500626e-16,255,255,255,0.03321528261955964,32.82259188868137,0.03214749450409537
0.6715668699194526,255,1.535682196465756,0.006022283123395122,0.03443164393239337,0.03457091743612968,0.04045392705578849,0.040593200559524804,False,,,,,1.0337951077455245e-05,1.0337951077455294e-05,4.912791094074942e-20,6.938893903907228e-18,0,0,5.828670879282072e-16,-1,1.2284596083433907e-13,2.6819692300339426e-14,False,2.769312557049375e-14,-0.06505158373576486,-0.06491231023202855,0.09948322766815823,-0.00013711980699938604,1.1642365937499903,0.0003886063580787431,highs-ipm,0.0,1021,16,True,115,255,0.006022283123395122,4.659571977641433e-05,5331115,1.1037605999999869,0,0.04883400544429933,0.060529154370376405,0.02788505270049208,0.00013927350373631187,2.220446049250313e-16,255,255,255,0.03309568571785665,32.7081949765881,0.0320354505157572
0.7101001988162787,255,1.6251967890587382,0.006373320741406816,-0.021141853267760302,-0.020333105773100726,-0.014768532526353486,-0.01395978503169391,False,,,,,1.0931124574882493e-05,1.0931124574883274e-05,7.809643773684649e-19,1.734723475976807e-17,1,0,4.996003610813204e-16,-1,3.35531082085172e-13,1.1501086541465533e-13,False,1.1872447469585268e-13,-0.08812318421779688,-0.08731443672313731,0.06698133095003658,-0.00018146713379976084,1.0867854062500726,0.0002616458240235804,highs-ipm,0.0,1021,16,True,116,255,0.006373320741406816,5.1539635555295826e-05,5331116,0.9921825999999783,0,0.07600781399900533,0.06399231842760279,0.036614553724969794,0.0008087474946595757,4.440892098500626e-16,255,255,255,0.03229186102696322,31.938632235005368,0.03128171619491221
0.9517972872295104,255,1.6439038110940483,0.006446681612133523,0.013251954443989855,0.014836221059865998,0.01969863605612338,0.02128290267199952,False,,,,,1.4651755814296414e-05,1.465175581429963e-05,3.215337067777324e-18,1.0408340855860843e-17,0,0,4.718447854656915e-16,-1,3.390790794845222e-13,1.318493925150932e-13,False,1.360370149861012e-13,-0.09658993463580365,-0.0950056680199275,0.1098418890797935,-0.00020020970116572053,1.1379915687500386,0.00042906987921794337,highs-ipm,0.0,1021,16,True,117,255,0.006446681612133523,5.6197109225052625e-05,5331117,1.0313540000001922,0,0.07480128758091072,0.07079979054498681,0.03489875946039459,0.0015842666158761426,3.3306690738754696e-16,255,255,255,0.031881362628499374,31.545168294135483,0.03089634504812486
0.5853721532729468,255,1.5694914413487389,0.006154868397446034,0.015668808449809446,0.01797752107316876,0.02182367684725548,0.024132389470614794,False,,,,,9.011088774177034e-06,9.011088774177031e-06,3.3881317890172014e-21,6.938893903907228e-18,0,0,7.598088824778415e-16,-1,2.2687407508215074e-13,4.480530529926696e-14,False,4.624772786954168e-14,-0.07392432249709267,-0.07161560987373336,0.08959313094690212,-0.0001488853268088125,1.1458741124999676,0.0003499731677613364,highs-ipm,0.0,1021,16,True,118,255,0.006154868397446034,4.688466801599213e-05,5331118,0.9091024999997899,0,0.07329086796654671,0.0683437946809948,0.025562197577894075,0.002308712623359313,4.440892098500626e-16,255,255,255,0.032539047855557134,32.17541063412775,0.03151362451922404
0.7376714474333931,255,1.5746656917603963,0.006175159575530966,0.005146249402216682,0.002373885391691158,0.011321408977747648,0.008549044967222124,False,,,,,1.1355550245825594e-05,1.1355550245825428e-05,1.6601845766184287e-19,2.2551405187698492e-17,0,0,8.604228440844963e-16,-1,1.2620785493078213e-13,4.516807934618061e-14,False,4.6657122609872204e-14,-0.07928618701826093,-0.08205855102878645,0.08443243642047761,-0.00017162615772392395,1.136639549999984,0.00032981420476749067,highs-ipm,0.0,1021,16,True,119,255,0.006175159575530966,4.9477024040609626e-05,5331119,1.077901600000132,0,0.05587147475577949,0.07283868055885315,0.02454843214419577,0.0027723640105255243,8.881784197001252e-16,255,255,255,0.03286315395216141,32.48569770038565,0.03181752957922199
0.5902639009724167,255,1.5781055939600157,0.006188649388078493,-0.0018700352370756568,-0.0007066149927552196,0.004318614151002836,0.0054820343953232735,False,,,,,9.086391250617447e-06,9.086391250617596e-06,1.4907779871675686e-19,0.0,0,0,1.0477729794899915e-15,-1,1.6283033406859493e-13,4.747851417574722e-14,False,4.9009407643296754e-14,-0.09702085227317145,-0.09585743202885101,0.09515081703609579,-0.00019630793818196723,1.106712212500014,0.0003716828790472492,highs-ipm,0.0,1021,16,True,120,255,0.006188649388078493,4.737687299746729e-05,5331120,1.0715686000003188,0,0.06840852240138379,0.06877589404940283,0.01636606546152935,0.0011634202443204372,4.440892098500626e-16,255,255,255,0.03210200015546554,31.756688925894196,0.031103515108613315
0.821804274955774,255,1.6298150155050433,0.006391431433353111,-0.012951448685087547,-0.010132092275044552,-0.006560017251734436,-0.003740660841691441,False,,,,,1.2650672286372935e-05,1.2650672286373194e-05,2.591920818598159e-19,7.806255641895632e-18,0,0,4.787836793695988e-16,-1,1.1956012352029588e-13,5.3338410077596876e-14,False,5.507400091531167e-14,-0.10324857952477781,-0.10042922311473482,0.09029713083969026,-0.00020880149868233964,1.2095094499999561,0.0003527231673425401,highs-ipm,0.0,1021,16,True,121,255,0.006391431433353111,5.348867758126072e-05,5331121,1.1193186000000424,0,0.0754199009562178,0.07184194831395366,0.030030041830989722,0.0028193564100429946,2.220446049250313e-16,255,255,255,0.03278101546252426,32.40707980311606,0.03174052870040751
0.6922990262527347,255,1.577637810938953,0.00618681494485864,0.0015964537845494925,0.003866520246682506,0.007783268729408132,0.010053335191541146,False,,,,,1.0657097282403031e-05,1.0657097282403331e-05,2.998496633280223e-19,1.734723475976807e-18,0,0,3.5041414214731503e-16,-1,3.5195370923224445e-13,3.3154902434606726e-14,False,3.424344141578217e-14,-0.0767456298636961,-0.07447556340156308,0.07834208364824559,-0.00015611718205108124,1.1298501499999816,0.00030602376425095933,highs-ipm,0.0,1021,16,True,122,255,0.00618681494485864,4.8923338542975573e-05,5331122,0.9427716000000146,0,0.0701690526133728,0.06965689580781474,0.01789791574043623,0.0022700664621330136,2.220446049250313e-16,255,255,255,0.03291381300257806,32.53417918572101,0.0318650138939481
0.7157053594944567,255,1.6152852463494813,0.006334451946468554,0.009378418678318734,0.010938742180091068,0.015712870624787288,0.017273194126559623,False,,,,,1.101740917209592e-05,1.1017409172095804e-05,1.1519648082658485e-19,0.0,0,0,5.134781488891349e-16,-1,2.626204375494323e-13,5.0453293886504325e-14,False,5.2111093218343285e-14,-0.061963932103058145,-0.06040360860128581,0.07134235078137688,-0.00012899320722148215,1.0951875625000298,0.00027868105773975343,highs-ipm,0.0,1021,16,True,123,255,0.006334451946468554,5.1131899831891754e-05,5331123,0.9237194000002091,0,0.05854401866846116,0.05928703312064961,0.023936867237528463,0.0015603235017723344,0.0,255,255,255,0.033071009423331285,32.68458829376058,0.032012329376846796
0.7646661315296697,255,1.6188751205769656,0.006348529884615551,0.007831740137739296,0.007007758951006429,0.014180270022354847,0.01335628883562198,False,,,,,1.1771100410728673e-05,1.1771100410728795e-05,1.2197274440461925e-19,5.204170427930421e-18,0,0,3.885780586188048e-16,-1,2.5043248724765377e-13,3.358142756926252e-14,False,3.470140841344005e-14,-0.1033160162798169,-0.10413999746654977,0.1111477564175562,-0.00021516953296258381,1.1489009874999851,0.0004341709235060789,highs-ipm,0.0,1021,16,True,124,255,0.006348529884615551,5.206340311499815e-05,5331124,1.230224299999918,0,0.09208953234166693,0.09792622350619108,0.02162955818337659,0.0008239811867328667,0.0,255,255,255,0.032367279022274674,32.01088658392999,0.03135248441129284
0.7255999311287046,255,1.5927459342254788,0.006246062487158741,-0.009979111524515485,-0.010188884470159323,-0.003733049037356745,-0.003942821983000583,False,,,,,1.1169724007846208e-05,1.1169724007846264e-05,5.590417451878382e-20,6.938893903907228e-18,0,0,4.787836793695988e-16,-1,2.5397668993940026e-13,8.340897417191684e-14,False,8.598677325721837e-14,-0.0974132199301765,-0.09762299287582034,0.08743410840566102,-0.00020183963196843287,1.100255700000048,0.00034153948595961334,highs-ipm,0.0,1021,16,True,125,255,0.006246062487158741,5.017208061700112e-05,5331125,1.0922866000000795,0,0.07460096760714033,0.0682405007787581,0.01714590681273642,0.00020977294564383797,6.661338147750939e-16,255,255,255,0.031164943408001015,30.857727876595444,0.030223043953570464
0.7142717393720085,255,1.5590775072032788,0.006114029440012858,0.01294332771453044,0.009407969905617028,0.0190573571545433,0.015521999345629886,False,,,,,1.0995340342685992e-05,1.0995340342686006e-05,1.3552527156068805e-20,0.0,0,0,6.800116025829084e-16,-1,8.224947415855222e-14,2.001220369973744e-14,False,2.067790383364354e-14,-0.07098094948183117,-0.07451630729074459,0.08392427719636161,-0.00015653500301992152,1.082042312499965,0.00032782920779828755,highs-ipm,0.0,1021,16,True,126,255,0.006114029440012858,4.836592714862281e-05,5331126,1.317377999999735,0,0.07912752014966397,0.08255490291805864,0.02716639517224614,0.003535357808913413,2.220446049250313e-16,255,255,255,0.032063697562939475,31.71997551029525,0.031067556817135408
0.6334966872347594,255,1.5885656934086998,0.00622966938591647,-0.0014017598699471168,-0.002590873957483225,0.004827909515969353,0.003638795428433245,False,,,,,9.75190714984005e-06,9.751907149839644e-06,4.0657581468206416e-19,7.806255641895632e-18,0,0,4.718447854656915e-16,-1,1.300318359931385e-13,5.764356006410232e-14,False,5.94246873930615e-14,-0.07804258117567178,-0.07923169526320789,0.07664082130572467,-0.00016450131196079254,1.2674176187500166,0.000299378208225487,highs-ipm,0.0,1021,16,True,127,255,0.00622966938591647,4.8551136478428646e-05,5331127,1.1314431999999215,0,0.07615246556300327,0.07679293571500126,0.017987935821323436,0.0011891140875361084,2.220446049250313e-16,255,255,255,0.03111707907169198,30.811765586115904,0.030178027018722728
1.194832616964958,255,1.6962268341052538,0.006651869937667662,0.008216297145568013,0.0032004440701292047,0.014868167083235675,0.009852314007796866,False,,,,,1.8392987643081274e-05,1.8392987643081802e-05,5.285485590866834e-19,1.0408340855860843e-17,0,0,6.938893903907228e-16,-1,7.938484938851964e-14,4.294042335248327e-14,False,4.4346470939871097e-14,-0.0843751228306043,-0.08939097590604311,0.09259141997617232,-0.00019298473745957224,0.9130543375000002,0.0003616852342819231,highs-ipm,0.0,1021,16,True,128,255,0.006651869937667662,6.26223466313524e-05,5331128,0.9469123999997464,0,0.06771789980447264,0.08136038797793403,0.028582711486276047,0.005015853075438809,8.881784197001252e-16,255,255,255,0.03353595236850253,33.12918848132425,0.03244778499639985
0.650976672890367,255,1.5493554320992395,0.006075903655291135,0.00825044043306962,0.010604596481493603,0.014326344088360754,0.016680500136784737,False,,,,,1.0020990162471896e-05,1.0020990162472422e-05,5.268544931921748e-19,0.0,0,0,9.43689570931383e-16,-1,1.0288991880713638e-13,6.539059116232593e-14,False,6.750155989720952e-14,-0.056294106088087104,-0.05393995003966312,0.06454454652115672,-0.00011537245508368946,0.8639093187499896,0.00025212713484826845,highs-ipm,0.0,1021,16,True,129,255,0.006075903655291135,4.692778051312246e-05,5331129,0.9574650999998084,0,0.04340559171676863,0.04916630183693199,0.014345983653667871,0.002354156048423983,7.771561172376096e-16,255,255,255,0.032388055190007696,32.0307893749427,0.031371977840296474
0.869958502870016,255,1.6249709026261152,0.006372434912259276,-0.00545962905097605,-0.01202164987313889,0.0009128058612832253,-0.005649214960879614,False,,,,,1.3391947764137499e-05,1.3391947764137268e-05,2.303929616531697e-19,1.1275702593849246e-17,0,0,4.85722573273506e-16,-1,1.4371882115925445e-13,3.8826580839312896e-14,False,4.010680676458378e-14,-0.14073101777832908,-0.14729303860049192,0.13527138872735303,-0.00030107366378072305,0.8582708999998658,0.0005284038622162228,highs-ipm,0.0,1021,16,True,130,255,0.006372434912259276,5.398675797388001e-05,5331130,0.9833424999997078,0,0.10443423375648547,0.10009409127179006,0.029273951533391025,0.0065620208221628396,6.661338147750939e-16,255,255,255,0.03298907202082968,32.6061944366706,0.031935547930137705
0.6902561881345913,255,1.583348759914329,0.006209210823193447,0.016503827400589866,0.018854738613994754,0.022713038223783313,0.0250639494371882,False,,,,,1.0625650286623058e-05,1.062565028662306e-05,1.6940658945086007e-21,1.734723475976807e-17,0,0,9.853229343548264e-16,-1,7.100938760606912e-14,5.686597026599571e-14,False,5.86475312758239e-14,-0.07409678064921818,-0.07174586943581329,0.09060060804980805,-0.0001507543015284459,0.8854727437499434,0.0003539086251945627,highs-ipm,0.0,1021,16,True,131,255,0.006209210823193447,4.916954223232349e-05,5331131,0.9750761000000239,0,0.04308654518258231,0.05632162485757545,0.02614093113608503,0.002350911213404888,4.440892098500626e-16,255,255,255,0.0319460065900731,31.607150490598542,0.030957052390400138
0.6131016483075306,255,1.5069309018068915,0.00590953294826232,0.006463254827182838,0.009252960373614214,0.012372787775445157,0.015162493321876533,False,,,,,9.437950455284602e-06,9.437950455284751e-06,1.4907779871675686e-19,5.204170427930421e-18,0,0,4.440892098500626e-16,-1,9.220488955685724e-14,3.051725538938399e-14,False,3.1492169982882956e-14,-0.11353694691687222,-0.11074724137044084,0.12000020174405505,-0.00022574115625692703,0.8402692937499694,0.00046875078806271506,highs-ipm,0.0,1021,16,True,132,255,0.00590953294826232,4.435128629185793e-05,5331132,0.8264867999996568,0,0.0772410533995475,0.07356985292681725,0.030384638418001854,0.002789705546431376,4.440892098500626e-16,255,255,255,0.031247275829570684,30.936778568774812,0.030300468725538505
0.7425282235256694,255,1.6270926147500404,0.006380755351960943,-0.002537720035631366,-0.00041689815180184775,0.003843035316329577,0.005963857200159095,False,,,,,1.143031437712021e-05,1.143031437712054e-05,3.3034284942917713e-19,2.6020852139652106e-18,0,0,4.440892098500626e-16,-1,1.7309569576295925e-13,3.893239897134748e-14,False,4.0266401324373646e-14,-0.09444014844185303,-0.09231932655802351,0.09190242840622166,-0.0001917414990607602,0.8499008249999918,0.00035899386096180337,highs-ipm,0.0,1021,16,True,133,255,0.006380755351960943,5.21331580238338e-05,5331133,0.9764325000001008,0,0.08937546963379805,0.08708866140460912,0.021706222519343458,0.0021208218838295184,4.440892098500626e-16,255,255,255,0.033456297290420954,33.05304696781048,0.03237320956690547
0.7300242968513281,255,1.7068569530530215,0.0066935566786393,-0.0530190847978059,-0.053180710906287315,-0.0463255281191666,-0.046487154227648014,False,,,,,1.1237831710054448e-05,1.1237831710054292e-05,1.5585406229479126e-19,2.7755575615628914e-17,0,0,4.996003610813204e-16,-1,2.1581738132714356e-13,8.055665509654197e-14,False,8.323897127127111e-14,-0.14692326348823145,-0.14708488959671287,0.09390417869042555,-0.0002985130067036341,0.9052930125000387,0.0003668131980094748,highs-ipm,0.0,1021,16,True,134,255,0.0066935566786393,5.6030526029016106e-05,5331134,0.9480661000002328,0,0.10366731105314254,0.08132796571182783,0.031397647134384477,0.00016162610848141634,8.881784197001252e-16,255,255,255,0.03311511742808762,32.72678361173136,0.032053656818541984
0.9109302000923407,255,1.6543948189507254,0.006487822819414609,0.01294793240045955,0.009714380212082818,0.01943575521987416,0.016202203031497428,False,,,,,1.402265696141407e-05,1.4022656961414235e-05,1.6432439176733427e-19,1.734723475976807e-17,0,0,4.961309141293668e-16,-1,3.887097891827618e-14,1.975372312555332e-14,False,2.0421164759198973e-14,-0.09607894552492377,-0.0993124977133005,0.10902687792538332,-0.00020799237905770428,0.9449808312500068,0.0004258862418960286,highs-ipm,0.0,1021,16,True,135,255,0.006487822819414609,5.610076765956699e-05,5331135,0.897665799999686,0,0.08447032285380347,0.07126094535185927,0.03258572813938446,0.0032335521883767315,6.661338147750939e-16,255,255,255,0.03432514160816933,33.88293310501125,0.033186026547513466
0.7632577264256674,255,1.6158294483989588,0.006336586072152779,0.0020317132650961856,0.0026237246974539358,0.008368299337248964,0.008960310769606714,False,,,,,1.1749419735707263e-05,1.1749419735706575e-05,6.877907531704919e-19,3.469446951953614e-18,0,0,5.793976409762536e-16,-1,4.089262904531134e-13,7.971921733851417e-14,False,8.230222059424364e-14,-0.10091288317295169,-0.10032087174059394,0.10294459643804788,-0.00020768862235405412,0.7928090874999043,0.0004021273298361245,highs-ipm,0.0,1021,16,True,136,255,0.006336586072152779,5.1890235028665136e-05,5331136,0.8227824999999029,0,0.07749099141357242,0.07758236939342808,0.02038707122911707,0.0005920114323577502,6.661338147750939e-16,255,255,255,0.032568005588707406,32.20314161013737,0.03154078512256354
0.7215612960992529,255,1.6109722854600956,0.006317538374353316,-0.003576395029382007,-0.0023051692509000465,0.002741143344971309,0.004012369123453269,False,,,,,1.1107554158164456e-05,1.1107554158164464e-05,8.470329472543003e-21,3.469446951953614e-18,0,0,5.273559366969494e-16,-1,1.2171774005365066e-13,2.113110034174248e-14,False,2.1760371282653068e-14,-0.081444715403856,-0.08017348962537404,0.077868320374474,-0.00016769640108272313,0.7958473499999457,0.00030417312646278906,highs-ipm,0.0,1021,16,True,137,255,0.006317538374353316,5.100796617639026e-05,5331137,0.832898799999839,0,0.06694554081822901,0.06345281178144588,0.02674754526292427,0.0012712257784819603,4.440892098500626e-16,255,255,255,0.03192972526112922,31.591540289590416,0.030941763261107164
0.9117575681527981,255,1.7442205667742552,0.006840080654016687,-0.0716409975987983,-0.07418084292758922,-0.06480091694478161,-0.06734076227357254,False,,,,,1.4035393281377772e-05,1.4035393281377552e-05,2.202285662861181e-19,1.3877787807814457e-17,0,0,4.996003610813204e-16,-1,2.5527862701317516e-13,6.791764958595514e-14,False,7.011752289898254e-14,-0.17961324814317564,-0.18215309347196657,0.10797225054437734,-0.00036980315396881224,0.8125240312500921,0.000421766603688974,highs-ipm,0.0,1021,16,True,138,255,0.006840080654016687,6.08083499225083e-05,5331138,0.6216091000001143,0,0.13202585846852255,0.08484906128272163,0.05510293475650144,0.002539845328790924,2.220446049250313e-16,255,255,255,0.03286307599920682,32.4856230945523,0.031817456507886685
0.8200520859217411,255,1.591657970076738,0.006241795961085247,0.020093911602786292,0.022317291352016454,0.02633570756387154,0.0285590873131017,False,,,,,1.2623699477970199e-05,1.2623699477969977e-05,2.219226321806267e-19,6.938893903907228e-18,0,0,3.400058012914542e-16,-1,7.991090428260961e-14,3.531680156654282e-14,False,3.642919299551295e-14,-0.04091047106444348,-0.03868709131521332,0.061004382667229774,-8.818442470299599e-05,0.8065866124999559,0.0002382983697938663,highs-ipm,0.0,1021,16,True,139,255,0.006241795961085247,5.157135224345318e-05,5331139,0.8085458000000472,0,0.03148332086182441,0.04322893858397757,0.028183017594605904,0.0022233797492301616,3.3306690738754696e-16,255,255,255,0.031856656655268614,31.521477557222077,0.03087314158395894
0.7386273022281664,255,1.5394319431153605,0.0060369880122171,0.010074312119300793,0.013520418596678505,0.016111300131517892,0.019557406608895603,False,,,,,1.1370264462009922e-05,1.1370264462008698e-05,1.2231155758352097e-18,0.0,0,0,5.828670879282072e-16,-1,2.832803436270126e-13,4.9185048395239406e-14,False,5.079964227050482e-14,-0.10165978139193071,-0.098213674914553,0.11173409351123151,-0.00020319384827949505,0.7983541062500024,0.0004364613027782481,highs-ipm,0.0,1021,16,True,140,255,0.0060369880122171,4.7804352321600935e-05,5331140,1.0129482999996071,0,0.07047749128015929,0.08111131430080129,0.024830114702858713,0.003446106477377711,2.220446049250313e-16,255,255,255,0.0324737740213978,32.112896337025994,0.03145239602059353
0.7944918048301723,255,1.5936403540235715,0.006249570015778712,0.006216597161641357,0.003065992784296964,0.012466167177420068,0.009315562800075675,False,,,,,1.2230230193992067e-05,1.2230230193991842e-05,2.253107639696439e-19,2.0816681711721685e-17,0,0,4.440892098500626e-16,-1,9.938729526870471e-14,5.087813850779277e-14,False,5.2506610170866e-14,-0.11094356248776217,-0.11409416686510657,0.11716015964940353,-0.0002350703998524031,0.7854782812500218,0.00045765687363048254,highs-ipm,0.0,1021,16,True,141,255,0.006249570015778712,5.1275376898155277e-05,5331141,0.7480722999998761,0,0.07684229305454258,0.08375513340328358,0.026679904065530547,0.003150604377344393,6.661338147750939e-16,255,255,255,0.0312733394752869,30.961800700204257,0.03032497620000417
0.757580594490121,255,1.6049922604804523,0.006294087296001774,-0.026648240135458398,-0.02641195361923017,-0.020354152839456623,-0.020117866323228394,False,,,,,1.1662027228960432e-05,1.1662027228960409e-05,2.371692252312041e-20,6.938893903907228e-18,0,0,5.030698080332741e-16,-1,1.2650731157082262e-13,2.7074913491742514e-14,False,2.7970681326650038e-14,-0.11396127499204664,-0.11372498847581841,0.08731303485658824,-0.00023378114534579325,0.7758240499999545,0.0003410665424085478,highs-ipm,0.0,1021,16,True,142,255,0.006294087296001774,5.126613995682081e-05,5331142,0.8255724999999074,0,0.07318222948195603,0.06811631697367138,0.022395628970727843,0.00023628651622822905,4.440892098500626e-16,255,255,255,0.0326801672936655,32.31053705066845,0.03164597164610034
0.8617451811992418,255,1.647083283111817,0.006459150129850263,0.010511643466644141,0.009943148444390787,0.016970793596494404,0.01640229857424105,False,,,,,1.3265513716511122e-05,1.3265513716510633e-05,4.895850435129856e-19,6.938893903907228e-18,0,0,3.885780586188048e-16,-1,4.315905272056497e-13,5.705332040140121e-14,False,5.895284260759581e-14,-0.08618814191289445,-0.0867566369351478,0.09669978537953859,-0.0001827120702304712,0.7843654874999402,0.0003777335366388226,highs-ipm,0.0,1021,16,True,143,255,0.006459150129850263,5.497314144876038e-05,5331143,0.7114056999998866,0,0.08277511237155628,0.0707364091153466,0.02993805389085694,0.0005684950222533541,0.0,255,255,255,0.033412401402131704,33.01108229908078,0.03233210803044151
0.670820047993457,255,1.591391276497431,0.006240750103911494,-0.02022146117242299,-0.019405063550779533,-0.013980711068511495,-0.01316431344686804,False,,,,,1.0326454666776626e-05,1.0326454666777025e-05,3.9979955110402976e-19,1.9081958235744878e-17,0,0,7.771561172376096e-16,-1,6.48777906397946e-14,3.329086138703641e-14,False,3.43683415060525e-14,-0.1268868589223992,-0.12607046130075575,0.10666539774997622,-0.00025655782439481557,0.6839224812500078,0.0004166617099608446,highs-ipm,0.0,1021,16,True,144,255,0.006240750103911494,4.9263302466829366e-05,5331144,0.5634015999999633,0,0.09555598039456456,0.08637223652036204,0.018808593928022133,0.0008163976216434554,2.220446049250313e-16,255,255,255,0.0317338678319826,31.403717631697063,0.030757803752886448
0.7393064958046441,255,1.5746855937330182,0.006175237622482424,-0.010146115057028116,-0.014994181702002896,-0.003970877434545691,-0.008818944079520472,False,,,,,1.1380719816910583e-05,1.1380719816911168e-05,5.844527336054672e-19,1.734723475976807e-17,0,0,5.273559366969494e-16,-1,9.532825917535348e-14,8.974787059357059e-14,False,9.257178357202633e-14,-0.12780779358822006,-0.13265586023319484,0.11766167853119194,-0.00027047419683486984,0.6788136874999964,0.00045961593176246853,highs-ipm,0.0,1021,16,True,145,255,0.006175237622482424,4.950313287066439e-05,5331145,0.5536471000000347,0,0.08722041453965144,0.0800344597175524,0.024722043854915027,0.004848066644974781,2.220446049250313e-16,255,255,255,0.03157918639731654,31.255331376220624,0.030612469516376712
1.4483420915097722,255,1.7601223862915423,0.006902440730555068,-0.029229221112635262,-0.030334519462263204,-0.022326780382080195,-0.023432078731708137,False,,,,,2.2295456128209048e-05,2.2295456128208265e-05,7.826584432629735e-19,3.469446951953614e-18,0,0,5.898059818321144e-16,-1,1.621272560647924e-13,3.834545426681119e-14,False,3.972516759986888e-14,-0.1392061011241711,-0.14031139947379903,0.10997688001153583,-0.000296341158225472,0.6722358562499942,0.0004295971875450618,highs-ipm,0.0,1021,16,True,146,255,0.006902440730555068,6.991730728541954e-05,5331146,0.5350442999999814,0,0.1458912430984363,0.11957508958635431,0.04336683008496802,0.0011052983496279423,0.0,255,255,255,0.034496880911059874,34.0468067715907,0.03334652964896249
0.8276614766802484,255,1.612164926391567,0.006322215397613988,-0.032558826043929526,-0.03339018925983543,-0.026236610646315536,-0.027067973862221442,False,,,,,1.2740836747412535e-05,1.274083674741289e-05,3.5405977195229754e-19,3.469446951953614e-18,0,0,9.159339953157541e-16,-1,1.4180323582024812e-13,1.180487999019597e-13,False,1.2194412146726563e-13,-0.14693065826151386,-0.14776202147741976,0.11437183221758433,-0.0003013385349454984,0.6676572499999978,0.0004467649695999388,highs-ipm,0.0,1021,16,True,147,255,0.006322215397613988,5.2698765498921564e-05,5331147,0.5708785000000489,0,0.10762325010200399,0.10117978936536516,0.042075143034604946,0.0008313632159059059,2.220446049250313e-16,255,255,255,0.0330466948466512,32.661326546753486,0.031989546079092546
0.6952236403843838,255,1.5587129357218543,0.00611259974792884,-0.0031694458108599416,-0.003933327964385044,0.0029431539370688986,0.002179271783543796,False,,,,,1.0702118142078394e-05,1.0702118142078926e-05,5.319366908757006e-19,1.214306433183765e-17,0,0,5.724587470723463e-16,-1,2.5133237505081674e-13,1.601107484441866e-13,False,1.650589387391932e-13,-0.07511685802227362,-0.07588074017579872,0.07194741221141368,-0.00015890668879793582,0.6298121875000078,0.0002810445789508347,highs-ipm,0.0,1021,16,True,148,255,0.00611259974792884,4.805551182423722e-05,5331148,0.5117890999999872,0,0.06276403585183739,0.0569509113986482,0.02497473063081656,0.0007638821535251028,6.661338147750939e-16,255,255,255,0.031034531611982313,30.73248839327788,0.03010038040477755
0.5463040584388098,255,1.5024870116840696,0.005892105928172822,-0.009111412064747845,-0.010817658374342787,-0.003219306136575023,-0.004925552446169964,False,,,,,8.409683208811777e-06,8.409683208811465e-06,3.1170812458958252e-19,4.336808689942018e-18,0,0,7.875644580934704e-16,-1,1.1216028106275644e-13,5.841854777699496e-14,False,6.025041576762646e-14,-0.11293910924017228,-0.11464535554976722,0.10382769717542444,-0.00023232639326695056,0.6650585625000005,0.0004055769420915017,highs-ipm,0.0,1021,16,True,149,255,0.005892105928172822,4.311835876536925e-05,5331149,0.577118999999982,0,0.08141604205232603,0.07745962654593963,0.020406701721257393,0.0017062463095949415,0.0,255,255,255,0.03125145085324736,30.94078684181769,0.030304394556138776
0.635403184598249,255,1.557758636075056,0.0061088573963727685,-0.01151436995872289,-0.009793955610261376,-0.005405512562350121,-0.0036850982138886077,False,,,,,9.781255346357018e-06,9.781255346357165e-06,1.4738373282224826e-19,2.6020852139652106e-18,0,0,6.661338147750939e-16,-1,8.569967652194421e-14,5.624146981464406e-14,False,5.80785419757035e-14,-0.11127727710059507,-0.10955686275213355,0.09976290714187218,-0.00022375950290911802,0.6924625187499949,0.0003896988560229382,highs-ipm,0.0,1021,16,True,150,255,0.0061088573963727685,4.708981396177881e-05,5331150,0.5739786999999978,0,0.09174047041803891,0.08010030362798894,0.03298645626353153,0.001720414348461513,2.220446049250313e-16,255,255,255,0.031660876018553295,31.333701961924138,0.030689228170346854
0.6289987469506665,255,1.578053800897095,0.006188446278027823,0.003492181682609119,-0.00021195081093054735,0.009680627960636942,0.005976495467097276,False,,,,,9.682666857190314e-06,9.682666857191134e-06,8.199278929421627e-19,8.673617379884035e-19,0,0,1.2073675392798577e-15,-1,2.1379610321697884e-13,1.0104254672543833e-13,False,1.0420830864887876e-13,-0.0758697122215414,-0.07957384471508107,0.07936189390415052,-0.00016510033231633385,0.6495676249999995,0.000310007398063088,highs-ipm,0.0,1021,16,True,151,255,0.006188446278027823,4.7970050680145095e-05,5331151,0.5607321999999613,0,0.0671171779943486,0.06762041985799472,0.013470271809614702,0.0037041324935396663,5.551115123125783e-16,255,255,255,0.031357761222480046,31.042840236352973,0.030404348909258545
0.7721880359982339,255,1.5959599681915801,0.006258666541927765,0.0032618933977317383,0.004001552505027053,0.009520559939659504,0.01026021904695482,False,,,,,1.1886890935676116e-05,1.1886890935676276e-05,1.5924219408380846e-19,3.469446951953614e-18,0,0,8.881784197001252e-16,-1,2.0674087441996392e-13,3.903648237990609e-14,False,4.0266401324373646e-14,-0.07749717538064613,-0.07675751627335081,0.08075906877837787,-0.00016180391490706457,0.7051835687500017,0.00031546511241553854,highs-ipm,0.0,1021,16,True,152,255,0.006258666541927765,5.1046155418197665e-05,5331152,0.6640843000000132,0,0.06933106134775692,0.055568759191365766,0.029528877877849507,0.0007396591072953151,2.220446049250313e-16,255,255,255,0.030946586952028433,30.648013852429838,0.03001764334224274
0.6465738578979826,255,1.5724540555791375,0.0061664864924672064,-0.011468836002494667,-0.009903941855912993,-0.005302349510027461,-0.0037374553634457863,False,,,,,9.953214207414028e-06,9.953214207414045e-06,1.6940658945086007e-20,5.204170427930421e-18,0,0,4.996003610813204e-16,-1,1.2608143695747032e-13,3.278974314291361e-14,False,3.3889557826682903e-14,-0.10271117453482245,-0.10114628038824078,0.09124233853232779,-0.00020750454309069683,0.7030552562499963,0.0003564153848919054,highs-ipm,0.0,1021,16,True,153,255,0.0061664864924672064,4.7969021373398854e-05,5331153,0.8236777000000188,0,0.07782417569593506,0.06784377660198199,0.019847164823022848,0.0015648941465816746,4.440892098500626e-16,255,255,255,0.033023343428434195,32.63898522228036,0.03196766427255667
0.9634420578450376,255,1.6996033310971197,0.006665111102341646,-0.018009273598416753,-0.023160227712850368,-0.011344162496075106,-0.01649511661050872,False,,,,,1.4831012824022667e-05,1.483101282402369e-05,1.0232158002831948e-18,1.734723475976807e-17,0,0,6.106226635438361e-16,-1,7.622461689615889e-14,4.922185705899529e-14,False,5.082045895221654e-14,-0.154295737514206,-0.15944669162863961,0.13628646391578925,-0.0003262503324112104,0.6327155812499932,0.0005323689996710517,highs-ipm,0.0,1021,16,True,154,255,0.006665111102341646,5.9240192863075176e-05,5331154,0.7051187000000141,0,0.0890253645650362,0.08926572045318537,0.031788662024781145,0.005150954114433615,1.1102230246251565e-16,255,255,255,0.03282540852439127,32.44957165731075,0.03178214657914863
0.8483665852514854,255,1.6286503764793332,0.006386864221487581,0.004161838035655216,0.008972147819926682,0.010548702257142797,0.015359012041414263,False,,,,,1.3059566585126011e-05,1.305956658512588e-05,1.3044307387716225e-19,0.0,0,0,7.216449660063518e-16,-1,8.059308428953749e-14,5.1529960853891055e-14,False,5.3214377349064534e-14,-0.07581412018970933,-0.07100381040543786,0.07997595822536455,-0.0001517388837832467,0.6826600250000077,0.00031240608681783026,highs-ipm,0.0,1021,16,True,155,255,0.006386864221487581,5.383881021234539e-05,5331155,0.8210072999999625,0,0.044522844195199515,0.04926138003069731,0.014204857638782202,0.004810309784271466,1.1102230246251565e-16,255,255,255,0.0325301759946434,32.166914306922116,0.03150530294507553
0.6642711330175174,255,1.6279864858998048,0.006384260729018842,-0.015474874336568106,-0.014830838969427287,-0.009090613607549265,-0.008446578240408446,False,,,,,1.0225642125741462e-05,1.0225642125741762e-05,2.998496633280223e-19,2.0816681711721685e-17,0,0,7.112366251504909e-16,-1,1.177885913805632e-13,3.590042759599177e-14,False,3.698430450782553e-14,-0.0913116023241402,-0.09066756695699939,0.0758367279875721,-0.00018731073383863119,0.6683869249999965,0.0002962372187014535,highs-ipm,0.0,1021,16,True,156,255,0.006384260729018842,5.097441186143656e-05,5331156,0.7791675000000282,0,0.06267052556811076,0.05387142124369244,0.020556074119147626,0.0006440353671408189,4.440892098500626e-16,255,255,255,0.032418862266116,32.06029992618701,0.031400881416441734
0.6695544319731193,255,1.594851827102507,0.0062543208905980665,-0.019913119767782497,-0.02238338954811775,-0.01365879887718443,-0.01612906865751968,False,,,,,1.030697205516075e-05,1.0306972055160605e-05,1.4568966692773966e-19,6.938893903907228e-18,0,0,4.85722573273506e-16,-1,1.1851630787873546e-13,2.5320891217095465e-14,False,2.6104118866498993e-14,-0.11755768475973365,-0.1200279545400689,0.09764456499195115,-0.0002447365707662327,0.6548173499999947,0.0003814240819998092,highs-ipm,0.0,1021,16,True,157,255,0.0062543208905980665,4.9413406880204906e-05,5331157,0.8244182000000251,0,0.07011834389391917,0.06278436708031492,0.021487625208186045,0.00247026978033525,1.1102230246251565e-15,255,255,255,0.031070273959403684,30.7668163012138,0.030134002253882273
0.547802590314724,255,1.539109207483512,0.006035722382288282,0.00308772344451827,-0.0013556374967209628,0.009123445826806551,0.004680084885567319,False,,,,,8.432751275321321e-06,8.432751275321455e-06,1.3383120566617945e-19,2.688821387764051e-17,0,0,4.440892098500626e-16,-1,1.4700827360991653e-13,1.5995885171982138e-13,False,1.6486811915683575e-13,-0.13165390255755194,-0.13609726349879117,0.1347416260020702,-0.000274247719046398,0.6519562999999984,0.0005263344765705868,highs-ipm,0.0,1021,16,True,158,255,0.006035722382288282,4.485443664552477e-05,5331158,0.7302575000000502,0,0.0957494199132189,0.11795496077031466,0.03441586333735908,0.004443360941239232,6.661338147750939e-16,255,255,255,0.03165698527819348,31.329969583174737,0.030685572559426774
0.6692073906118713,255,1.6188814891799774,0.006348554859529323,-0.03146655099003669,-0.030179874074478488,-0.025117996130507365,-0.023831319214949166,False,,,,,1.0301629777607868e-05,1.0301629777607715e-05,1.5246593050577406e-19,2.0816681711721685e-17,0,0,8.049116928532385e-16,-1,8.755009521174695e-13,5.109627998489685e-14,False,5.2666204730655863e-14,-0.12863384652782817,-0.12734716961226997,0.09716729553779148,-0.0002590265704265725,0.6880594562499951,0.00037955974819449796,highs-ipm,0.0,1021,16,True,159,255,0.006348554859529323,5.059568883693121e-05,5331159,0.71616929999999,0,0.06763690035368314,0.056693716595378904,0.02829602576311469,0.0012866769155581992,4.440892098500626e-16,255,255,255,0.030703924063350752,30.41485118742433,0.029789276383373486
0.6132292542281456,255,1.5332555693357734,0.006012766938571661,0.03413395787788666,0.03263890648722738,0.04014672481645832,0.03865167342579904,False,,,,,9.439914792454362e-06,9.439914792454434e-06,7.284483346386983e-20,0.0,0,0,3.3306690738754696e-16,-1,6.515621375768887e-14,1.7210760811306458e-14,False,1.7756629500098597e-14,-0.04447411426305228,-0.04596916565371156,0.07860807214093894,-9.922344145985983e-05,0.7393221812500101,0.00030706278180054274,highs-ipm,0.0,1021,16,True,160,255,0.006012766938571661,4.558403529607555e-05,5331160,0.7023327999999651,0,0.05361042929011644,0.066394011767804,0.02662968993119006,0.00149505139065928,3.3306690738754696e-16,255,255,255,0.03130405144445323,30.991283782916675,0.03035385287259224
0.6194737350341171,255,1.5435945765119778,0.006053312064752854,-0.0033751736924410997,-0.0010180085388833832,0.0026781383723117544,0.005035303525869471,False,,,,,9.536040941566169e-06,9.536040941565967e-06,2.0159384144652348e-19,2.6020852139652106e-18,0,0,5.412337245047638e-16,-1,9.37860900052101e-14,3.6349395715618016e-14,False,3.74353326115795e-14,-0.08711077333609016,-0.08475360818253244,0.08373559964364906,-0.00017507043192307463,0.7236496562499966,0.00032709218610800413,highs-ipm,0.0,1021,16,True,161,255,0.006053312064752854,4.616928799186942e-05,5331161,0.7992658000000006,0,0.07062735324554086,0.07201337034447826,0.03522642422917029,0.0023571651535577165,1.1102230246251565e-16,255,255,255,0.030646847166305183,30.35999289458707,0.02973554641977186
0.8667533741831804,255,1.6821205000135988,0.006596550980445486,0.00698272443685348,0.007563025369395418,0.013579275417298965,0.014159576349840903,False,,,,,1.334260872576921e-05,1.3342608725769534e-05,3.2356658585114273e-19,0.0,0,0,7.28583859910259e-16,-1,1.6143943820656759e-13,3.047757358987102e-14,False,3.146788385421928e-14,-0.07717258794082545,-0.07659228700828351,0.08415531237767893,-0.00016293691928882326,0.7307030125000011,0.0003287316889753083,highs-ipm,0.0,1021,16,True,162,255,0.006596550980445486,5.6844025386377245e-05,5331162,0.5991123000000016,0,0.04925572384439502,0.046031865338841134,0.02117982098607205,0.0005803009325419384,4.440892098500626e-16,255,255,255,0.03241395331276054,32.05559768553689,0.0313962758918089
0.7111309038439598,255,1.6115697152881485,0.0063198812364241115,-0.01750658081345295,-0.017368210305833562,-0.01118669957702884,-0.01104832906940945,False,,,,,1.094699101890974e-05,1.0946991018909513e-05,2.270048298641525e-19,1.734723475976807e-17,1,0,2.7755575615628914e-16,-1,9.066879191887978e-14,9.075119128398867e-14,False,9.360567876370851e-14,-0.09537043578282536,-0.09523206527520597,0.07786385496937241,-0.0001969471185095462,0.7081358125000108,0.000304155683474111,highs-ipm,0.0,1021,16,True,163,255,0.0063198812364241115,5.0877168028879406e-05,5331163,0.7654011000000196,0,0.06682941425887702,0.061813358025256906,0.020116469093792656,0.00013837050761938974,4.440892098500626e-16,255,255,255,0.031735542091051255,31.405323508864676,0.030759376600259233
0.539370989754546,255,1.5149218899380315,0.005940870156619731,0.02433974855715043,0.025025847977605237,0.030280618713770163,0.03096671813422497,False,,,,,8.302957091004002e-06,8.302957091004086e-06,8.300922883092143e-20,6.938893903907228e-18,0,0,7.077671781985373e-16,-1,1.0500010149544492e-13,5.549358715606356e-14,False,5.730138585846589e-14,-0.05593054570608967,-0.055244446285634866,0.0802702942632401,-0.00011620226624263468,0.7001439624999968,0.00031355583696578165,highs-ipm,0.0,1021,16,True,164,255,0.005940870156619731,4.3588763127535e-05,5331164,0.6650439000000006,0,0.060821570477061514,0.045858952887995005,0.03269181740277837,0.0006860994204548054,1.1102230246251565e-16,255,255,255,0.03278208573521411,32.40810428254738,0.03174153210827363
0.894349087944031,255,1.630354893389249,0.006393548601526467,0.0032888481387772367,0.006423305035522631,0.009682396740303703,0.012816853637049097,False,,,,,1.3767411007694484e-05,1.3767411007694713e-05,2.286988957586611e-19,3.469446951953614e-18,0,0,6.38378239159465e-16,-1,6.269258116115006e-14,3.379870168462862e-14,False,3.4909575230557266e-14,-0.07011064539767613,-0.06697618850093073,0.07339949353645336,-0.00014458027917357505,0.7199832687499956,0.00028671677162677095,highs-ipm,0.0,1021,16,True,165,255,0.006393548601526467,5.463139048584854e-05,5331165,0.6370640000000094,0,0.05087644658901943,0.060240393558153305,0.02039612313407613,0.003134456896745394,2.220446049250313e-16,255,255,255,0.03258397630007749,32.218435077391796,0.03155576403270499
0.7246800108198055,255,1.5856143529823572,0.006218095501891597,0.011750120949723789,0.014354817105557,0.017968216451615386,0.020572912607448597,False,,,,,1.11555629591501e-05,1.1155562959148766e-05,1.3349239248727773e-18,2.0816681711721685e-17,0,0,6.522560269672795e-16,-1,1.9386998516973675e-13,4.0842589726919343e-13,False,4.215169879806524e-13,-0.0756125376921877,-0.07300784153635449,0.08736265864191149,-0.00015374900345984115,0.6898785812500101,0.00034126038531996677,highs-ipm,0.0,1021,16,True,166,255,0.006218095501891597,4.980934851523975e-05,5331166,0.701110099999994,0,0.06905332492597309,0.051737454293584444,0.03746336164653652,0.002604696155833211,2.220446049250313e-16,255,255,255,0.03206521226015189,31.72142741437804,0.031068978858352636
0.6948506667989127,255,1.5992059747346636,0.006271395979351622,-0.025683788981158834,-0.024611304317188346,-0.01941239300180721,-0.018339908337836722,False,,,,,1.0696376669632136e-05,1.069637666963219e-05,5.421010862427522e-20,1.0408340855860843e-17,0,0,4.683753385137379e-16,-1,4.025182964717544e-13,5.3283766288103607e-14,False,5.4969917506753063e-14,-0.10977709955756335,-0.10870461489359286,0.08409331057640451,-0.00022301007763368073,0.754546931250001,0.0003284894944390801,highs-ipm,0.0,1021,16,True,167,255,0.006271395979351622,5.001630782661989e-05,5331167,0.7446332999999754,0,0.10113992913222529,0.07971577698478906,0.028359738880852924,0.0010724846639704883,1.1102230246251565e-16,255,255,255,0.030512509587717025,30.23085309417811,0.029609062775884532
0.942621285786956,255,1.672537067742613,0.006558968893108286,-0.003757727329242788,-0.005529209101780647,0.002801241563865498,0.0010297597913276396,False,,,,,1.4510502488310748e-05,1.4510502488311163e-05,4.1504614415460717e-19,4.336808689942018e-18,0,0,4.163336342344337e-16,-1,1.2271867549928928e-13,4.026293187742169e-14,False,4.160560784782774e-14,-0.13798319510962603,-0.1397546768821639,0.13422546778038325,-0.00028746885577378753,0.5935607937499938,0.000524318233517122,highs-ipm,0.0,1021,16,True,168,255,0.006558968893108286,5.751636337962344e-05,5331168,0.6307823999999869,0,0.09419110084038007,0.08853528706091571,0.03940553640680881,0.0017714817725378584,6.661338147750939e-16,255,255,255,0.033176237631817596,32.785247461485575,0.03211091817971163
0.7591927292571411,255,1.630714683484544,0.006394959543076643,-0.007591247971757822,-0.007931411858198428,-0.0011962884286811793,-0.0015364523151217852,False,,,,,1.1686844073117205e-05,1.1686844073117293e-05,8.809142651444724e-20,1.1275702593849246e-17,0,0,5.134781488891349e-16,-1,1.262089391329546e-13,2.6504189468146144e-14,False,2.736699755701011e-14,-0.10937473172505684,-0.10971489561149744,0.10178348375329901,-0.00022597374956432323,0.5930160625000056,0.0003975917334113243,highs-ipm,0.0,1021,16,True,169,255,0.006394959543076643,5.257090516246424e-05,5331169,0.652399800000012,0,0.09367625879111824,0.09448850114718467,0.029565639023232042,0.0003401638864406059,0.0,255,255,255,0.03228152872111224,31.928732528120374,0.031272020105896546
0.6149169768537732,255,1.514650250093127,0.005939804902325988,0.029626365153133577,0.02594202514099593,0.03556617005545956,0.031881830043321915,False,,,,,9.465895219300233e-06,9.465895219300306e-06,7.284483346386983e-20,1.3877787807814457e-17,0,0,7.494005416219807e-16,-1,1.2152952255650717e-13,3.041707510864633e-14,False,3.1336044870045043e-14,-0.07073065656093713,-0.07441499657307478,0.10035702171407071,-0.00015480768540108698,0.6120286750000083,0.0003920196160705887,highs-ipm,0.0,1021,16,True,170,255,0.005939804902325988,4.4737906296977246e-05,5331170,0.5906836999999996,0,0.04333484897343531,0.06474451109923225,0.041890297215129615,0.0036843400121376463,6.661338147750939e-16,255,255,255,0.03039425669284314,30.117147763415314,0.029497696144383266
0.6903025877936442,255,1.6293492208399991,0.006389604787607839,-0.003232476768249587,-0.004553031308619282,0.0031571280193582523,0.0018365734789885573,False,,,,,1.062636455265796e-05,1.0626364552657887e-05,7.284483346386983e-20,8.239936510889834e-18,0,0,4.996003610813204e-16,-1,8.362711564902092e-14,3.824523163442617e-14,False,3.952393967665557e-14,-0.10523887611473617,-0.10655943065510587,0.10200639934648659,-0.00021875025255091153,0.6221224750000047,0.00039846249744721323,highs-ipm,0.0,1021,16,True,171,255,0.006389604787607839,5.144300609374173e-05,5331171,0.6438148000000297,0,0.09684433482926472,0.0898914360983271,0.023428572462467337,0.001320554540369695,2.220446049250313e-16,255,255,255,0.03319084201233495,32.7992160950546,0.032124599505440346
0.728545522112964,255,1.664277099771172,0.006526576861847733,-0.010349860378354322,-0.008023524174052193,-0.0038232835165065895,-0.0014969473122044604,False,,,,,1.1215067780526995e-05,1.121506778052689e-05,1.0503208545953324e-19,1.214306433183765e-17,0,0,4.701100619897147e-16,-1,7.084881726432402e-14,3.088588412802906e-14,False,3.191891195797325e-14,-0.10174575380023934,-0.09941941759593721,0.09139589342188502,-0.00020539361777259177,0.632984312499989,0.00035701520867923835,highs-ipm,0.0,1021,16,True,172,255,0.006526576861847733,5.380028891865755e-05,5331172,0.7429228999999964,0,0.09940948299641085,0.08789866888327356,0.026629777840936716,0.002326336204302129,5.551115123125783e-16,255,255,255,0.03316532151409292,32.77480627811314,0.0321006917513351
0.9937521184429412,255,1.7122168286511188,0.006714575798631838,-0.01882088973517408,-0.015969376502455848,-0.012106313936542244,-0.00925480070382401,False,,,,,1.529759915764055e-05,1.5297599157642882e-05,2.3310346708438345e-18,2.2551405187698492e-17,0,0,6.938893903907228e-16,-1,1.205181787700127e-13,1.1732281812726342e-13,False,1.2113227088050849e-13,-0.11990828240845444,-0.11705676917573621,0.10108739267328036,-0.00024392410145400266,0.6258884749999929,0.0003948726276300014,highs-ipm,0.0,1021,16,True,173,255,0.006714575798631838,6.0368144356155876e-05,5331173,0.5691683999999668,0,0.1033595862127842,0.09254355633884752,0.024360504652163797,0.0028515132327182335,8.881784197001252e-16,255,255,255,0.032326336650231456,31.971662979154427,0.031314067560386315
0.733010463388351,255,1.6601813160266012,0.006510514964810201,-0.010286716055854558,-0.008297535729612948,-0.0037762010910443577,-0.0017870207648027474,False,,,,,1.128380009377226e-05,1.1283800093772477e-05,2.168404344971009e-19,1.214306433183765e-17,0,0,6.38378239159465e-16,-1,1.1034467610471221e-13,7.537931867238057e-14,False,7.787520628355082e-14,-0.10847671597211456,-0.10648753564587295,0.09818999991626,-0.00021926726815211806,0.6245729187499904,0.0003835546871728906,highs-ipm,0.0,1021,16,True,174,255,0.006510514964810201,5.3659553486692326e-05,5331174,0.6915735000000041,0,0.08412926720381302,0.07781005576371168,0.018605707929412213,0.0019891803262416102,4.440892098500626e-16,255,255,255,0.03275535304815181,32.38251475865623,0.031716468911514424
0.6129429390236677,255,1.5515415142888913,0.006084476526623103,-0.0035090760732891385,-0.0003424818040355243,0.0025754004533339644,0.005741994722587579,False,,,,,9.43550731985686e-06,9.435507319856838e-06,2.202285662861181e-20,6.071532165918825e-18,0,0,5.134781488891349e-16,-1,7.827679476823945e-14,2.6456267732122285e-14,False,2.7269853042355408e-14,-0.0701845025019919,-0.06701790823273829,0.06667542642870276,-0.0001403298593369238,0.5937403874999987,0.00026045088448712017,highs-ipm,0.0,1021,16,True,175,255,0.006084476526623103,4.644712048574446e-05,5331175,0.6715810000000033,0,0.05206484910939903,0.05142502716740204,0.014464967108337314,0.003166594269253614,0.0,255,255,255,0.03146663192283396,31.147329636172838,0.030506689163734415
0.7851529392541465,255,1.5928273607904737,0.006246381807021466,-0.008513128374420253,-0.015029677814506176,-0.0022667465673987877,-0.00878329600748471,False,,,,,1.2086469773744759e-05,1.2086469773744391e-05,3.6761229910836635e-19,6.938893903907228e-18,0,0,2.7755575615628914e-16,-1,2.1062969077223492e-13,5.785159135594797e-14,False,5.973693761873733e-14,-0.16019377268407636,-0.16671032212416229,0.1516806443096561,-0.00033769256767249886,0.6530212750000004,0.0005925025168345942,highs-ipm,0.0,1021,16,True,176,255,0.006246381807021466,5.109191757842203e-05,5331176,0.7513165000000299,0,0.10973536558297245,0.10678645427861994,0.03701498709722189,0.0065165494400859225,2.220446049250313e-16,255,255,255,0.032572349694159085,32.20730154897789,0.031544859499488626
0.6365045102232887,255,1.5672008131954909,0.006145885541943102,0.008363574036938964,0.004798588622408104,0.014509459578882066,0.010944474164351205,False,,,,,9.79820890815664e-06,9.798208908157161e-06,5.21772295508649e-19,1.9081958235744878e-17,0,0,7.355227538141662e-16,-1,1.567487459275263e-13,6.650882373050032e-14,False,6.872280522429719e-14,-0.10717440203442709,-0.11073938744895795,0.11553797607136605,-0.00022608607501940314,0.6004545937499941,0.00045132021902877364,highs-ipm,0.0,1021,16,True,177,255,0.006145885541943102,4.756052132416604e-05,5331177,0.747148999999979,0,0.11288570344371741,0.11866439875406282,0.04172696211638937,0.0035649854145308607,4.440892098500626e-16,255,255,255,0.03307302640979898,32.686517894824846,0.0320142192897403
0.8979320459606112,255,1.6262234706554752,0.0063773469437469615,0.012349573533446526,0.012738365522199854,0.018726920477193487,0.019115712465946816,False,,,,,1.3822566266756817e-05,1.3822566266756888e-05,7.115076756936123e-20,6.938893903907228e-18,0,0,5.551115123125783e-16,-1,1.6100570312746476e-13,3.464828250698826e-14,False,3.583244811977693e-14,-0.09785734954672656,-0.09746855755797323,0.11020692308017309,-0.00020419084274717335,0.6209700000000034,0.00043049579328192613,highs-ipm,0.0,1021,16,True,178,255,0.0063773469437469615,5.447958204492657e-05,5331178,0.7008850999999936,0,0.07274775066359151,0.06284923163828772,0.03325762842923968,0.00038879198875332865,2.220446049250313e-16,255,255,255,0.033988077973306545,33.56114867278175,0.032870860600178006
1.207603583593985,255,1.6390155994551106,0.006427512154725924,-0.02780853416605418,-0.023133476059511382,-0.021381022011328257,-0.01670596390478546,False,,,,,1.858958106383591e-05,1.858958106383606e-05,1.4907779871675686e-19,0.0,0,0,6.938893903907228e-16,-1,1.8726990444473124e-13,3.361259838172148e-14,False,3.4708347307343956e-14,-0.10607672298590086,-0.10140166487935806,0.07826818881984668,-0.00021663970778133227,0.5973187624999952,0.0003057351125775261,highs-ipm,0.0,1021,16,True,179,255,0.006427512154725924,5.988428633373595e-05,5331179,0.6964272000000165,0,0.10398034512107167,0.07585927275933074,0.03346719985123854,0.004675058106542798,4.440892098500626e-16,255,255,255,0.03220243278050789,31.852941656348552,0.03119778810612003
0.7440077993040227,255,1.607375249429398,0.006303432350703522,0.00780922096476816,0.008661797723844275,0.014112653315471683,0.014965230074547798,False,,,,,1.1453090637679332e-05,1.1453090637679433e-05,1.0164395367051604e-19,1.3877787807814457e-17,0,0,5.967448757360216e-16,-1,1.2660480845118338e-13,5.0758876268819364e-14,False,5.239558786840348e-14,-0.08891700355314644,-0.08806442679407032,0.0967262245179146,-0.00018345392421984804,0.5983211312499996,0.0003778368145231039,highs-ipm,0.0,1021,16,True,180,255,0.006303432350703522,5.117513251491338e-05,5331180,0.7132325000000037,0,0.09217640332672372,0.0964085881305991,0.026824025648207444,0.0008525767590761152,2.220446049250313e-16,255,255,255,0.03221320768058436,31.86326700447942,0.031207901081762413
1.223677174112359,255,1.7623911150139933,0.006911337705937229,-0.006004906428176943,-0.0030868549303291054,0.0009064312777602862,0.0038244827756081234,False,,,,,1.8837014342428167e-05,1.8837014342428154e-05,1.3552527156068805e-20,3.469446951953614e-18,0,0,6.002143226879753e-16,-1,1.1941527411005182e-13,2.311020298739752e-14,False,2.3897550605056495e-14,-0.06627525430575554,-0.0633572028079077,0.060270347877578595,-0.0001425815510766229,0.631431493749993,0.0002354310463967914,highs-ipm,0.0,1021,16,True,181,255,0.006911337705937229,6.658515365463477e-05,5331181,0.7513536000000158,0,0.07603168958411233,0.0604251203417765,0.022293770988272923,0.0029180514978478372,0.0,255,255,255,0.03358141477246145,33.17264029000676,0.0324903430852172
0.6707393206334953,255,1.5473109893591608,0.0060678862327810225,0.01780369581792951,0.0203237350791364,0.023871582050710532,0.026391621311917423,False,,,,,1.0325211967747478e-05,1.0325211967746925e-05,5.522654816098038e-19,1.734723475976807e-17,0,0,3.7470027081099033e-16,-1,1.5016135036793887e-13,5.669770208882596e-14,False,5.851569229164966e-14,-0.0779681395919957,-0.0754481003307888,0.0957718354099252,-0.0001576847829263188,0.5975856187499922,0.00037410873207002033,highs-ipm,0.0,1021,16,True,182,255,0.0060678862327810225,4.7134342459440525e-05,5331182,0.6210170999999605,0,0.04600184707809198,0.04745868742411728,0.02964556243703674,0.002520039261206891,6.661338147750939e-16,255,255,255,0.032407492511208225,32.04940887581206,0.031390214373958926
1.2252539238317723,255,1.700509808152672,0.006668665914324204,-0.0026384632989266688,-0.004716356323073531,0.004030202615397535,0.0019523095912506727,False,,,,,1.8861286477031002e-05,1.8861286477029793e-05,1.2095630486791409e-18,0.0,0,0,1.3877787807814457e-15,-1,2.0643786972831396e-12,4.3093870485955144e-13,False,4.449288160124354e-13,-0.11832897022800709,-0.12040686325215395,0.11569050692908042,-0.000254030941266393,0.6402299687500026,0.0004519160426917204,highs-ipm,0.0,1021,16,True,183,255,0.006668665914324204,6.331391820769257e-05,5331183,0.6505490999999779,0,0.11375879035612473,0.11813966702461155,0.03494467276560746,0.0020778930241468624,6.661338147750939e-16,255,255,255,0.032411233920599615,32.05299278589332,0.031393724569924904
0.6662451337712654,255,1.5833865732301218,0.00620935911070636,-0.005261948525908736,-0.005573100713539572,0.0009474105847976245,0.000636258397166788,False,,,,,1.0256029454439323e-05,1.0256029454440026e-05,7.030373462210693e-19,4.336808689942018e-18,0,0,5.828670879282072e-16,-1,1.6979473382860988e-13,6.864474266787823e-14,False,7.092243459183578e-14,-0.11371839954557468,-0.11402955173320552,0.10845645101966594,-0.00023296999768335704,0.6587720437500018,0.0004236580117955701,highs-ipm,0.0,1021,16,True,184,255,0.00620935911070636,4.880212493743473e-05,5331184,0.547959800000001,0,0.0820008459728188,0.07705177212939106,0.029087270815664708,0.0003111521876308365,3.3306690738754696e-16,255,255,255,0.033056471047442526,32.67067956625659,0.03199870672503094
0.708884939453452,255,1.5760762355447366,0.006180691119783281,-0.0006724985445377973,0.001504046829294725,0.0055081925752454835,0.007684737949078006,False,,,,,1.0912417142455833e-05,1.0912417142456136e-05,3.032377951170395e-19,2.6020852139652106e-17,0,0,9.35015953551499e-16,-1,1.1418535388052486e-13,5.057065877167588e-14,False,5.216660436957454e-14,-0.07175550927645202,-0.0695789639026195,0.07108301073191423,-0.00014680883101475983,0.648909750000005,0.00027766801067153994,highs-ipm,0.0,1021,16,True,185,255,0.006180691119783281,4.9102671890846906e-05,5331185,0.6349162999999862,0,0.06947492809460028,0.054985662885914326,0.025358615783426217,0.0021765453738325224,0.0,255,255,255,0.03148827053948915,31.1680948189586,0.0305270272467763
0.9811070052300107,255,1.6181909830712238,0.006345846992436172,-0.0024069604244820186,-0.001270248187284398,0.003938886567954153,0.005075598805151774,False,,,,,1.5102943096393185e-05,1.5102943096393408e-05,2.236166980751353e-19,6.938893903907228e-18,0,0,5.724587470723463e-16,-1,1.8190353737179699e-13,3.71209139815587e-14,False,3.8365144394703066e-14,-0.07066722022799446,-0.06953050799079684,0.06826025980351244,-0.00015090471651591847,0.660070581250011,0.00026664163985747047,highs-ipm,0.0,1021,16,True,186,255,0.006345846992436172,5.5357924843106875e-05,5331186,0.6131524000000468,0,0.06938142855769834,0.06126878872634411,0.019027687227597456,0.0011367122371976207,6.661338147750939e-16,255,255,255,0.03299271071904768,32.60967603604847,0.03193895791973406
0.6755484086247022,255,1.5901541796708942,0.006235898743807428,0.00035860548851908425,-0.004958498821989121,0.006594504232326512,0.0012773999218183068,False,,,,,1.0399241999017467e-05,1.0399241999017286e-05,1.8126505071242027e-19,1.734723475976807e-18,0,0,9.402201239794294e-16,-1,1.172499597412724e-13,7.93878851546026e-14,False,8.204548151979907e-14,-0.10308376349538602,-0.10840086780589422,0.1034423689839051,-0.00022211968693240444,0.6613164187500047,0.0004040717538433793,highs-ipm,0.0,1021,16,True,187,255,0.006235898743807428,4.927548979238011e-05,5331187,0.6851197000000298,0,0.08660748065892084,0.08453252366791056,0.030803609454194174,0.0053171043105082055,0.0,255,255,255,0.03349415208060252,33.089233456667,0.03240865176950735
0.7917674660604742,255,1.5882459939188478,0.006228415662426854,0.01483886549337056,0.018247302074259772,0.021067281155797413,0.024475717736686626,False,,,,,1.2188292328708313e-05,1.2188292328708326e-05,1.3552527156068805e-20,3.469446951953614e-18,0,0,3.885780586188048e-16,-1,7.893338760389668e-14,9.49375127123897e-14,False,9.790085409022709e-14,-0.06314527224620059,-0.05973683566531138,0.07798413773957115,-0.00012886179948751962,0.61934381875,0.0003046255380451998,highs-ipm,0.0,1021,16,True,188,255,0.006228415662426854,5.0969516389999886e-05,5331188,0.5682985000000258,0,0.04662111877787878,0.049274805702854634,0.028615659253819484,0.0034084365808892125,0.0,255,255,255,0.03132030980842468,31.006890885666504,0.03036913896735211
0.5495316042293298,255,1.4994750001719879,0.005880294118321521,0.016297767631649113,0.018624483355630578,0.022178061749970633,0.024504777473952098,False,,,,,8.459367331089054e-06,8.459367331089033e-06,2.0328790734103208e-20,6.938893903907228e-18,0,0,3.191891195797325e-16,-1,7.910729363236335e-14,2.1467636696081982e-14,False,2.212813265956015e-14,-0.07361569545407845,-0.07128897973009699,0.08991346308572756,-0.00014769565586643472,0.6397876812499987,0.0003512244651786233,highs-ipm,0.0,1021,16,True,189,255,0.005880294118321521,4.3028940874588433e-05,5331189,0.7161849999999959,0,0.04855993521677027,0.05433498215609081,0.02668526680336451,0.002326715723981465,2.220446049250313e-16,255,255,255,0.030303942761586447,30.030289388826876,0.029412624278968538
0.7294390843217496,255,1.6327273297605966,0.006402852273570968,-0.0011851195556911998,-0.00023401181030235918,0.005217732717879768,0.0061688404632686085,False,,,,,1.122882307849165e-05,1.1228823078491776e-05,1.2705494208814505e-19,5.204170427930421e-18,0,0,4.3021142204224816e-16,-1,9.583306370686273e-14,2.4966140266258208e-14,False,2.5798807534727075e-14,-0.07213152710630089,-0.07118041936091205,0.07094640755060969,-0.0001502530796427731,0.6882027624999978,0.0002771344044945691,highs-ipm,0.0,1021,16,True,190,255,0.006402852273570968,5.221434244781112e-05,5331190,0.6773887999999602,0,0.05470358082633735,0.048323716943161336,0.02506584063868985,0.0009511077453888406,4.440892098500626e-16,255,255,255,0.03297155756693387,32.58943581673414,0.0319191340026779
0.7658122192901664,255,1.6256494048074717,0.00637509570512734,0.008814489665327843,0.008164694416061352,0.015189585370455182,0.014539790121188691,False,,,,,1.1788743030889595e-05,1.1788743030889476e-05,1.1858461261560205e-19,1.0408340855860843e-17,0,0,5.741934705483231e-16,-1,1.384916487046084e-13,3.272067946452628e-14,False,3.379935220593211e-14,-0.0910500734389643,-0.0916998686882308,0.09986456310429215,-0.00019089004906259024,0.6382872124999963,0.0003900959496261412,highs-ipm,0.0,1021,16,True,191,255,0.00637509570512734,5.2419042009089635e-05,5331191,0.6926895999999942,0,0.08910649517055418,0.08632278911460799,0.02634802370634581,0.000649795249266491,2.220446049250313e-16,255,255,255,0.03352436670566561,33.118114588422074,0.03243693887210781
0.7424416968653451,255,1.5808501449346675,0.006199412333077127,0.008393877745291933,0.008389462397409023,0.01459329007836906,0.014588874730486149,False,,,,,1.1428982404951366e-05,1.1428982404950092e-05,1.2739375526704677e-18,3.469446951953614e-18,0,0,3.7816971776294395e-16,-1,3.082993929592881e-13,9.578200921948345e-14,False,9.874739914650377e-14,-0.1030539334254033,-0.1030583487732862,0.11144781117069523,-0.00021271481985277472,0.6608668125000001,0.00043534301238552824,highs-ipm,0.0,1021,16,True,192,255,0.006199412333077127,4.9850501770169995e-05,5331192,0.5599775000000022,0,0.08227506545397341,0.07011931652323783,0.03545106028396853,4.415347882910647e-06,2.220446049250313e-16,255,255,255,0.030922438176068295,30.624815416398636,0.029994922053279763
1.0753666249153644,255,1.7272667357051916,0.006773595041981144,-0.019391820293328338,-0.019445435429771715,-0.012618225251347193,-0.01267184038779057,False,,,,,1.6553954723877618e-05,1.655395472387825e-05,6.335806445462167e-19,1.0408340855860843e-17,0,0,4.440892098500626e-16,-1,1.4334442920843626e-13,3.044088689885954e-14,False,3.1481761642027095e-14,-0.09826400808704114,-0.09831762322348452,0.0788721877937128,-0.00020858056258224645,0.6996619812499958,0.0003080944835691906,highs-ipm,0.0,1021,16,True,193,255,0.006773595041981144,6.241933104481404e-05,5331193,0.6863832999999886,0,0.08506101451869112,0.06624055080809044,0.03419491048170657,5.361513644337734e-05,4.440892098500626e-16,255,255,255,0.03377238498101541,33.355123010226244,0.03266907248797869
0.7684679635070258,255,1.6497933946485461,0.006469778018229593,-0.005807482887596582,-0.0018198264424503507,0.0006622951306330107,0.004649951575779242,False,,,,,1.1829624966878207e-05,1.1829624966878099e-05,1.0842021724855044e-19,4.336808689942018e-18,0,0,6.661338147750939e-16,-1,7.527680735697206e-14,1.664727383721143e-14,False,1.7132129048746947e-14,-0.08262766313546999,-0.07864000669032375,0.0768201802478734,-0.00016542338803391668,0.6456996812500009,0.0003000788290932555,highs-ipm,0.0,1021,16,True,194,255,0.006469778018229593,5.3676066259638597e-05,5331194,0.6540307000000212,0,0.059793992616931975,0.05792927056976396,0.03147352056430976,0.0039876564451462315,1.1102230246251565e-16,255,255,255,0.03048723975895213,30.206557240991504,0.029585266641519593
0.8189941470278029,255,1.6136189109877157,0.006327917297991042,0.01774902314605578,0.01917017926147359,0.024076940444046825,0.025498096559464632,False,,,,,1.26074138018643e-05,1.260741380186183e-05,2.4699480741935398e-18,1.734723475976807e-17,0,0,8.673617379884035e-16,-1,1.459778478651863e-13,1.039810598735258e-13,False,1.0737244426906045e-13,-0.06970501089727935,-0.06828385478186154,0.08745403404333513,-0.00014597431767268514,0.6373778625000028,0.00034161732048177784,highs-ipm,0.0,1021,16,True,195,255,0.006327917297991042,5.263760302845036e-05,5331195,0.5414547999999968,0,0.057340868949413544,0.06720410544722699,0.029388361569890806,0.001421156115417807,4.440892098500626e-16,255,255,255,0.03266620057603791,32.29716511446808,0.03163287474482672
0.7151456270010937,255,1.6105723561806264,0.0063159700242377504,0.014411273252557491,0.01481609688209777,0.020727243276795242,0.021132066906335522,False,,,,,1.1008792774547283e-05,1.1008792774545486e-05,1.7974039140736253e-18,6.938893903907228e-18,0,0,6.661338147750939e-16,-1,7.254179895666013e-14,9.176773924091108e-14,False,9.47505962578532e-14,-0.07959319178635037,-0.07918836815681009,0.09400446503890786,-0.0001656735743308152,0.6564232000000025,0.0003672049415582338,highs-ipm,0.0,1021,16,True,196,255,0.0063159700242377504,5.088948775846687e-05,5331196,0.5719438999999511,0,0.0780579517258327,0.09134358409468207,0.027684304379147033,0.0004048236295402796,8.881784197001252e-16,255,255,255,0.03252077714881396,32.157913142074726,0.03149648691682148
0.5244690473886202,255,1.4929673412497977,0.0058547738872541085,0.03281073475854612,0.03042978461597763,0.038665508645800234,0.03628455850323174,False,,,,,8.073559903563609e-06,8.073559903563202e-06,4.0657581468206416e-19,6.938893903907228e-18,0,0,3.0531133177191805e-16,-1,2.4138107962076716e-13,8.776052801140466e-14,False,9.044501259047877e-14,-0.09241369259486029,-0.09479464273742878,0.12522442735340641,-0.0001932193465001038,0.6496096437499936,0.0004891579193492438,highs-ipm,0.0,1021,16,True,197,255,0.0058547738872541085,4.234402967208166e-05,5331197,0.7133425000000102,0,0.08272969254809272,0.09135364024065785,0.029261360101768715,0.0023809501425684915,0.0,255,255,255,0.030954522404219226,30.655636779210163,0.030025109480127484
0.6429176998209337,255,1.5350412627327497,0.006019769657775489,0.015709356491700494,0.01374760242408296,0.02172912614947598,0.01976737208185845,False,,,,,9.896932122896738e-06,9.896932122896523e-06,2.1514636860259229e-19,6.938893903907228e-18,0,0,9.43689570931383e-16,-1,1.2858681133764982e-13,2.052524816775758e-14,False,2.117750419472486e-14,-0.10834138920145184,-0.11030314326906937,0.12405074569315233,-0.00022533275882029763,0.6404303437500047,0.0004845732253638763,highs-ipm,0.0,1021,16,True,198,255,0.006019769657775489,4.612486548424588e-05,5331198,0.6680121999999642,0,0.08455463023790062,0.09881438441550856,0.032485634453601836,0.0019617540676175327,2.220446049250313e-16,255,255,255,0.03147653024075878,31.15682852067747,0.030515992674512705
0.6921944738146497,255,1.6019774097489388,0.006282264351956623,-0.002452785548641423,-0.00525215080481764,0.0038294788033152,0.0010301135471389826,False,,,,,1.0655487825413555e-05,1.0655487825417936e-05,4.380854403199241e-18,8.673617379884035e-19,0,0,3.885780586188048e-16,-1,1.119911455238487e-13,2.347315050665877e-13,False,2.4245189189642247e-13,-0.09565210193794685,-0.09845146719412307,0.09319931638930543,-0.00020294350968893954,0.6216218499999968,0.0003640598296457243,highs-ipm,0.0,1021,16,True,199,255,0.006282264351956623,5.0111896888282496e-05,5331199,0.5977259000000004,0,0.09937016071251484,0.08456512644983287,0.028953426135526632,0.0027993652561762172,2.220446049250313e-16,255,255,255,0.0329909789732565,32.60801906051005,0.03193733502498536
0.6151967820073729,255,1.5597014381899996,0.006116476228196077,-0.0015975034407587768,-0.001597503440758749,0.0045189727874373,0.004518972787437328,False,-0.10187745825483024,0.10520302367669089,0.009442041650056729,16,9.470202477622086e-06,9.470202477622147e-06,6.098637220230962e-20,1.1275702593849246e-17,1,0,6.38378239159465e-16,-1,4.937132517049414e-13,4.565965661118554e-14,True,4.7233050803896504e-14,-0.09496142654165453,-0.0949614265416545,0.09336392310089575,-0.0001949417386917911,0.6974667780392134,0.00036470282461287403,highs-ipm,0.0,1021,255,True,900000,255,0.006116476228196077,4.687220850902462e-05,6231000,0.5890333000000396,0,0.060527073389591526,0.06967728446106462,0.022659755250989764,2.7755575615628914e-17,2.220446049250313e-16,255,255,255,0.03442982259983902,33.982826197030704,0.033283865031371894
0.7456257149772271,255,1.6003526496239038,0.006275892743623152,0.003220897062128608,0.0032208970621297184,0.009496789805751759,0.00949678980575287,False,-0.09579184690246081,0.09758937143279678,0.008073417273959119,16,1.1477996471818626e-05,1.1477996471820775e-05,2.1497696201314143e-18,1.0408340855860843e-17,0,0,9.766493169749424e-16,-1,3.623908356557848e-13,1.581105038561681e-13,True,1.63279112452841e-13,-0.08239912919030369,-0.08239912919030258,0.0856200262524323,-0.0001724137956716305,0.6881720094117619,0.00033445322754856367,highs-ipm,0.0,1021,255,True,900001,255,0.006275892743623152,5.085358428505154e-05,6231001,0.570724499999983,0,0.07805904839479678,0.07757656880472928,0.02703412651969137,1.1102230246251565e-15,2.220446049250313e-16,255,255,255,0.0326746213454836,32.30522732346478,0.03164077112974023
0.8127731736688475,513,1.6391456122158705,0.0031952156183545233,0.005307522664308076,0.0024238214025344845,0.0085027382826626,0.005619037020889008,False,,,,,3.0899128011280456e-06,3.0899128011282073e-06,1.6178329292557136e-19,0.0,0,0,2.914335439641036e-16,-1,1.297174173631177e-13,5.546111530099762e-14,False,5.672198821748964e-14,-0.05807306958918314,-0.06095677085095673,0.06338059225349121,-6.238638250050246e-05,8.048743562499993,0.00012330854524025527,highs-ipm,0.0,2053,8,True,0,513,0.0031952156183545233,1.329781057691213e-05,6363000,6.451073699999938,0,0.041396657962716986,0.04473713760596589,0.023732485712660165,0.0028837012617735913,8.881784197001252e-16,513,513,513,0.022795960559424896,45.75703154214814,0.02228788677162598
0.6848914798418074,513,1.6059171547653306,0.00313044279681351,-0.01916302091833902,-0.019560258314265805,-0.01603257812152551,-0.016429815517452297,False,,,,,2.603746062869877e-06,2.603746062870278e-06,4.0064658405128406e-19,6.938893903907228e-18,0,0,3.2612801348363973e-16,-1,4.061886460862696e-13,2.1767613753165271e-13,False,2.2242971353669816e-13,-0.11162563308886991,-0.1120228704847967,0.0924626121705309,-0.00011157540995858691,7.9098109625000035,0.0001798883505263247,highs-ipm,0.0,2053,8,True,1,513,0.00313044279681351,1.2402149902957347e-05,6363001,6.6133224000000155,0,0.07285812813931274,0.0665590112429868,0.015425382523518322,0.0003972373959267861,0.0,513,513,513,0.021987049803061726,44.16828300748444,0.02151401997442009
0.6914610047046846,513,1.601079956476532,0.003121013560383103,0.005870051933670066,0.004925215368787719,0.00899106549405317,0.008046228929170823,False,,,,,2.6287213691769666e-06,2.628721369178068e-06,1.1015663479042176e-18,1.3877787807814457e-17,0,0,3.0531133177191805e-16,-1,5.405409870791814e-13,4.83718642398101e-13,False,4.944412934637654e-13,-0.053369483434753597,-0.05431431999963594,0.05923953536842366,-5.546366300306517e-05,7.716769262500009,0.00011525201433545459,highs-ipm,0.0,2053,8,True,2,513,0.003121013560383103,1.2368166583965352e-05,6363002,5.938370300000088,0,0.055678143399797236,0.05738679651291156,0.020175069890143265,0.0009448365648823467,8.881784197001252e-16,513,513,513,0.022257532883526058,44.69980757293706,0.02177292137015931
0.8754396455397625,513,1.6557448620824236,0.0032275728305700266,-0.00023663121788138064,0.00034517389901481815,0.002990941612688646,0.0035727467295848447,False,,,,,3.328151389591786e-06,3.328151389591234e-06,5.518419651361767e-19,2.168404344971009e-18,1,0,5.507747036226363e-16,-1,3.1308245926342515e-13,1.1232681451645021e-13,False,1.1489767470784784e-13,-0.05715485192861393,-0.05657304681171773,0.05691822071073255,-5.836029809359681e-05,7.974362049999982,0.00011073583795862363,highs-ipm,0.0,2053,8,True,3,513,0.0032275728305700266,1.374375665010737e-05,6363003,7.604291200000034,0,0.04352020426588898,0.04620657946988583,0.019346368167949317,0.0005818051168961988,6.661338147750939e-16,513,513,513,0.02276273193326127,45.69181805309935,0.02225612179887937
0.6702861808033772,513,1.5817548877430467,0.003083342861097557,-0.0016707418245386074,-0.0017867224077851296,0.0014126010365589498,0.0012966204533124276,False,,,,,2.5482212228225182e-06,2.5482212228224217e-06,9.656175598699024e-20,1.6479873021779667e-17,0,0,4.163336342344337e-16,-1,1.4652265945686027e-13,8.234764866527078e-14,False,8.422776365257789e-14,-0.06473549416544452,-0.06485147474869105,0.06306475234090592,-6.563331339080983e-05,8.524155975000014,0.00012269407070215156,highs-ipm,0.0,2053,8,True,4,513,0.003083342861097557,1.2053983203577913e-05,6363004,6.335887100000036,0,0.05710664080743198,0.05582976576458392,0.006401194416280479,0.00011598058324652216,8.881784197001252e-16,513,513,513,0.023011262037432294,46.17947300869489,0.02249365465596439
0.7105226959941493,513,1.5497253154873647,0.0030209070477336545,0.006858118170545588,0.008079672767871096,0.009879025218279242,0.01110057981560475,False,,,,,2.7011880374125984e-06,2.7011880374129482e-06,3.4982460721602604e-19,3.469446951953614e-18,0,0,3.400058012914542e-16,-1,3.488251354433203e-13,3.9837772837503227e-13,False,4.070736803196695e-13,-0.035766504665092555,-0.03454495006776705,0.04262462283563814,-3.6305225068314746e-05,8.082685375000025,8.292728178139718e-05,highs-ipm,0.0,2053,8,True,5,513,0.0030209070477336545,1.1825751701213143e-05,6363005,7.261708399999975,0,0.028975260440085828,0.0374188597569551,0.009147906499280373,0.0012215545973255082,4.440892098500626e-16,513,513,513,0.021937854014539564,44.07157843788898,0.021466915946365798
0.7182583004913983,513,1.6058796229212056,0.0031303696353239875,-0.010570141847830818,-0.008776421860912084,-0.007439772212506831,-0.005646052225588097,False,,,,,2.7305964186623426e-06,2.730596418662319e-06,2.371692252312041e-20,0.0,0,0,3.0531133177191805e-16,-1,1.1173179081166301e-13,1.9322201174135079e-13,False,1.9757459557290247e-13,-0.050734679729652676,-0.04894095974273394,0.04016453788182186,-5.033853391159417e-05,8.062178337499986,7.814112428370011e-05,highs-ipm,0.0,2053,8,True,6,513,0.0031303696353239875,1.2528480420585068e-05,6363006,6.286659900000018,0,0.059276307672288996,0.0456285728225389,0.015952630474290415,0.0017937199869187334,0.0,513,513,513,0.022525520085839055,45.22615018190002,0.022029298676035078
0.8512887349988206,513,1.6485126650501392,0.00321347498060456,0.010712378383770413,0.011981189769983545,0.013925853364374973,0.015194664750588106,False,,,,,3.2363370801910128e-06,3.2363370801911026e-06,8.978549240895584e-20,6.938893903907228e-18,0,0,3.712308238590367e-16,-1,4.3345927839893647e-13,8.640999157524809e-14,False,8.839456944187418e-14,-0.03539300044625118,-0.03412418906003805,0.046105378830021596,-3.6431073519916836e-05,8.033639462499977,8.969918060315485e-05,highs-ipm,0.0,2053,8,True,7,513,0.00321347498060456,1.356118213706604e-05,6363007,5.791362699999922,0,0.028362661139949227,0.033898127513110686,0.014607778304094298,0.0012688113862131326,1.3322676295501878e-15,513,513,513,0.02298943844242202,46.136661189927686,0.022472801358951626
0.6488480079027001,513,1.5596737450513627,0.0030402996979558726,0.0038867225005169356,0.0059719865519320126,0.006927022198472808,0.009012286249887886,False,,,,,2.4667199048372813e-06,2.4667199048352814e-06,1.999844788467403e-18,0.0,0,0,6.106226635438361e-16,-1,1.4743031014757824e-12,9.583432138138281e-13,False,9.803928502361003e-13,-0.03135571438581192,-0.02927045033439684,0.03524243688632885,-3.0939920619229094e-05,6.9455135249999955,6.856505230803279e-05,highs-ipm,0.0,2053,8,True,8,513,0.0030402996979558726,1.1708940638544978e-05,6363008,6.1087932000000364,0,0.03014322195609624,0.038857580689076125,0.012746658380148514,0.002085264051415078,5.551115123125783e-16,513,513,513,0.02300058072032266,46.15851946591603,0.022483448351639568
0.7080131530581321,513,1.5856416263718784,0.0030909193496527843,0.0030321934534793815,0.0036857428672815717,0.006123112803132166,0.006776662216934356,False,,,,,2.69164752956335e-06,2.6916475295637806e-06,4.307162536788117e-19,6.938893903907228e-18,0,0,4.579669976578771e-16,-1,1.9831939503155496e-13,1.272703459547636e-13,False,1.301736496372996e-13,-0.07864138561034148,-0.07798783619653929,0.08167357906382086,-7.855530141724791e-05,7.261517999999995,0.00015889801374284213,highs-ipm,0.0,2053,8,True,9,513,0.0030909193496527843,1.2244118875480728e-05,6363009,6.441905600000041,0,0.05457971687698856,0.05911798906501057,0.01243597094832895,0.0006535494138021902,4.440892098500626e-16,513,513,513,0.022792825369388175,45.75087869476801,0.022284889768518272
0.672824224484158,513,1.6085329840013265,0.003135541879144886,-0.02986676338139055,-0.030605350257372196,-0.02673122150224566,-0.02746980837822731,False,,,,,2.557870081708518e-06,2.557870081708434e-06,8.385626177817573e-20,1.734723475976807e-17,0,0,2.7755575615628914e-16,-1,8.205992851374744e-14,5.398421340757197e-14,False,5.5219717687293723e-14,-0.10370238606659399,-0.10444097294257564,0.07383562268520344,-0.00010415414726320224,7.148914049999988,0.00014364907137199114,highs-ipm,0.0,2053,8,True,10,513,0.003135541879144886,1.2388247039371545e-05,6363010,7.622394200000031,0,0.04266426905158096,0.03803072350732599,0.01240177463797342,0.0007385868759816477,9.992007221626409e-16,513,513,513,0.0228082671441734,45.78118299506036,0.022299650752586636
0.7022582934558823,513,1.5946219244521513,0.003108424804000295,-0.005961581142845486,-0.004762606614439377,-0.002853156338845191,-0.001654181810439082,False,,,,,2.6697693291878565e-06,2.6697693291878756e-06,1.9058241313221758e-20,8.673617379884035e-19,0,0,2.688821387764051e-16,-1,1.4220222221972278e-13,6.581714340203604e-14,False,6.734196533741965e-14,-0.05536897360246653,-0.05416999907406042,0.049407392459621044,-5.536432095765132e-05,7.018334237499957,9.612333163350396e-05,highs-ipm,0.0,2053,8,True,11,513,0.003108424804000295,1.2330773667868803e-05,6363011,6.445362400000022,0,0.03876719529445579,0.0341152136744277,0.009687457689766877,0.001198974528406109,1.7763568394002505e-15,513,513,513,0.02294624403510023,46.051920400271136,0.022431524793117944
0.7784214963508538,513,1.6497549302854382,0.003215896550264012,-0.013299278286341962,-0.011345080551096717,-0.01008338173607795,-0.008129184000832705,False,,,,,2.95931832418951e-06,2.959318324189502e-06,7.623296525288703e-21,1.734723475976807e-18,0,0,2.498001805406602e-16,-1,1.636746294053637e-13,8.55131937482767e-14,False,8.745434931789475e-14,-0.07321362869551243,-0.07125943096026718,0.059914350409170467,-7.22778309314533e-05,7.201583575000015,0.00011656488406453397,highs-ipm,0.0,2053,8,True,12,513,0.003215896550264012,1.3299867485729569e-05,6363012,6.762389600000006,0,0.04570361846406215,0.0391202384591733,0.015983224378124744,0.0019541977352452444,4.440892098500626e-16,513,513,513,0.02289984200044963,45.96087876500271,0.022387179135412914
0.8876574444491478,513,1.6675850226746265,0.0032506530656425466,-0.02172157068440804,-0.02173832017499515,-0.018470917618765494,-0.018487667109352603,False,,,,,3.374599690882435e-06,3.37459969088212e-06,3.1509625637859973e-19,6.938893903907228e-18,0,0,2.0122792321330962e-16,-1,1.2226016640054516e-13,8.647189951929701e-14,False,8.838416110101832e-14,-0.08836893428358428,-0.08838568377417139,0.06664736359917624,-8.935289129999825e-05,7.296458012499983,0.00012966413151590706,highs-ipm,0.0,2053,8,True,13,513,0.0032506530656425466,1.3939701303336951e-05,6363013,6.67921780000006,0,0.09459218393766591,0.07300745299838854,0.023611284739856086,1.674949058710906e-05,1.5543122344752192e-15,513,513,513,0.02227502751253932,44.734176471587816,0.021789662187816763
0.7154912014878494,513,1.5337167730882726,0.0029897013120629094,-0.0034148197633057653,-0.005723818561193958,-0.00042511845124285595,-0.0027341172491310486,False,,,,,2.7200767621206575e-06,2.720076762120925e-06,2.676624113323589e-19,6.5052130349130266e-18,0,0,3.885780586188048e-16,-1,4.030122589815388e-13,1.0601957679823304e-13,False,1.083265421808477e-13,-0.07544705938871074,-0.07775605818659893,0.07203223962540498,-7.83582656595907e-05,6.722456637500002,0.0001401405440182976,highs-ipm,0.0,2053,8,True,14,513,0.0029897013120629094,1.16570657696771e-05,6363014,6.423573099999999,0,0.0744896166701345,0.0675277624360772,0.017656446166262718,0.0023089987978881926,6.661338147750939e-16,513,513,513,0.021921751777991293,44.03992411543596,0.021451497377221608
0.8971449635025138,513,1.635693473617216,0.0031884863033473996,0.00817130666837293,0.009522506340886437,0.01135979297172033,0.012710992644233837,False,,,,,3.4106683106686603e-06,3.410668310668884e-06,2.236166980751353e-19,1.734723475976807e-18,0,0,1.8388068845354155e-16,-1,1.6409790193350204e-13,1.1085295008317342e-13,False,1.1339540417765193e-13,-0.044667517716472274,-0.04331631804395877,0.052838824384845204,-4.5547164462379746e-05,7.084520350000005,0.00010279926923121636,highs-ipm,0.0,2053,8,True,15,513,0.0031884863033473996,1.3575451907848066e-05,6363015,6.5599454999999125,0,0.034752392950456915,0.03099206824518197,0.015511212173036365,0.0013511996725135075,8.881784197001252e-16,513,513,513,0.023114238052323332,46.381458645083356,0.022592040255763935
0.6806610689180631,513,1.5825624760418378,0.003084917107294031,-0.0003163135745605575,0.0010916861441768802,0.0027686035327334733,0.004176603251470911,False,,,,,2.5876633459564177e-06,2.5876633459564e-06,1.7787691892340307e-20,1.0408340855860843e-17,0,0,3.2612801348363973e-16,-1,1.0865249672198374e-12,1.1295825386170577e-13,False,1.1551870571224754e-13,-0.03615449292769597,-0.034746493208958534,0.035838179353135415,-3.638775401614953e-05,6.240312025000037,6.972408434462143e-05,highs-ipm,0.0,2053,8,True,16,513,0.003084917107294031,1.210311647456097e-05,6363016,5.6025878999998895,0,0.03183632297736524,0.032289063462111224,0.008375329735114677,0.0014079997187374377,7.771561172376096e-16,513,513,513,0.02281411954511425,45.79266802354076,0.0223052450187729
0.7830768275221955,513,1.6242272984297734,0.003166135084658428,-0.005243031906717079,-0.004249804145351942,-0.0020768968220586507,-0.0010836690606935138,False,,,,,2.9770164567632568e-06,2.977016456763057e-06,1.9989977555201488e-19,7.806255641895632e-18,0,0,3.7339922820400773e-16,-1,2.3413476019085167e-13,5.814446146779062e-14,False,5.944897352172518e-14,-0.036497657970207785,-0.03550443020884265,0.031254626063490706,-3.751439992839987e-05,6.368611175000041,6.080666549317259e-05,highs-ipm,0.0,2053,8,True,17,513,0.003166135084658428,1.299997774998832e-05,6363017,5.111645199999884,0,0.028098363199540722,0.02502294396410714,0.013970906193497383,0.000993227761365137,5.551115123125783e-16,513,513,513,0.02291374841610566,45.98816427201738,0.02240046968924373
0.6538224401305414,513,1.536793657387338,0.0029956991372072864,0.020218863717190394,0.021362306753732872,0.02321456285439768,0.024358005890940157,False,,,,,2.4856311611577076e-06,2.485631161157594e-06,1.1350241493207625e-19,6.938893903907228e-18,0,0,2.220446049250313e-16,-1,1.0314110134544696e-13,9.327125660360536e-14,False,9.545489398909979e-14,-0.05208226389327732,-0.05093882085673484,0.07230112761046771,-5.203701331751444e-05,6.097362524999966,0.00014066367239390606,highs-ipm,0.0,2053,8,True,18,513,0.0029956991372072864,1.1458633750618393e-05,6363018,5.206274200000053,0,0.04492523982691767,0.06560742796429687,0.022824999054716136,0.0011434430365424783,4.440892098500626e-16,513,513,513,0.02316162389209306,46.47439147452031,0.022637307099133128
0.9087305149431042,513,1.6987954805840884,0.0033114921648812637,-0.0062849910098911055,-0.006378158148314758,-0.002973498845009842,-0.0030666659834334945,False,,,,,3.4547130021818725e-06,3.4547130021820355e-06,1.6305384234645282e-19,3.903127820947816e-18,0,0,3.365363543395006e-16,-1,1.3880931994114665e-13,1.3231692759692326e-13,False,1.3535353393656635e-13,-0.05591554399902125,-0.056008711137444905,0.04963055298913015,-5.793789504249809e-05,6.452941549999991,9.655749608780182e-05,highs-ipm,0.0,2053,8,True,19,513,0.0033114921648812637,1.4419010596977713e-05,6363019,5.905949899999996,0,0.05176827774511804,0.043445573962452605,0.01263662618086602,9.316713842365265e-05,2.220446049250313e-16,513,513,513,0.0229541673513094,46.06746526509262,0.022439096573352472
0.6672311132300018,513,1.5886443778456683,0.003096772666365825,-0.011538184680190994,-0.010767584966967073,-0.008441412013825169,-0.007670812300601248,False,,,,,2.536606798639749e-06,2.536606798639753e-06,3.8116482626443515e-21,8.673617379884035e-19,0,0,2.498001805406602e-16,-1,1.0122458427019865e-13,7.250103295497468e-14,False,7.412126468153701e-14,-0.07046047734104496,-0.06968987762782104,0.05892229266085397,-7.032831655332948e-05,6.334521987500011,0.00011463481062422951,highs-ipm,0.0,2053,8,True,20,513,0.003096772666365825,1.2125372184758283e-05,6363020,5.80759379999995,0,0.04848503519136115,0.04173160519223862,0.008118370401288535,0.0007705997132239212,0.0,513,513,513,0.02205545218299562,44.302726662215186,0.021579506411210515
0.6934554462155725,513,1.5894278417273582,0.0030982998864081054,-0.007980896805173804,-0.010528632732064183,-0.004882596918765698,-0.007430332845656078,False,,,,,2.6363036203581442e-06,2.6363036203586474e-06,5.031375706690544e-19,5.204170427930421e-18,0,0,3.608224830031759e-16,-1,3.626391721633926e-13,4.1089397509463943e-13,False,4.200598202608319e-13,-0.08800968536051862,-0.090557421287409,0.08002878855534482,-9.072718035908335e-05,6.210874474999997,0.00015569803220884205,highs-ipm,0.0,2053,8,True,21,513,0.0030982998864081054,1.2234481683912847e-05,6363021,5.215144799999962,0,0.06239280417505459,0.05383503823855248,0.025614478986535627,0.0025477359268903793,4.440892098500626e-16,513,513,513,0.022299181592458774,44.78162619479453,0.021812774571258905
0.7590260333298606,513,1.5936185822982136,0.003106468971341547,0.019381707144910984,0.01826420706275832,0.02248817611625253,0.021370676034099867,False,,,,,2.885582758826791e-06,2.8855827588264736e-06,3.172138387467355e-19,3.469446951953614e-18,0,0,2.3071822230491534e-16,-1,1.5884472556737528e-13,9.183973026516412e-14,False,9.394221511804801e-14,-0.029477840143398208,-0.030595340225550872,0.04885954728830919,-3.264758686928452e-05,6.4270811750000405,9.505748499671048e-05,highs-ipm,0.0,2053,8,True,22,513,0.003106468971341547,1.2534326684282833e-05,6363022,5.261829499999976,0,0.02748414835630879,0.039137326567849705,0.013414084985784128,0.0011175000821526636,0.0,513,513,513,0.022706566586183176,45.58158001961523,0.022202425728015212
0.6326641547022971,513,1.5883761089599855,0.003096249725068198,-0.004472555144910288,-0.0023014628598729686,-0.0013763054198420903,0.0007947868651952293,False,,,,,2.4051938889732075e-06,2.4051938889731004e-06,1.0714966782766899e-19,8.673617379884035e-19,0,0,4.891920202254596e-16,-1,1.26422418540717e-13,5.835604352175117e-14,False,5.967101812665021e-14,-0.03828206399391215,-0.03611097170887483,0.033809508849001864,-3.753259827503811e-05,6.519030437500021,6.577725457004254e-05,highs-ipm,0.0,2053,8,True,23,513,0.003096249725068198,1.1990784698110952e-05,6363023,5.679090999999971,0,0.03494624717625459,0.03084225112280739,0.007164026600971723,0.0021710922850373196,4.440892098500626e-16,513,513,513,0.022857412672369095,45.87762442252025,0.02234662660619593
0.5833006313833748,513,1.5600971655382925,0.0030411250790220124,-0.001389577520219086,-0.000408640580511703,0.0016515475588029264,0.0026324844985103095,False,,,,,2.2175290058871044e-06,2.2175290058871895e-06,8.512681119905718e-20,5.204170427930421e-18,0,0,1.5959455978986625e-16,-1,1.1919631948131837e-13,8.808231921619836e-14,False,9.008765955442755e-14,-0.05956938449780555,-0.05858844755809817,0.058179806977586464,-5.9210182272519646e-05,6.561095912500065,0.00011319028594861181,highs-ipm,0.0,2053,8,True,24,513,0.0030411250790220124,1.1464890611371358e-05,6363024,4.917141599999923,0,0.05235774577125918,0.05645461592412706,0.01608380677258367,0.000980936939707383,1.1102230246251565e-16,513,513,513,0.02265899562928582,45.488201077524096,0.022156941586714125
0.790137269043244,513,1.580625320711035,0.0030811409760449025,0.0061346966028107755,0.0070427962162492586,0.009215837578855678,0.010123937192294161,False,,,,,3.0038580767180228e-06,3.003858076718385e-06,3.621065849512134e-19,3.469446951953614e-18,0,0,2.480654570646834e-16,-1,1.86166186633141e-13,1.529340890038533e-13,False,1.5631940186722204e-13,-0.03479926788776361,-0.033891168274325124,0.04093396449057438,-3.597192060038096e-05,6.249132212499973,7.963806321123422e-05,highs-ipm,0.0,2053,8,True,25,513,0.0030811409760449025,1.2495824635561582e-05,6363025,5.378142000000025,0,0.04966055788799411,0.04188585481893913,0.012188460823406898,0.0009080996134384831,0.0,513,513,513,0.022258602514475354,44.7019089394954,0.021773944929125863
0.5500808043674913,513,1.508945865538543,0.0029414149425702595,0.015966576625888095,0.014198205059911546,0.018907991568458356,0.017139620002481808,False,,,,,2.0912374745312084e-06,2.091237474531278e-06,6.945670167485263e-20,1.0408340855860843e-17,0,0,4.0245584642661925e-16,-1,1.720446701769518e-13,9.543722149368827e-14,False,9.750533713770437e-14,-0.04714792618095696,-0.048916297746933506,0.06311450280684505,-4.9675184699174765e-05,5.691480075000044,0.00012279086149191647,highs-ipm,0.0,2053,8,True,26,513,0.0029414149425702595,1.0742140713736627e-05,6363026,5.53461040000002,0,0.031559018905566345,0.033220971641053636,0.008728897154729045,0.001768371565976548,0.0,513,513,513,0.02178097855055115,43.76314484510561,0.021316680392160548
0.953834910207995,513,1.6393704923279053,0.0031956539811460144,0.007498763560759306,0.007910384328666344,0.01069441754190532,0.011106038309812358,False,,,,,3.6261859946864384e-06,3.626185994686235e-06,2.0328790734103208e-19,0.0,0,0,3.608224830031759e-16,-1,1.4947301751368214e-13,1.5639146065411086e-13,False,1.5997619895458115e-13,-0.06148577718641281,-0.06107415641850577,0.06898454074717211,-6.303684398934166e-05,5.746815000000026,0.00013421116876881735,highs-ipm,0.0,2053,8,True,27,513,0.0031956539811460144,1.3836624075493063e-05,6363027,5.360900599999923,0,0.043610941812584604,0.04370244087893692,0.012246359113891233,0.000411620767907038,6.661338147750939e-16,513,513,513,0.02290959246977669,45.98001004848453,0.022396497831702156
0.6600962460966545,513,1.5768763061746691,0.0030738329555061775,-0.00279439846126206,-0.003963040553948333,0.0002794344942441177,-0.0008892075984421551,False,,,,,2.509482235472566e-06,2.509482235472685e-06,1.190081290892292e-19,1.5178830414797062e-17,0,0,6.522560269672795e-16,-1,8.404039183312895e-13,8.886186057821543e-14,False,9.081277396738585e-14,-0.10486259154900329,-0.10603123364168957,0.10206819308774123,-0.00010565270562233024,6.005771974999988,0.0001985762511434654,highs-ipm,0.0,2053,8,True,28,513,0.0030738329555061775,1.1956708924955915e-05,6363028,5.887098500000093,0,0.05644507147326472,0.052028691519756726,0.017962995823952096,0.0011686420926862728,4.440892098500626e-16,513,513,513,0.021863348709473287,43.92510501255885,0.021395569903827984
0.6097667872864707,513,1.5345752395645387,0.0029913747359932527,0.009077133078174995,0.009304857992235085,0.012068507814168248,0.012296232728228338,False,,,,,2.3181451637168934e-06,2.318145163716914e-06,2.0752307207730358e-20,8.673617379884035e-18,0,0,6.175615574477433e-16,-1,1.4234663794909785e-13,7.1504000637157e-14,False,7.306308336119116e-14,-0.04036439668353411,-0.04013667176947402,0.0494415297617091,-4.136160019238814e-05,6.149268974999956,9.61897466181111e-05,highs-ipm,0.0,2053,8,True,29,513,0.0029913747359932527,1.1265338824751516e-05,6363029,5.553823299999976,0,0.041437053735760634,0.05028045097753821,0.02146721359876532,0.0002277249140600901,5.551115123125783e-16,513,513,513,0.02192304410735894,44.04246465713278,0.021452734854911244
0.7946443338544117,513,1.6242021838666367,0.003166086128395003,0.012323331282394483,0.012804604881540851,0.015489417410789486,0.015970691009935853,False,,,,,3.0209925463427165e-06,3.0209925463425205e-06,1.9608812728937053e-19,0.0,0,0,5.169475958410885e-16,-1,1.7483453243092792e-13,9.974573250692842e-14,False,1.0202949596305189e-13,-0.04243921891880081,-0.04195794531965444,0.05476255020119529,-4.383611445262116e-05,6.00168601249996,0.00010654192646146943,highs-ipm,0.0,2053,8,True,30,513,0.003166086128395003,1.3043622417273932e-05,6363030,5.57538999999997,0,0.032806910300136466,0.03606896825883571,0.01145986330405217,0.000481273599146367,0.0,513,513,513,0.022739963830394058,45.647131621758966,0.022234355392965886
0.8277872534595456,513,1.6329430642494072,0.003183124881577792,-0.018849670951275307,-0.01716479752539095,-0.015666546069697515,-0.013981672643813156,False,,,,,3.1469916994548264e-06,3.146991699454815e-06,1.1434944787933055e-20,3.469446951953614e-18,0,0,1.5265566588595902e-16,-1,1.9756722299812957e-13,1.1687981311958584e-13,False,1.19522447494802e-13,-0.09690893177902639,-0.09522405835314203,0.07805926082775108,-9.577739865776418e-05,6.066227762499977,0.00015186626620185034,highs-ipm,0.0,2053,8,True,31,513,0.003183124881577792,1.32777428365035e-05,6363031,5.3042381999998724,0,0.0644973453740791,0.04839618442002537,0.02526799457205402,0.001684873425884359,5.551115123125783e-16,513,513,513,0.022574120203422712,45.32157411573001,0.022075778916575747
0.8407142867030292,513,1.6028616756664074,0.0031244866972054723,0.00607294272540275,0.0058164139829484235,0.009197429422608223,0.008940900680153897,False,,,,,3.1961362908290076e-06,3.196136290828747e-06,2.6046263128069735e-19,0.0,0,0,6.366435156834882e-16,-1,1.9244672587286071e-13,9.707572202685699e-14,False,9.933720512833588e-14,-0.06406682128321403,-0.06432335002566836,0.07013976400861678,-6.576748845587579e-05,6.246994737499961,0.00013645868484166688,highs-ipm,0.0,2053,8,True,32,513,0.0031244866972054723,1.295699659923149e-05,6363032,5.177594999999883,0,0.06132943162897989,0.060839235949739584,0.010983775399731784,0.0002565287424543261,1.1102230246251565e-15,513,513,513,0.023387090255223987,46.916456882410586,0.02285263364949371
0.8107791833279686,513,1.5926447917685398,0.003104570744188187,0.0061980527300653995,0.007119654759780575,0.009302623474253587,0.010224225503968763,False,,,,,3.082332265156814e-06,3.0823322651567796e-06,3.4304834363799164e-20,0.0,0,0,2.6020852139652106e-16,-1,1.0421970090320615e-12,1.1328394819432042e-13,False,1.1594544768733783e-13,-0.04143013958080755,-0.04050853755109238,0.04762819231087295,-4.24875244354801e-05,5.96387439999998,9.266185274488901e-05,highs-ipm,0.0,2053,8,True,33,513,0.003104570744188187,1.27191903912521e-05,6363033,5.596765000000005,0,0.04024307289670976,0.04468095959812396,0.007086558221368083,0.0009216020297151753,4.440892098500626e-16,513,513,513,0.023411473905426246,46.9642535317927,0.022875915017921432
0.763235183485497,513,1.6350449703490302,0.0031872221644230606,-0.008653139595766024,-0.009378123062314864,-0.005465917431342964,-0.0061909008978918035,False,,,,,2.901584648860613e-06,2.9015846488606427e-06,2.964615315390051e-20,1.0408340855860843e-17,0,0,4.440892098500626e-16,-1,5.495150775386426e-13,6.008008760632899e-14,False,6.144737496605046e-14,-0.0749897917366974,-0.07571477520324624,0.06633665214093137,-7.655408971038422e-05,6.111340662500027,0.00012905963451543073,highs-ipm,0.0,2053,8,True,34,513,0.0031872221644230606,1.3058556435405225e-05,6363034,5.58830910000006,0,0.0852493766563625,0.07247402207195745,0.01600066886620074,0.0007249834665488397,4.440892098500626e-16,513,513,513,0.022478268958138706,45.133366226043584,0.02198410434780496
0.680634580616994,513,1.5639666108222252,0.0030486678573532653,-0.009771115902930935,-0.0110395179835205,-0.00672244804557767,-0.007990850126167234,False,,,,,2.587562645609394e-06,2.5875626456094825e-06,8.851494298807439e-20,6.938893903907228e-18,0,0,2.0816681711721685e-16,-1,2.4621494079668516e-13,8.384894341351146e-14,False,8.572656473582185e-14,-0.08649526122415784,-0.0877636633047474,0.0767241453212269,-8.796077597707583e-05,6.147754387499987,0.00014926876521639473,highs-ipm,0.0,2053,8,True,35,513,0.0030486678573532653,1.1880677968847969e-05,6363035,4.950384900000017,0,0.07367929230083806,0.06502934904843455,0.014303348855543794,0.0012684020805895637,8.881784197001252e-16,513,513,513,0.022567984199112608,45.309526874211706,0.022069910800882466
0.5914644796176711,513,1.5393287646040508,0.003000640866674563,0.002000795866292357,0.0009197355292920456,0.0050014367329669195,0.003920376395966608,False,,,,,2.248565437677334e-06,2.2485654376775648e-06,2.3081647812679684e-19,7.806255641895632e-18,0,0,5.342948306008566e-16,-1,1.5920381332690248e-13,1.6025819993964463e-13,False,1.6380646838953794e-13,-0.06984700732217597,-0.07092806765917628,0.07184780318846833,-7.124474020341325e-05,5.665195837499994,0.00013978171826550259,highs-ipm,0.0,2053,8,True,36,513,0.003000640866674563,1.1251315790063056e-05,6363036,6.377602600000046,0,0.06491893876969547,0.05952942997670461,0.014427510143378789,0.0010810603370003113,3.3306690738754696e-16,513,513,513,0.022278776557142194,44.7415414666552,0.021793249618438967
0.8056923780283527,513,1.5911305446781154,0.003101618995473909,0.004495298823659025,0.005249777873253175,0.007596917819132933,0.008351396868727084,False,,,,,3.0629938010914427e-06,3.062993801091609e-06,1.6644197413547002e-19,5.204170427930421e-18,0,0,3.0878077872387166e-16,-1,1.881637207157283e-13,7.661536335912267e-14,False,7.83782760915841e-14,-0.06356142902077992,-0.06280694997118577,0.06805672784443895,-6.415924863687543e-05,5.439237412499978,0.00013240608530046486,highs-ipm,0.0,2053,8,True,37,513,0.003101618995473909,1.2681542234214626e-05,6363037,5.357005999999956,0,0.04189307442595163,0.03368958720042267,0.017918311558187492,0.0007544790495941506,1.9984014443252818e-15,513,513,513,0.022692971952055788,45.55489545278172,0.022189427887375414
0.6771185577536538,513,1.6023097556665522,0.003123410829759361,-0.00034892595932378007,0.00015796750489378147,0.002774484870435581,0.0032813783346531426,False,,,,,2.5741958116556675e-06,2.5741958116557323e-06,6.479802046495398e-20,1.3010426069826053e-18,0,0,2.1510571102112408e-16,-1,4.751682988052286e-13,6.239041401567835e-14,False,6.385517115070627e-14,-0.04927556748165182,-0.04876867401743426,0.04892664152232804,-5.0014540186591787e-05,5.51557003749997,9.518801852593003e-05,highs-ipm,0.0,2053,8,True,38,513,0.003123410829759361,1.2328637152772021e-05,6363038,5.883422999999993,0,0.03845657984444869,0.04512169067421542,0.01632925281812687,0.0005068934642175615,1.1102230246251565e-15,513,513,513,0.023404416549220333,46.95041998896673,0.022869176809043705
0.6575977371372572,513,1.5901435055059385,0.003099694942506703,0.004407569068476058,0.006122567348938065,0.007507264010982761,0.009222262291444768,False,,,,,2.4999836753977387e-06,2.499983675397767e-06,2.837560373301906e-20,1.734723475976807e-18,0,0,5.100087019371813e-16,-1,2.177598379393686e-13,9.354756552726329e-14,False,9.569428582878459e-14,-0.021998026793443093,-0.020283028512981086,0.02640559586191915,-2.2230556158842405e-05,5.657488199999989,5.137275459517345e-05,highs-ipm,0.0,2053,8,True,39,513,0.003099694942506703,1.2106874689799985e-05,6363039,5.532136000000037,0,0.022647660323332538,0.015569862517133071,0.010850848969914546,0.0017149982804620066,1.1102230246251565e-15,513,513,513,0.022631980204783186,45.435167547875366,0.02213110937548727
0.6344714816067087,513,1.5282572918699908,0.0029790590484795143,0.0032268630090871303,0.002049753959851394,0.006205922057566645,0.005028813008330909,False,,,,,2.4120647881597126e-06,2.412064788159593e-06,1.1943164556285635e-19,2.2551405187698492e-17,0,0,3.469446951953614e-16,-1,2.534368385726654e-13,1.2759205584439437e-13,False,1.304199803708883e-13,-0.061793308331473965,-0.0629704173807097,0.0650201713405611,-6.36673346137527e-05,5.395622574999976,0.00012649838782210327,highs-ipm,0.0,2053,8,True,40,513,0.0029790590484795143,1.128568270487978e-05,6363040,6.177262500000097,0,0.03716970513700942,0.03646700293721734,0.01463947179934454,0.0011771090492357361,5.551115123125783e-16,513,513,513,0.021915410046790762,44.02745705146119,0.021445424769343007
0.6807315258675604,513,1.5554180313785695,0.00303200395980228,0.0052811891217564855,0.001870493176661478,0.008313193081558765,0.004902497136463757,False,,,,,2.587931201536582e-06,2.5879312015368163e-06,2.3420460991581404e-19,8.673617379884035e-18,0,0,5.134781488891349e-16,-1,1.572395642510105e-13,1.320733886839287e-13,False,1.3515230601335304e-13,-0.09164675607326367,-0.09505745201835868,0.09692794519502015,-9.505626974079622e-05,5.507473349999998,0.00018857576886190694,highs-ipm,0.0,2053,8,True,41,513,0.00303200395980228,1.1779718653052393e-05,6363041,5.962841600000047,0,0.05643732979881167,0.061636691340174764,0.01292697474639248,0.0034106959450950075,2.220446049250313e-16,513,513,513,0.023215998207721435,46.58101945624215,0.02268924474244625
0.7682628735644886,513,1.6456084450632822,0.0032078137330668268,-0.006397880356859113,-0.005498945449685412,-0.0031900666237922866,-0.0022911317166185853,False,,,,,2.920698375098929e-06,2.920698375098747e-06,1.8211208365967457e-19,5.204170427930421e-18,0,0,3.3306690738754696e-16,-1,9.9927011110168e-14,5.950188258774247e-14,False,6.081940506774686e-14,-0.044512281256318204,-0.0436133463491445,0.03811440089945909,-4.534613256687355e-05,5.555333025000039,7.415253093279979e-05,highs-ipm,0.0,2053,8,True,42,513,0.0032078137330668268,1.3209344672161546e-05,6363042,5.693577799999957,0,0.042122977230813104,0.0319656269533519,0.011089155445616188,0.0008989349071737013,0.0,513,513,513,0.021973319405818113,44.1412939883524,0.021500873837482903
0.8794982047985087,513,1.666252464105267,0.0032480554855853156,-0.019418562350290935,-0.022052420433922,-0.01617050686470562,-0.018804364948336684,False,,,,,3.3435807795049895e-06,3.3435807795046947e-06,2.947674656444965e-19,3.469446951953614e-18,0,0,3.3306690738754696e-16,-1,1.4988959509340538e-13,2.2355094798963762e-13,False,2.2854287906604043e-13,-0.10386486134460823,-0.1064987194282393,0.0844462989943173,-0.00010694155687701375,5.6911001124999245,0.00016429241049478076,highs-ipm,0.0,2053,8,True,43,513,0.0032480554855853156,1.3891816585294554e-05,6363043,5.9286743000000115,0,0.06801486459643184,0.066814767165315,0.01844968591428194,0.0026338580836310632,4.440892098500626e-16,513,513,513,0.02231081272794643,44.80447429510192,0.02182390369951384
0.8347767621795324,513,1.6533202943490255,0.003222846577678412,-0.004196585741059973,-0.0015117445589086925,-0.0009737391633815608,0.0017111020187697197,False,,,,,3.1735636547894593e-06,3.1735636547889164e-06,5.429481191900065e-19,1.0842021724855044e-17,0,0,3.469446951953614e-16,-1,5.837007987412671e-13,1.322167202111313e-13,False,1.3518700048287258e-13,-0.061568971064878616,-0.058884129882727336,0.057372385323818643,-6.045384564187777e-05,5.750292275000021,0.00011161942670003627,highs-ipm,0.0,2053,8,True,44,513,0.003222846577678412,1.355875790038295e-05,6363044,6.0109081999999034,0,0.040374309967394204,0.038176212512667194,0.028035544327130103,0.0026848411821512805,6.661338147750939e-16,513,513,513,0.022449447948597122,45.07676807977206,0.021956535840122776
0.6861000473685994,513,1.5534605548431173,0.0030281882160684546,0.00013896810512204621,0.0006459869170309038,0.003167156321190501,0.0036741751330993584,False,,,,,2.608340663668006e-06,2.6083406636679464e-06,5.971582278142817e-20,4.7704895589362195e-18,0,0,2.2898349882893854e-16,-1,1.6196562862592911e-13,4.750881762646819e-14,False,4.8541032304783016e-14,-0.05819039450916619,-0.05768337569725733,0.058329362614288234,-5.8720573832206206e-05,5.6842669000000114,0.00011348125022235063,highs-ipm,0.0,2053,8,True,45,513,0.0030281882160684546,1.1776994033575706e-05,6363045,5.519051699999864,0,0.03148557034134532,0.02929423450652876,0.011884169820769529,0.0005070188119088576,6.661338147750939e-16,513,513,513,0.021579408453398535,43.36669786825303,0.021123574217366308
0.6653185584580613,513,1.5755174280204811,0.003071184070215363,-0.009225991982638765,-0.014795841081968575,-0.0061548079124234024,-0.011724657011753212,False,,,,,2.5293358555720715e-06,2.52933585557208e-06,8.470329472543003e-21,6.938893903907228e-18,0,0,2.636779683484747e-16,-1,1.8791131844997366e-13,2.2275714259278878e-13,False,2.2776225350185086e-13,-0.11300900273294132,-0.11857885183227113,0.10378301075030255,-0.00011787841351342337,6.046176924999941,0.0002019124722768532,highs-ipm,0.0,2053,8,True,46,513,0.003071184070215363,1.196027542930335e-05,6363046,4.909469500000114,0,0.06959919973077243,0.06178602521061915,0.01939329673386221,0.00556984909932981,0.0,513,513,513,0.022436208165630887,45.05076697809827,0.021943870909935832
0.731507926081742,513,1.6210437360033085,0.0031599293099479698,-0.01042582699669517,-0.011688801599845297,-0.0072658976867472,-0.008528872289897328,False,,,,,2.7809674065935955e-06,2.78096740659362e-06,2.456395547037471e-20,1.0408340855860843e-17,0,0,2.8449465006019636e-16,-1,1.0113329444727537e-13,9.163288481944462e-14,False,9.372710940702689e-14,-0.07441157854677816,-0.07567455314992828,0.06398575155008299,-7.639434595710751e-05,6.164906837499984,0.0001244858979573599,highs-ipm,0.0,2053,8,True,47,513,0.0031599293099479698,1.276476606331789e-05,6363047,5.598757599999999,0,0.06158636746206528,0.058624700351159596,0.009802580092443522,0.001262974603150128,2.220446049250313e-16,513,513,513,0.02284563065289541,45.854504653313214,0.02233536515017692
0.7566302667808702,513,1.6313583644579657,0.0031800357981636757,-0.015100574290045167,-0.015544344913398893,-0.011920538491881492,-0.012364309115235218,False,,,,,2.876474793691885e-06,2.8764747936917183e-06,1.6686549060909717e-19,1.734723475976807e-18,0,0,1.9949319973733282e-16,-1,4.45782299962616e-13,4.8678075459385184e-14,False,4.981431933614999e-14,-0.06738802179107833,-0.06783179241443206,0.05228744750103317,-6.886070865987076e-05,5.915025837500025,0.00010172655155843028,highs-ipm,0.0,2053,8,True,48,513,0.0031800357981636757,1.2987701363260258e-05,6363048,5.076192400000082,0,0.05602216878018555,0.04123419413584807,0.026991143392938195,0.00044377062335372586,2.220446049250313e-16,513,513,513,0.023022963439378544,46.202427149960066,0.022504835435927944
0.7376833278136942,513,1.5701198150006737,0.0030606624074087205,0.007642172797575494,0.00829546127769206,0.010702835204984214,0.011356123685100781,False,,,,,2.8044443783758184e-06,2.8044443783759624e-06,1.4399560103323106e-19,1.734723475976807e-18,0,0,4.0245584642661925e-16,-1,1.1993184223513254e-13,2.878601220238086e-13,False,2.944172683427837e-13,-0.04936426284778572,-0.048710974367669156,0.05700643564536122,-5.018866068933818e-05,6.070766250000105,0.00011090746234506074,highs-ipm,0.0,2053,8,True,49,513,0.0030606624074087205,1.2170732727910368e-05,6363049,4.787133099999892,0,0.04263763786033775,0.041644362640028416,0.010076322940571335,0.0006532884801165664,1.2212453270876722e-15,513,513,513,0.022904718659554586,45.97044724721423,0.022391839867128217
0.7037195602904369,513,1.5998142374981652,0.003118546271926248,-0.02074396757563468,-0.01909874744095548,-0.017625421303708432,-0.01598020116902923,False,,,,,2.6753246147760894e-06,2.6753246147758248e-06,2.6469779601696886e-19,6.938893903907228e-18,0,0,2.983724378680108e-16,-1,2.3123228592297762e-12,4.1263563746452014e-13,False,4.220616911521091e-13,-0.07467697174456281,-0.07303175160988361,0.05393300416892813,-7.371788454656922e-05,5.888290224999935,0.00010492802367495744,highs-ipm,0.0,2053,8,True,50,513,0.003118546271926248,1.2399352335542075e-05,6363050,4.652516599999899,0,0.04108004630763471,0.03163708676948773,0.017538950554418987,0.0016452201346792011,8.881784197001252e-16,513,513,513,0.022734256150464493,45.63592897785661,0.022228898674065568
0.9215273336468982,513,1.6924439183358542,0.003299110951921743,-0.009211444149400193,-0.009797708796451705,-0.00591233319747845,-0.0064985978445299625,False,,,,,3.503362558057431e-06,3.503362558057609e-06,1.7787691892340307e-19,8.673617379884035e-19,0,0,3.885780586188048e-16,-1,1.2225442012903098e-13,9.621622075461911e-14,False,9.83935155574045e-14,-0.05385448318332121,-0.05444074783037272,0.044643039033921014,-5.6461288463089434e-05,6.156180050000046,8.685416154459341e-05,highs-ipm,0.0,2053,8,True,51,513,0.003299110951921743,1.4385789171060867e-05,6363051,4.882012700000132,0,0.025202657578226928,0.020358099802808217,0.012209136806464555,0.0005862646470515126,7.771561172376096e-16,513,513,513,0.022703594358349177,45.575745968639694,0.022199584008105063
0.7032589045159777,513,1.575037412636276,0.003070248367712039,0.006269365672146032,0.001117487296670619,0.009339614039858071,0.004187735664382658,False,,,,,2.6735733436718514e-06,2.6735733436702717e-06,1.5797164466292701e-18,1.5612511283791264e-17,0,0,3.0531133177191805e-16,-1,3.419040224550418e-13,1.8406283441851912e-13,False,1.879087163647597e-13,-0.08260193700445098,-0.0877538153799264,0.08887130267659701,-8.803720698173097e-05,5.740109800000084,0.00017290136707509148,highs-ipm,0.0,2053,8,True,52,513,0.003070248367712039,1.2098696106760115e-05,6363052,5.530805599999894,0,0.06036694281655532,0.05331733213180231,0.018987966899891164,0.005151878375475413,0.0,513,513,513,0.02200918324384081,44.21178785907694,0.02153521084221965
0.648066104560272,513,1.5795509070145728,0.0030790466023675883,-0.008961153233632793,-0.007894485423145012,-0.005882106631265205,-0.0048154388207774235,False,,,,,2.463747349606795e-06,2.4637473496067326e-06,6.225692162319107e-20,5.204170427930421e-18,0,0,3.608224830031759e-16,-1,1.3237254716837177e-13,1.0736973376362924e-13,False,1.0967615704515765e-13,-0.0451350360525679,-0.044068368242080116,0.036173882818935105,-4.533180984190257e-05,6.197100250000005,7.037720392788931e-05,highs-ipm,0.0,2053,8,True,53,513,0.0030790466023675883,1.1943075257385299e-05,6363053,5.4013466000001245,0,0.04450861964344836,0.03278438479440055,0.013545219410449318,0.0010666678104877814,5.551115123125783e-16,513,513,513,0.021417293578555475,43.047737680968446,0.020968211242556475
0.7383861198198178,513,1.5936345011199466,0.003106500002183132,-0.003993919244221163,-0.0008985764369616803,-0.0008874192420380306,0.0022079235652214518,False,,,,,2.8071161767160876e-06,2.8071161767160207e-06,6.691560283308973e-20,3.469446951953614e-18,0,0,3.191891195797325e-16,-1,2.301531361326159e-13,8.07824944090707e-14,False,8.25589596686882e-14,-0.04264531616632855,-0.03954997335906907,0.03865139692210739,-4.127985290732796e-05,5.956552862500075,7.519727027647353e-05,highs-ipm,0.0,2053,8,True,54,513,0.003106500002183132,1.2456091116277523e-05,6363054,5.948641899999984,0,0.03229947685301126,0.02702663269000103,0.009311616793860994,0.0030953428072594824,0.0,513,513,513,0.022374328459481927,44.929234868925846,0.02188467358447435
0.6617081263968322,513,1.563470624129281,0.003047701021694505,-0.002506688775000168,-0.0013885092231231203,0.0005410122466943368,0.0016591917985713848,False,,,,,2.5156101069807237e-06,2.5156101069807012e-06,2.244637310223896e-20,1.6479873021779667e-17,0,0,2.0816681711721685e-16,-1,1.0243206022969575e-13,6.276649664425926e-14,False,6.419517695199772e-14,-0.060173989458003854,-0.059055809906126806,0.057667300683003686,-5.996289600788226e-05,5.983765012499987,0.00011219319199027955,highs-ipm,0.0,2053,8,True,55,513,0.003047701021694505,1.180286629090826e-05,6363055,5.887086599999975,0,0.028426404555877607,0.03490845513207998,0.015000934981158011,0.001118179551877048,5.551115123125783e-16,513,513,513,0.0223629131740289,44.90681357341671,0.021873752349447984
0.7829840940736822,513,1.5772610790410302,0.003074583000079981,0.003471580760418161,0.003690355592608781,0.006546163760498142,0.006764938592688762,False,,,,,2.976663912808363e-06,2.976663912807453e-06,9.101369018247457e-19,9.540979117872439e-18,0,0,2.636779683484747e-16,-1,1.9565859349368608e-13,1.154732776412204e-13,False,1.181103825853569e-13,-0.050526431108590036,-0.050307656276399416,0.0539980118690082,-5.1914072741989764e-05,6.627973949999955,0.00010505449779962684,highs-ipm,0.0,2053,8,True,56,513,0.003074583000079981,1.2428274627829862e-05,6363056,6.4640229000001455,0,0.044046056831534265,0.04667386132021144,0.006651590135609886,0.00021877483219061994,8.881784197001252e-16,513,513,513,0.022503642000071017,45.183190678691574,0.022008373443103545
0.6818551456100362,513,1.562318656319696,0.0030454554704087643,0.0049728917302602205,0.0026581544339589896,0.008018347200668985,0.005703609904367754,False,,,,,2.5922028570715773e-06,2.592202857071662e-06,8.470329472543003e-20,4.336808689942018e-18,0,0,4.0245584642661925e-16,-1,1.4443973513582732e-13,2.335142170774296e-13,False,2.387257058700243e-13,-0.06772168445371946,-0.07003642175002069,0.07269457618397968,-7.07210177889984e-05,6.544957562499974,0.00014142913654470752,highs-ipm,0.0,2053,8,True,57,513,0.0030454554704087643,1.1865739237883707e-05,6363057,6.910079499999938,0,0.0451315341657078,0.04901739864596167,0.02100090496787182,0.002314737296301231,1.1102230246251565e-15,513,513,513,0.02241229835063649,45.00380970385856,0.021920998394475675
0.8353179348912761,513,1.6251480580723605,0.003167929937762886,0.006777634660439867,0.006498329175613923,0.009945564598202753,0.00966625911337681,False,,,,,3.1756210264438097e-06,3.175621026444147e-06,3.375426294808387e-19,5.204170427930421e-18,0,0,1.491862189340054e-16,-1,1.5397871779704309e-13,5.646156285565862e-14,False,5.774547506831595e-14,-0.05075988238596161,-0.05103918787078755,0.057537517046401476,-5.282463646495344e-05,6.109188387500012,0.00011194069464280445,highs-ipm,0.0,2053,8,True,58,513,0.003167929937762886,1.320985429722969e-05,6363058,6.172867799999949,0,0.05424692841898521,0.0563082897159264,0.003686552360058627,0.0002793054848259438,4.440892098500626e-16,513,513,513,0.022833164121395647,45.83004109129736,0.022323449143349907
0.6939373061570507,513,1.6195731432701534,0.003157062657446693,0.0028926195544982172,0.004815625962445495,0.00604968221194491,0.007972688619892188,False,,,,,2.6381355031640905e-06,2.6381355031640355e-06,5.505714157152952e-20,1.214306433183765e-17,1,0,1.1796119636642288e-16,-1,1.7498936327742243e-13,8.819637728474383e-14,False,9.02333763264096e-14,-0.04926065494072333,-0.04733764853277605,0.052153274495221544,-4.868643174127304e-05,6.875471774999994,0.00010146551458214307,highs-ipm,0.0,2053,8,True,59,513,0.003157062657446693,1.2603895111350561e-05,6363059,7.554153199999746,0,0.039884161732164365,0.0473451899204447,0.014780792692056602,0.001923006407947278,0.0,513,513,513,0.022911920383562386,45.984577567358514,0.022398722633881398
0.6091656775935701,513,1.5245200210586025,0.0029717739201922076,0.013384798430451116,0.013706547764238595,0.016356572350643323,0.016678321684430803,False,,,,,2.3158599301545266e-06,2.3158599301546503e-06,1.2366681029912785e-19,3.469446951953614e-18,0,0,3.608224830031759e-16,-1,1.2503013693278796e-13,8.017913590008252e-14,False,8.196221479295218e-14,-0.033504893731678385,-0.033183144397890905,0.0468896921621295,-3.4595183274406505e-05,6.456700425000008,9.12250820274893e-05,highs-ipm,0.0,2053,8,True,60,513,0.0029717739201922076,1.1146172125904236e-05,6363060,6.382046600000194,0,0.038396900161184244,0.04820069831120365,0.013407315606542645,0.00032174933378747994,2.220446049250313e-16,513,513,513,0.022008874384228015,44.21118078651139,0.021534915141992884
0.7199002267777224,513,1.5818737445767472,0.0030835745508318657,0.015205016892378811,0.01707655336092214,0.018288591443210676,0.020160127911754006,False,,,,,2.7368385157379803e-06,2.7368385157380874e-06,1.0714966782766899e-19,6.938893903907228e-18,0,0,4.649058915617843e-16,-1,2.519930878547294e-13,8.148885212444501e-14,False,8.329448242250237e-14,-0.04745582455210938,-0.04558428808356605,0.06266084144448819,-4.7079531204031914e-05,6.463007962500001,0.00012190825183752569,highs-ipm,0.0,2053,8,True,61,513,0.0030835745508318657,1.224393743396442e-05,6363061,6.77573910000001,0,0.029236898111616987,0.02775295415780926,0.02542602905985326,0.0018715364685433292,0.0,513,513,513,0.022499824433955103,45.17569437088295,0.022004722051087652
0.7503957378372642,513,1.6258086090739077,0.003169217561547578,-0.007068959877091718,-0.006181047339177931,-0.00389974231554414,-0.0030118297776303526,False,,,,,2.8527730384960194e-06,2.852773038496115e-06,9.571472303973594e-20,2.0383000842727483e-17,0,0,4.163336342344337e-16,-1,1.0854251525360681e-13,1.015125483672108e-13,False,1.0381279169635604e-13,-0.07085176685732482,-0.06996385431941103,0.0637828069802331,-7.091099708461578e-05,6.57009297500008,0.0001240910641638776,highs-ipm,0.0,2053,8,True,62,513,0.003169217561547578,1.289532342782052e-05,6363062,6.557121400000142,0,0.030313079640934396,0.0296779324154791,0.010250968554144282,0.0008879125379137875,2.220446049250313e-16,513,513,513,0.022776315348062622,45.718476961074,0.022269107141292745
0.6206975861448032,513,1.5408564538206109,0.003003618818363764,0.014962346675256526,0.014062804847332074,0.01796596549362029,0.01706642366569584,False,,,,,2.3597006879547168e-06,2.359700687955563e-06,8.46185914307046e-19,3.469446951953614e-18,0,0,4.579669976578771e-16,-1,3.115913018054972e-13,2.0074632060829156e-13,False,2.05387790108702e-13,-0.028116597514625356,-0.029016139342549808,0.04307894418988188,-3.058551716903514e-05,6.190310812499945,8.381117546669627e-05,highs-ipm,0.0,2053,8,True,63,513,0.003003618818363764,1.1380277302514474e-05,6363063,6.4167373000000225,0,0.025428012232184587,0.041084225638518865,0.017095540176837606,0.0008995418279244514,1.1102230246251565e-15,513,513,513,0.023150775736472392,46.45311689547064,0.022626944420589695
0.6788125253027513,513,1.5876522617572117,0.0030948387168756564,0.0003655979076634258,0.0011523707348655016,0.0034604366245390822,0.004247209451741158,False,,,,,2.580635753553775e-06,2.5806357535536973e-06,7.750351467376848e-20,1.214306433183765e-17,0,0,2.983724378680108e-16,-1,1.545331703177227e-13,1.0177348872507375e-13,False,1.0412504192203187e-13,-0.05070840116112249,-0.049921628333920415,0.051073999068785916,-5.1142531020013246e-05,7.0879043124999725,9.936575694316325e-05,highs-ipm,0.0,2053,8,True,64,513,0.0030948387168756564,1.2157405429839917e-05,6363064,6.992357999999967,0,0.03312762921234936,0.03616716710428367,0.010464415835470763,0.0007867728272020762,8.881784197001252e-16,513,513,513,0.022698098300127475,45.56495791633555,0.022194329233480543
0.7454664318032355,513,1.6071223444175868,0.0031327920943812607,-0.004567973043331397,-0.004521698263772286,-0.0014351809489501362,-0.0013889061693910256,False,,,,,2.8340333380373515e-06,2.834033338037658e-06,3.066259269060567e-19,1.734723475976807e-18,0,0,1.6653345369377348e-16,-1,3.489849340321713e-12,1.1720672717964453e-13,False,1.197930643570544e-13,-0.0635927204769921,-0.063546445697433,0.05902474743366071,-6.464964199312812e-05,6.711904887500054,0.0001148341389759936,highs-ipm,0.0,2053,8,True,65,513,0.0031327920943812607,1.2647039209517519e-05,6363065,7.016258800000287,0,0.04290195623271204,0.044727653328476766,0.01658300537619153,4.6274779559110635e-05,4.440892098500626e-16,513,513,513,0.02220839553525207,44.60326899389093,0.021725898194783697
0.954367441329577,513,1.7017504822811318,0.0033172524021074694,-0.04084108676318718,-0.03713337371642057,-0.03752383436107971,-0.0338161213143131,False,,,,,3.62821051368281e-06,3.628210513682288e-06,5.21772295508649e-19,6.938893903907228e-18,0,0,2.3592239273284576e-16,-1,1.6258478938158127e-13,1.4086008835040298e-13,False,1.441381736189129e-13,-0.10581288745387821,-0.1021051744071116,0.06497180069069103,-0.00010295231013149514,6.986153262500011,0.0001264042814993989,highs-ipm,0.0,2053,8,True,66,513,0.0033172524021074694,1.4630606740435392e-05,6363066,7.593834400000105,0,0.08054285001836824,0.04662006166385143,0.037684274054768506,0.003707713046766606,1.3322676295501878e-15,513,513,513,0.02334861786402307,46.84103895590414,0.022815898176280634
0.6917528473065968,513,1.592952860626445,0.0031051712682776704,0.01109763590512004,0.011335210623058499,0.01420280717339771,0.01444038189133617,False,,,,,2.62983086469389e-06,2.6298308646938864e-06,3.8116482626443515e-21,6.938893903907228e-18,0,0,2.8449465006019636e-16,-1,1.6169086469036698e-13,1.0571535644489718e-13,False,1.080940892350668e-13,-0.030883734847457826,-0.030646160129519366,0.041981370752577865,-3.244127067940144e-05,6.769948262500009,8.167581858478182e-05,highs-ipm,0.0,2053,8,True,67,513,0.0031051712682776704,1.2270638500296656e-05,6363067,6.348508800000218,0,0.029798414835575597,0.03766285454628123,0.011399353556596546,0.0002375747179384595,1.1102230246251565e-15,513,513,513,0.02256095376143185,45.29572335208264,0.022063187214847853
0.7259285705839813,513,1.5982172336940548,0.0031154332040819782,-0.00173719343220477,-0.0023931920203143636,0.0013782397718772083,0.0007222411837676146,False,,,,,2.7597564186658872e-06,2.7597564186660096e-06,1.223962608782464e-19,1.734723475976807e-18,0,0,3.8163916471489756e-16,-1,1.87812005530974e-13,9.742792510258891e-14,False,9.963210811925194e-14,-0.07569081337890657,-0.07634681196701616,0.0739536199467018,-7.702708323482958e-05,6.558232475000011,0.00014387863802860272,highs-ipm,0.0,2053,8,True,68,513,0.0031154332040819782,1.2464336212322343e-05,6363068,6.324899300000197,0,0.06421322291880742,0.06059187963914887,0.009279637696904935,0.0006559985881095937,1.1102230246251565e-15,513,513,513,0.02258979068177756,45.35234039327649,0.022090764926096684
0.5719159383143338,513,1.5171626979252384,0.0029574321596983204,-0.004041841798647888,-0.0031284720749377992,-0.0010844096389495679,-0.00017103991523947882,False,,,,,2.1742479159219087e-06,2.174247915921888e-06,2.0752307207730358e-20,8.673617379884035e-19,0,0,3.7470027081099033e-16,-1,1.2489878922772313e-13,1.030382376643324e-13,False,1.0530118443874414e-13,-0.050932817089332005,-0.050019447365621916,0.04689097529068412,-5.083129788248017e-05,6.825294100000065,9.122757838654497e-05,highs-ipm,0.0,2053,8,True,69,513,0.0029574321596983204,1.0919593836242575e-05,6363069,6.471299799999997,0,0.05554898623681068,0.04320375756686192,0.014836368508305525,0.0009133697237100891,4.440892098500626e-16,513,513,513,0.021823222930326677,43.846211037831914,0.02135714127512514
0.8017914474122896,513,1.6499883327226363,0.0032163515257751197,-0.009073177694004675,-0.009409527451276697,-0.005856826168229555,-0.006193175925501578,False,,,,,3.0481636666369366e-06,3.048163666636658e-06,2.786738396466648e-19,4.336808689942018e-18,0,0,3.677613769070831e-16,-1,1.1564703459188835e-13,1.1120737577335893e-13,False,1.1373887942589533e-13,-0.05135781983274087,-0.05169416959001289,0.04228464213873619,-5.3334320855365146e-05,6.749778362499967,8.226584073684084e-05,highs-ipm,0.0,2053,8,True,70,513,0.0032163515257751197,1.3391596067671781e-05,6363070,6.690754799999922,0,0.025095215864013958,0.020473598418280094,0.011442093468090097,0.00033634975727202254,2.220446049250313e-16,513,513,513,0.022992584877281695,46.14283373199806,0.022475807955186587
0.9138694883857297,513,1.6261391371991796,0.0031698618658853404,-0.0012878381615010204,-3.10898254927347e-05,0.00188202370438432,0.0031387720403926057,False,,,,,3.474249793428887e-06,3.474249793428908e-06,2.1175823681357508e-20,8.239936510889834e-18,0,0,2.216109240560371e-16,-1,2.3637407135790323e-13,1.2900131538071818e-13,False,1.3183204528033343e-13,-0.04335524281689916,-0.042098494480890876,0.04206740465539814,-4.442609267367295e-05,6.685066224999957,8.184319971867341e-05,highs-ipm,0.0,2053,8,True,71,513,0.0031698618658853404,1.3520581762732776e-05,6363071,6.380329599999641,0,0.0330219868428592,0.02862078569727224,0.012837062030809606,0.0012567483360082857,4.440892098500626e-16,513,513,513,0.022237772989298736,44.660987055414004,0.02175401220429323
0.6663758101844136,513,1.5480324758760584,0.0030176071654504063,-0.001763080240869283,-0.0031842321991965086,0.0012545269245811232,-0.00016662503374610237,False,,,,,2.5333552003892966e-06,2.5333552003894347e-06,1.3806637040245096e-19,9.107298248878237e-18,0,0,1.249000902703301e-16,-1,3.1712002815376117e-13,1.4945466739191282e-13,False,1.5270770759023833e-13,-0.056555171228890457,-0.05797632318721768,0.05479209098802117,-5.893055674437551e-05,6.650556725000001,0.00010659939880937973,highs-ipm,0.0,2053,8,True,72,513,0.0030176071654504063,1.1638074228162788e-05,6363072,6.57645599999978,0,0.05603557993101255,0.04828230460872316,0.014539437134961619,0.0014211519583272256,8.881784197001252e-16,513,513,513,0.02171084467130437,43.62522365564916,0.02124950007581547
0.8142268918770946,513,1.6142654042740698,0.003146716187668752,-0.008065057050485852,-0.006245618414550166,-0.0049183408628171,-0.0030989022268814144,False,,,,,3.095439389172089e-06,3.095439389168287e-06,3.801907383750927e-18,2.6020852139652106e-18,0,0,2.498001805406602e-16,-1,6.093506775550761e-13,6.697502795416366e-13,False,6.847335198845172e-13,-0.06732852717201643,-0.06550908853608074,0.059263470121530576,-6.682023368496668e-05,6.715011212499974,0.0001152985800029778,highs-ipm,0.0,2053,8,True,73,513,0.003146716187668752,1.2995754390954939e-05,6363073,7.049328600000081,0,0.051285858592821115,0.04440501488446531,0.014927967720447882,0.0018194386359356857,0.0,513,513,513,0.022411185172281106,45.00162344266625,0.02191993348400694
0.9266244063225522,513,1.6910502561006686,0.003296394261404812,-0.007321899156256272,-0.008053267422550157,-0.0040255048948514595,-0.004756873161145345,False,,,,,3.5227400555182833e-06,3.5227400555181753e-06,1.0799670077492329e-19,1.734723475976807e-18,0,0,2.498001805406602e-16,-1,1.0052180442199354e-13,3.5033960324795665e-14,False,3.5867142589296463e-14,-0.06979468308947012,-0.07052605135576401,0.06247278393321385,-7.212784837824581e-05,6.906196899999998,0.00012154238119302304,highs-ipm,0.0,2053,8,True,74,513,0.003296394261404812,1.4387239283428857e-05,6363074,6.596233199999915,0,0.0734658910118655,0.06057025905996346,0.018445556764226104,0.0007313682662938858,6.661338147750939e-16,513,513,513,0.023130053675917618,46.41247710987516,0.0226071491036898
0.7837044550485701,513,1.6016330664358014,0.0031220917474382094,0.017097530023291466,0.015104818921466721,0.020219621770729675,0.01822691066890493,False,,,,,2.9794025029459454e-06,2.9794025029453283e-06,6.170635020747578e-19,0.0,0,0,3.920475055707584e-16,-1,3.525853654179345e-13,1.4121906768971293e-13,False,1.4445736273849263e-13,-0.03675066384341012,-0.03874337494523487,0.05384819386670159,-4.066751042632555e-05,6.724986937499978,0.00010476302308696807,highs-ipm,0.0,2053,8,True,75,513,0.0031220917474382094,1.2725408139063181e-05,6363075,7.197143800000049,0,0.03894256103335055,0.05608791132628859,0.022117082451382997,0.0019927111018247443,2.220446049250313e-16,513,513,513,0.022950386411109292,46.060047415702975,0.022435483397809534
0.6980962579272949,513,1.6022626701034461,0.0031233190450359574,-0.002331441177263069,-0.0013090567233606243,0.0007918778677728886,0.0018142623216753332,False,,,,,2.6539465544277603e-06,2.6539465544271373e-06,6.229927327055379e-19,2.8189256484623115e-18,0,0,2.914335439641036e-16,-1,1.8263385595518322e-13,2.3091988390899765e-13,False,2.360681095048278e-13,-0.05077667153528716,-0.04975428708138471,0.04844523035802409,-5.105305850129942e-05,6.946817800000019,9.425142093000795e-05,highs-ipm,0.0,2053,8,True,76,513,0.0031233190450359574,1.2407775695216076e-05,6363076,7.113693199999943,0,0.03920097067530934,0.031739754777626285,0.01359222415576649,0.0010223844539024446,4.440892098500626e-16,513,513,513,0.022331761595958028,44.84562475583277,0.02184394776221762
0.6311113163432213,513,1.5449194443325498,0.0030115388778412275,0.003933385020589958,0.002860219553069601,0.006944923898431186,0.005871758430910829,False,,,,,2.3992904767061542e-06,2.3992904767060187e-06,1.3552527156068805e-19,1.9081958235744878e-17,0,0,3.920475055707584e-16,-1,3.6021879923353595e-13,1.0511398676926915e-13,False,1.0748693601847492e-13,-0.07074725418295622,-0.07182041965047657,0.07468063920354617,-7.226351192658596e-05,6.4861188000000425,0.00014529307238044,highs-ipm,0.0,2053,8,True,77,513,0.0030115388778412275,1.1467488214113423e-05,6363077,6.780281399999694,0,0.06946353330033495,0.0713741412676199,0.014127435331283153,0.0010731654675203567,1.1102230246251565e-16,513,513,513,0.023257320953846184,46.66204574401462,0.022728712003903858
0.8216708340273446,513,1.6237442136878657,0.0031651933990016873,-0.011786930682274072,-0.014708435486351201,-0.008621737283272384,-0.011543242087349513,False,,,,,3.1237389601754715e-06,3.1237389601753965e-06,7.496241583200558e-20,1.3877787807814457e-17,0,0,3.183217578417441e-16,-1,1.9348979612542755e-13,8.5958258740082e-14,False,8.791231631555263e-14,-0.08260831299391369,-0.08552981779799082,0.07082138231163962,-8.632395082592523e-05,6.690546887500034,0.00013778479048957124,highs-ipm,0.0,2053,8,True,78,513,0.0031651933990016873,1.3140666664812989e-05,6363078,7.0329578000000765,0,0.07835002087228647,0.0696239387941617,0.012312566402120155,0.0029215048040771296,3.3306690738754696e-16,513,513,513,0.02232012350668243,44.82276393233837,0.021832812436599302
0.8305588553550567,513,1.6266738757099437,0.0031709042411499876,-0.0031060155528881694,-0.0021404541358382295,6.488868826181812e-05,0.001030450105311758,False,,,,,3.157528474601689e-06,3.1575284746019486e-06,2.5961559833344305e-19,2.168404344971009e-18,0,0,3.885780586188048e-16,-1,1.630511657223395e-13,4.986294580358597e-14,False,5.1025156322381804e-14,-0.06967082692706705,-0.06870526551001711,0.06656481137417888,-6.999144434037736e-05,6.406786349999948,0.000129503524074278,highs-ipm,0.0,2053,8,True,79,513,0.0031709042411499876,1.3210624174094464e-05,6363079,6.7512298000001465,0,0.050215194983172805,0.04244208552766634,0.01365860637597248,0.0009655614170499399,2.220446049250313e-16,513,513,513,0.023060474046080567,46.2760065681816,0.02254067538635246
0.7098295390690105,513,1.5616522113844862,0.003044156357474632,0.012741692493678514,0.01042249796841923,0.015785848851153146,0.013466654325893862,False,,,,,2.6985528686779207e-06,2.698552868677606e-06,3.146727399049726e-19,1.734723475976807e-18,0,0,2.636779683484747e-16,-1,1.8583691443335715e-13,1.3438468748710151e-13,False,1.3742479376688266e-13,-0.05740664596788167,-0.059725840493140954,0.07014833846156018,-6.0797619496246626e-05,6.93154168749993,0.00013647536665673188,highs-ipm,0.0,2053,8,True,80,513,0.003044156357474632,1.1964126353753924e-05,6363080,5.953510800000004,0,0.05670951135574578,0.07178718932017653,0.025804024185669346,0.002319194525259284,8.881784197001252e-16,513,513,513,0.022578455050433766,45.330084933438535,0.022079924468309076
0.6875548337468999,513,1.5610978057864475,0.00304307564480789,0.007037598506255668,0.00943040306404147,0.010080674151063559,0.01247347870884936,False,,,,,2.613871312560769e-06,2.6138713125609533e-06,1.8422966602781032e-19,1.0408340855860843e-17,0,0,4.40619762898109e-16,-1,1.2503377239819757e-13,9.757975406431835e-14,False,9.973272208085859e-14,-0.05132817591298572,-0.048935371355199916,0.05836577441924139,-5.021637263084881e-05,6.396874099999991,0.00011355209030980816,highs-ipm,0.0,2053,8,True,81,513,0.00304307564480789,1.1872907496620654e-05,6363081,5.830627800000002,0,0.07353071359676222,0.059876122549722785,0.025275035404768605,0.002392804557785802,1.1102230246251565e-16,513,513,513,0.022159596353178733,44.5073856131532,0.021679194161302092
0.5939652471834942,513,1.545064522131027,0.0030118216805673044,0.0078046729678458646,0.0070261756947890275,0.01081649464841317,0.010037997375356333,False,,,,,2.2580725842771806e-06,2.2580725842771535e-06,2.710505431213761e-20,0.0,0,0,3.3219954564955856e-16,-1,1.1434727947498557e-13,4.2728841298522724e-14,False,4.362135652691279e-14,-0.04707705887552985,-0.047855556148586685,0.05488173184337571,-4.8810170005081324e-05,6.618821149999917,0.00010677379736065315,highs-ipm,0.0,2053,8,True,82,513,0.0030118216805673044,1.1328042530584808e-05,6363082,6.4232059000000845,0,0.03630915582820247,0.03429817147099982,0.013555960677137272,0.0007784972730568371,4.440892098500626e-16,513,513,513,0.02215223133202129,44.49291360972152,0.02167214496333245
0.6302196046494059,513,1.5516668772954232,0.003024691768607063,-0.0077814027287028825,-0.00801169036160506,-0.00475671096009582,-0.004986998592997997,False,,,,,2.3959004640098266e-06,2.3959004640101045e-06,2.778268066994105e-19,3.469446951953614e-18,0,0,1.5612511283791264e-16,-1,3.403054747719292e-13,1.3389983566369779e-13,False,1.368904989362818e-13,-0.05636306074992016,-0.05659334838282234,0.04858165802121728,-5.7447795778039615e-05,6.396131775000015,9.45168443992554e-05,highs-ipm,0.0,2053,8,True,83,513,0.003024691768607063,1.15434937349959e-05,6363083,6.866598499999782,0,0.02996966913175664,0.03218842965348877,0.012679102119295434,0.00023028763290217774,4.440892098500626e-16,513,513,513,0.02227240189097231,44.7290184079946,0.021787149735993473
0.8747961800582883,513,1.665529976476471,0.0032466471276344465,0.006088940926122083,0.007815334703893055,0.00933558805375653,0.011061981831527502,False,,,,,3.3257051323908856e-06,3.3257051323909427e-06,5.717472393966527e-20,3.469446951953614e-18,0,0,2.3592239273284576e-16,-1,1.8504642262939797e-13,1.0670631045428536e-13,False,1.0912798442674898e-13,-0.03626607682795598,-0.03453968305018501,0.042355017754078066,-3.692461860533356e-05,7.097924250000119,8.240275827641648e-05,highs-ipm,0.0,2053,8,True,84,513,0.0032466471276344465,1.3864802779202727e-05,6363084,6.305350900000121,0,0.04821084785034538,0.03996807610377828,0.018323682722615316,0.0017263937777709723,8.881784197001252e-16,513,513,513,0.02263753253782832,45.446067469113146,0.022136418640581173
0.6825566055545608,513,1.57771273822614,0.0030754634273414037,0.007698092961356699,0.009459346469337524,0.010773556388698103,0.012534809896678928,False,,,,,2.59486959132414e-06,2.5948695913245668e-06,4.2690460541616737e-19,5.204170427930421e-18,0,0,3.4867941867133823e-16,-1,1.1234069230425803e-13,8.424958322129916e-14,False,8.605269274930549e-14,-0.028866186923107433,-0.027104933415126608,0.03656427988446413,-2.8961536337556676e-05,6.792250562500044,7.113673129273179e-05,highs-ipm,0.0,2053,8,True,85,513,0.0030754634273414037,1.2052080943863394e-05,6363085,6.799215099999856,0,0.02952362657016341,0.030468227456372312,0.011827046608296449,0.0017612535079808249,6.661338147750939e-16,513,513,513,0.021297126483959795,42.8112441891377,0.020853017140349588
0.8044851766357032,513,1.6278405902358384,0.00317317853847142,0.0007630661001246652,-0.002338602597308212,0.003936244638596085,0.0008345759411632079,False,,,,,3.0584043939141543e-06,3.058404393914389e-06,2.346281263894412e-19,7.806255641895632e-18,0,0,4.579669976578771e-16,-1,1.2432361997521957e-13,1.1130278556453765e-13,False,1.1375969610760706e-13,-0.07484304014384623,-0.0779447088412791,0.07560610624397089,-7.888010560138433e-05,7.093172425000091,0.00014709359191434026,highs-ipm,0.0,2053,8,True,86,513,0.00317317853847142,1.3125976706432238e-05,6363086,6.874590299999909,0,0.05741814409312631,0.06538450776430536,0.011746555158315236,0.003101668697432877,4.440892098500626e-16,513,513,513,0.022253554513362615,44.69199174140534,0.021769114340674786
0.6991931926622549,513,1.5799244141627697,0.003079774686477134,-0.005259026962370156,-0.0036987092943409627,-0.002179252275893022,-0.000618934607863829,False,,,,,2.6581167617978675e-06,2.6581167617978548e-06,1.2705494208814505e-20,5.637851296924623e-18,0,0,2.255140518769849e-16,-1,2.971386157957223e-13,1.5163445585969493e-13,False,1.5499754257852771e-13,-0.065263631810749,-0.0637033141427198,0.06000460484837884,-6.462632118078599e-05,6.659992775000035,0.00011674047635871369,highs-ipm,0.0,2053,8,True,87,513,0.003079774686477134,1.2141834133692896e-05,6363087,6.690805300000193,0,0.033925612273745485,0.0382722529214679,0.014065903301348727,0.001560317668029193,1.1102230246251565e-16,513,513,513,0.0222241883547199,44.634297654094716,0.021741012008813794
0.8629829806256996,513,1.6291132356053035,0.003175659328665309,-0.00667194743116533,-0.0073815581110954764,-0.0034962881025000212,-0.004205898782430167,False,,,,,3.280794993459691e-06,3.280794993459723e-06,3.176373552203626e-20,0.0,0,0,2.5673907444456745e-16,-1,1.414465333055004e-13,8.404149771934488e-14,False,8.585840371999609e-14,-0.061210192488245156,-0.0619198031681753,0.054538245057079826,-6.351406655783258e-05,7.069636400000093,0.0001061055351305055,highs-ipm,0.0,2053,8,True,88,513,0.003175659328665309,1.336400911600561e-05,6363088,7.183282399999825,0,0.03877986833412198,0.03002383411272445,0.011729404977096984,0.0007096106799301459,4.440892098500626e-16,513,513,513,0.021775664880351316,43.752695954641084,0.021311590820575297
0.697827825621239,513,1.569905547288517,0.0030602447315565633,-0.003596721606161535,-0.001529696387433395,-0.0005364768746049715,0.0015305483441231684,False,,,,,2.6529260576324084e-06,2.6529260576322267e-06,1.8168856718604742e-19,6.938893903907228e-18,0,0,3.3306690738754696e-16,-1,1.7886464065506452e-13,1.3036961917997636e-13,False,1.3321288516721097e-13,-0.038696389570463244,-0.036629364351735104,0.03509966796430171,-3.828460344258855e-05,6.912080549999928,6.828729175934184e-05,highs-ipm,0.0,2053,8,True,89,513,0.0030602447315565633,1.2016731655432429e-05,6363089,6.707287399999586,0,0.03393317270603519,0.029418849596280605,0.010013116747528595,0.00206702521872814,4.440892098500626e-16,513,513,513,0.022044759856598223,44.2817122725097,0.021569270468830833
0.9171364843276735,513,1.645989415566094,0.003208556365625914,-0.007373683968497191,-0.010609257502208105,-0.004165127602871277,-0.007400701136582191,False,,,,,3.4866699038714146e-06,3.486669903872119e-06,7.043078956419507e-19,8.673617379884035e-19,0,0,3.0531133177191805e-16,-1,2.991368546097217e-13,3.553082036488603e-13,False,3.634245682171411e-13,-0.09583696103845113,-0.09907253457216204,0.08846327706995394,-9.986073077173403e-05,6.396486037499983,0.00017210754293765356,highs-ipm,0.0,2053,8,True,90,513,0.003208556365625914,1.3779805526043283e-05,6363090,6.061898999999812,0,0.05405166889448876,0.041276829974807944,0.029479078756665496,0.0032355735337109143,1.3322676295501878e-15,513,513,513,0.022712896535058973,45.59400467565884,0.022208477679327248
0.7449412484929164,513,1.5686037947493103,0.003057707202240371,0.005609330042944151,0.004025985252479887,0.008667037245184521,0.007083692454720258,False,,,,,2.8320367531523816e-06,2.832036753152642e-06,2.6046263128069735e-19,4.336808689942018e-18,0,0,5.134781488891349e-16,-1,2.7444973377255266e-13,1.199333059080654e-13,False,1.2252698855519384e-13,-0.05077960079256135,-0.052362945583025615,0.0563889308355055,-5.376875424636822e-05,6.385813499999983,0.0001097060911196605,highs-ipm,0.0,2053,8,True,91,513,0.003057707202240371,1.2180230625168058e-05,6363091,6.325920799999949,0,0.04507450750578284,0.05661863460592622,0.019099615140064054,0.001583344790464263,2.220446049250313e-16,513,513,513,0.02170113256184946,43.606122896002496,0.02124019624744398
0.7051111283677489,513,1.5862417977851646,0.0030920892744350187,0.008675915174844874,0.008675522001893678,0.011768004449279893,0.011767611276328697,False,,,,,2.680614927196362e-06,2.6806149271963476e-06,1.4399560103323106e-20,6.938893903907228e-18,0,0,3.8163916471489756e-16,-1,2.08156408776361e-13,8.681250163178333e-14,False,8.876926971268517e-14,-0.035655379084883684,-0.03565577225783488,0.04433129425972856,-3.736521829084896e-05,6.740948450000019,8.624765420180654e-05,highs-ipm,0.0,2053,8,True,92,513,0.0030920892744350187,1.2240325302024402e-05,6363092,7.369631200000185,0,0.03363386354442537,0.03884118560050471,0.01250946958778053,3.931729511963411e-07,0.0,513,513,513,0.02264256025653097,45.45593740494942,0.02214122620796367
0.6120203511194682,513,1.5557789828829682,0.0030327075689726476,0.002136376725442493,0.0007073333593201753,0.005169084294415141,0.003740040928292823,False,,,,,2.3267125180063273e-06,2.326712518006311e-06,1.6517142471458857e-20,3.0357660829594124e-18,0,0,4.0592529337857286e-16,-1,1.412741451600752e-13,1.1242265798849793e-13,False,1.1484563300356854e-13,-0.064142726950584,-0.06557177031670632,0.06627910367602649,-6.611248130857666e-05,6.895095362499944,0.00012894767252145234,highs-ipm,0.0,2053,8,True,93,513,0.0030327075689726476,1.1522894393715943e-05,6363093,6.68177629999991,0,0.07028210124856205,0.058736633973558175,0.024515900739225813,0.0014290433661223179,4.440892098500626e-16,513,513,513,0.021531135299115007,43.2717312685138,0.021077316740630198
0.7228092392233978,513,1.6087942786206366,0.003136051225381358,-0.004248150948409121,-0.0042820071153644584,-0.0011120997230277632,-0.0011459558899831004,False,,,,,2.7478976833949733e-06,2.7478976833948636e-06,1.096907666694319e-19,4.336808689942018e-19,0,0,4.649058915617843e-16,-1,2.0442480173910038e-13,1.1877131222970405e-13,False,1.214826850226558e-13,-0.05707006162561996,-0.057103917792575294,0.052821910677210836,-5.829645584737861e-05,6.720909237500052,0.00010276636318523507,highs-ipm,0.0,2053,8,True,94,513,0.003136051225381358,1.258137649246641e-05,6363094,7.430713000000196,0,0.035197480863055554,0.033978653735429284,0.006708076532838057,3.385616695533722e-05,4.440892098500626e-16,513,513,513,0.022523636731005936,45.222452125006235,0.022027497381883213
0.7996714567520393,513,1.6228156704316816,0.0031633833731611726,-0.0014759795039950563,-0.0009062529748046222,0.0016874038691661163,0.0022571303983565504,False,,,,,3.0401041163327446e-06,3.0401041163320996e-06,6.450155893341497e-19,3.903127820947816e-18,0,0,2.914335439641036e-16,-1,1.5881501842784917e-13,1.086106031500389e-13,False,1.1094944407652463e-13,-0.04926180599592547,-0.04869207946673504,0.04778582649193042,-5.040594017346735e-05,6.737013487500008,9.296853403099305e-05,highs-ipm,0.0,2053,8,True,95,513,0.0031633833731611726,1.3045617671346805e-05,6363095,6.888692399999854,0,0.04535969673679588,0.03450817188138293,0.01542462634672888,0.0005697265291904341,0.0,513,513,513,0.021919473755525082,44.035445821104446,0.021449316035608595
0.8070661793085505,513,1.628176259291779,0.0031738328641165285,-0.009219395692429577,-0.009865653386472911,-0.006045562828313049,-0.006691820522356383,False,,,,,3.068216569631941e-06,3.068216569631973e-06,3.176373552203626e-20,1.0408340855860843e-17,0,0,3.226585665316861e-16,-1,2.379653819915145e-13,7.871427034483736e-14,False,8.054668043655511e-14,-0.05487464588671046,-0.055520903580753796,0.045655250194280884,-5.7076877640404145e-05,5.486058650000018,8.882344395774492e-05,highs-ipm,0.0,2053,8,True,96,513,0.0031738328641165285,1.3139937115047446e-05,6363096,5.057734600000003,0,0.036414075701930615,0.02390612773847062,0.019718037700518044,0.000646257694043334,2.220446049250313e-16,513,513,513,0.023150741946766487,46.453050628960455,0.022626912142698713
0.8268791569174083,513,1.6812403278031147,0.0032772715941581185,-0.00016893222489020032,0.0002471644195483763,0.0031083393692679182,0.003524436013706495,False,,,,,3.143539396621638e-06,3.1435393966216093e-06,2.879912020664621e-20,8.673617379884035e-19,0,0,5.689893001203927e-16,-1,1.6219686184426596e-13,7.891582352870241e-14,False,8.070280554939302e-14,-0.06070059037697169,-0.06028449373253311,0.06053165815208149,-6.178604302749039e-05,5.485135987500087,0.00011776587189120911,highs-ipm,0.0,2053,8,True,97,513,0.0032772715941581185,1.3882517305415659e-05,6363097,5.5220924999998715,0,0.06162646815000637,0.05123564182202885,0.021587422569074012,0.00041609664443857663,2.220446049250313e-16,513,513,513,0.022772483289043532,45.71095620607728,0.022265443841245628
0.5414352485782425,513,1.5206482681805509,0.002964226643626805,0.010914459774157219,0.012082715917654016,0.013878686417784024,0.015046942561280821,False,,,,,2.0583697392620878e-06,2.0583697392620623e-06,2.541098841762901e-20,0.0,0,0,2.0122792321330962e-16,-1,1.2276724775661663e-13,4.227304270520982e-14,False,4.319808399877445e-14,-0.045719651598580664,-0.04455139545508387,0.05663411137273788,-4.539630306132808e-05,5.231291262499951,0.00011018309605591028,highs-ipm,0.0,2053,8,True,98,513,0.002964226643626805,1.0844006718491735e-05,6363098,5.321384900000339,0,0.029513760766790055,0.032689086729654836,0.014087971751321841,0.0011682561434967972,0.0,513,513,513,0.022483700319164853,45.14403187144895,0.021989299499000952
0.8163568977775729,513,1.6700076900885508,0.003255375614207701,-0.01909771596804713,-0.019918157535016814,-0.01584234035383943,-0.016662781920809114,False,,,,,3.103537014326784e-06,3.1035370143256937e-06,1.0901314031162845e-18,1.3877787807814457e-17,0,0,3.608224830031759e-16,-1,3.1297035275879015e-13,1.5457492057169286e-13,False,1.5817902543346918e-13,-0.0861466174147296,-0.08696705898169929,0.06704890144668248,-8.77018434167569e-05,5.365575187500042,0.00013044533355385698,highs-ipm,0.0,2053,8,True,99,513,0.003255375614207701,1.3699495695665028e-05,6363099,4.835274899999604,0,0.045300968040940554,0.03824876212419935,0.01977613150351441,0.0008204415669696846,1.1102230246251565e-16,513,513,513,0.02336176817212015,46.86681831297018,0.022828455096429702
0.721913663351314,1023,1.5905624732874455,0.0015548020266739448,-0.0002558785668989316,-0.00045330575135643647,0.0012989234597750132,0.0011014962753175084,False,,,,,6.899857377006167e-07,6.899857377006833e-07,6.659796547786936e-20,7.589415207398531e-18,0,0,4.822531263215524e-16,-1,3.4601488341223785e-13,1.980053630720746e-13,False,2.0118282040293423e-13,-0.036908175530143895,-0.0371056027146014,0.036652296963244964,-1.8807955813189648e-05,59.60631272499998,3.579325875316891e-05,highs-ipm,0.0,4093,8,True,0,1023,0.0015548020266739448,3.10722650283135e-06,8403000,53.42485309999984,0,0.04160706825964323,0.037762248937465166,0.004982794344107467,0.00019742718445750485,1.1102230246251565e-15,1023,1023,1023,0.016084203225535165,64.79053959615872,0.015829596774043178
0.7824956316385379,1023,1.6247740171606244,0.0015882443960514414,-0.009029414234358282,-0.008001462124608824,-0.007441169838306841,-0.0064132177285573825,False,,,,,7.478883598591426e-07,7.478883598590861e-07,5.653944922922455e-20,2.6020852139652106e-18,0,0,2.5326962749261384e-16,-1,4.2060994444315103e-13,5.020201105949279e-13,False,5.101474798152594e-13,-0.05384288902641969,-0.05281493691667023,0.04481347479206141,-2.6536431776201972e-05,58.45113073749994,4.376315897662247e-05,highs-ipm,0.0,4093,8,True,1,1023,0.0015882443960514414,3.270225897685407e-06,8403001,58.359590000000026,0,0.036220726997641964,0.034284021195188356,0.012125127262471912,0.0010279521097494582,8.881784197001252e-16,1023,1023,1023,0.016137609416267962,65.00225434892491,0.01588132283140115
0.7820226712030699,1023,1.595971828336899,0.0015600897637701849,-0.006265439054947267,-0.007536831012080511,-0.004705349291177082,-0.005976741248310326,False,,,,,7.474363169464017e-07,7.474363169465658e-07,1.641126335305207e-19,3.469446951953614e-18,0,0,3.7470027081099033e-16,-1,8.875638939087604e-13,3.545664196275e-13,False,3.602430853621996e-13,-0.045226085434251564,-0.04649747739138481,0.0389606463793043,-2.345128269945868e-05,58.235816650000004,3.804750622978935e-05,highs-ipm,0.0,4093,8,True,2,1023,0.0015600897637701849,3.18113377464752e-06,8403002,52.251232399999935,0,0.036211365984096335,0.027799117380809504,0.011119440617133382,0.0012713919571332444,4.440892098500626e-16,1023,1023,1023,0.016079369404223373,64.77137608853877,0.015824914754101825
0.7635886665846809,1023,1.5999477854095503,0.0015639763298236074,0.008951493845703963,0.008271248851388482,0.01051547017552757,0.00983522518121209,False,,,,,7.29817589221784e-07,7.298175892217697e-07,1.4293680984916318e-20,1.734723475976807e-18,0,0,3.5388358909926865e-16,-1,4.662123348508386e-13,1.5142721061442432e-13,False,1.5384915563743107e-13,-0.031828749047903865,-0.032508994042219345,0.04078024289360783,-1.6603349836399185e-05,61.11189006250001,3.9824455950788894e-05,highs-ipm,0.0,4093,8,True,3,1023,0.0015639763298236074,3.1756612407507155e-06,8403003,51.5900529999999,0,0.03728279345752458,0.04432072151559735,0.008532674133441252,0.0006802449943154806,5.551115123125783e-16,1023,1023,1023,0.01606569291707007,64.7171551681696,0.015811667522152358
0.6764011914201807,1023,1.6088927056411793,0.0015727201423667442,0.005885127877920351,0.004523530845868408,0.007457848020287095,0.006096250988235152,False,,,,,6.464861364124674e-07,6.464861364129008e-07,4.333632316389814e-19,8.673617379884035e-19,0,0,7.20127082964872e-16,-1,6.67626110645303e-13,3.3087486743521577e-13,False,3.3614083738697786e-13,-0.02322124666329716,-0.024582843695349105,0.029106374541217513,-1.264982778453258e-05,61.060806650000075,2.8424193887907727e-05,highs-ipm,0.0,4093,8,True,4,1023,0.0015727201423667442,3.119776833404115e-06,8403004,56.18046019999997,0,0.024284036101968512,0.026295456314751182,0.0124573309428136,0.0013615970320519435,4.440892098500626e-16,1023,1023,1023,0.015908107916103902,64.0922984994922,0.01565900280955099
0.6831031207015138,1023,1.5867770810220476,0.0015511017409795187,0.003800174436640928,0.004394447959920101,0.005351276177620446,0.005945549700899619,False,,,,,6.528916608598888e-07,6.528916608598706e-07,1.8211208365967457e-20,8.673617379884035e-19,0,0,2.2898349882893854e-16,-1,4.1165375687206296e-13,1.6916107186890073e-13,False,1.7190068812844572e-13,-0.018003518124345294,-0.01740924460106612,0.021803692560986222,-9.153499376224188e-06,59.238875287500065,2.1292668516588108e-05,highs-ipm,0.0,4093,8,True,5,1023,0.0015511017409795187,3.058648757519728e-06,8403005,56.79944769999997,0,0.025536671177098413,0.03148611373556987,0.006536550652382074,0.0005942735232791728,4.440892098500626e-16,1023,1023,1023,0.016163185407589355,65.10363573811983,0.01590609228881501
0.6483324662337818,1023,1.5779608903631193,0.0015424837637958155,0.002256981589238677,0.0027207683831356466,0.0037994653530344924,0.004263252146931462,False,,,,,6.19658800905645e-07,6.196588009055655e-07,7.951521792349744e-20,4.336808689942018e-18,0,0,7.676151381197371e-16,-1,3.577176938994106e-13,1.5033989136069292e-13,False,1.5274240205975786e-13,-0.034850724872955,-0.03438693807905803,0.037107706462193676,-1.7410155909820618e-05,58.55949007499996,3.623799459198601e-05,highs-ipm,0.0,4093,8,True,6,1023,0.0015424837637958155,2.998763567707488e-06,8403006,56.72337759999982,0,0.022730604758521424,0.022187634692957287,0.009249392581965232,0.00046378679389696975,2.220446049250313e-16,1023,1023,1023,0.01597052831259403,64.3398312862626,0.01571947991357503
0.6289008503035373,1023,1.5558783241941079,0.0015208976776090986,-0.00716392012739564,-0.008993758206816437,-0.0056430224497865415,-0.007472860529207338,False,,,,,6.0108658301718e-07,6.010865830172035e-07,2.3505164286306834e-20,7.806255641895632e-18,0,0,5.551115123125783e-16,-1,4.2880030580970396e-13,1.2886116869739728e-13,False,1.3081202787645907e-13,-0.045282194008425994,-0.04711203208784679,0.038118273881030354,-2.3605008500911145e-05,58.80263628749992,3.7224876836943705e-05,highs-ipm,0.0,4093,8,True,7,1023,0.0015208976776090986,2.914069471558459e-06,8403007,51.69994350000002,0,0.057973960355388245,0.05600440694060155,0.0057477708830091295,0.0018298380794207966,4.440892098500626e-16,1023,1023,1023,0.015372543749387086,61.9672276481913,0.015139806412946811
0.6224098319431994,1023,1.5521394622139875,0.001517242876064504,-0.004885411620069557,-0.005055513449964431,-0.0033681687440050533,-0.003538270573899927,False,,,,,5.948826415776833e-07,5.948826415777314e-07,4.8069119756681544e-20,4.336808689942018e-19,0,0,4.0939474033052647e-16,-1,4.117097288092175e-13,1.3660188431796616e-13,False,1.388125725476641e-13,-0.05592251284836593,-0.0560926146782608,0.05103710122829637,-2.7983854652447262e-05,46.380657562500005,4.984091916825817e-05,highs-ipm,0.0,4093,8,True,8,1023,0.001517242876064504,2.8967632450750297e-06,8403008,55.24498989999984,0,0.040984244251096424,0.03230114256153661,0.011464493866708905,0.00017010182989487393,2.220446049250313e-16,1023,1023,1023,0.01585748448266243,63.89152511938307,0.015609949943655771
0.6661765430337536,1023,1.582896226333325,0.00154730813913326,0.005949777290202379,0.006802758351449157,0.00749708542933564,0.008350066490582416,False,,,,,6.367136914274443e-07,6.36713691427044e-07,4.002230675776569e-19,3.469446951953614e-18,2,0,2.636779683484747e-16,-1,4.040815940317341e-13,3.1814266119537665e-13,False,3.232067391500948e-13,-0.025243934286038935,-0.024390953224792157,0.031193711576241314,-1.254635882072009e-05,48.404346199999964,3.0462608961173158e-05,highs-ipm,0.0,4093,8,True,9,1023,0.00154730813913326,3.030720607239775e-06,8403009,55.76723280000033,0,0.017483566938823896,0.02342949698249478,0.007512914483726554,0.0008529810612467768,1.3322676295501878e-15,1023,1023,1023,0.015936770197889243,64.2059647149645,0.01568677369043843
0.7149629702598357,1023,1.5892840609148022,0.0015535523567104617,-0.002927831155846501,-0.0025539862208907027,-0.0013742787991360395,-0.001000433864180241,False,,,,,6.833424514688743e-07,6.833424514689324e-07,5.812763600532636e-20,1.734723475976807e-18,0,0,5.295243410419204e-16,-1,3.48581271269674e-13,1.7026686321714585e-13,False,1.7295886944879157e-13,-0.024790166696915597,-0.0244163217619598,0.021862335541069096,-1.2605374561800865e-05,48.11800051250003,2.134993705182529e-05,highs-ipm,0.0,4093,8,True,10,1023,0.0015535523567104617,3.096700422575658e-06,8403010,53.63038580000011,0,0.027989017491955124,0.02544360745740204,0.007084587451047863,0.00037384493495579846,2.220446049250313e-16,1023,1023,1023,0.015835224945227516,63.803237089273885,0.015588379450103563
0.7231484208754307,1023,1.5945127103401293,0.0015586634509678684,0.0008722542010314582,0.0007762583288144151,0.0024309176519993264,0.0023349217797822832,False,,,,,6.911658858602441e-07,6.911658858602349e-07,9.211483301390516e-21,0.0,0,0,4.0158848468863084e-16,-1,2.1643899509021097e-13,2.0113268113465445e-13,False,2.042446073380333e-13,-0.035275802942777976,-0.03537179881499502,0.036148057143809434,-1.796255202599452e-05,47.78283902499987,3.53008370545014e-05,highs-ipm,0.0,4093,8,True,11,1023,0.0015586634509678684,3.120428773891269e-06,8403011,49.38556420000032,0,0.025607110791511505,0.025143971170988447,0.004583808821328176,9.599587221704314e-05,1.1102230246251565e-15,1023,1023,1023,0.015556555147579096,62.697621216957614,0.015318255855596779
0.6466011547338341,1023,1.5852639944926623,0.0015496226730133552,0.003558221243118123,0.004265393549717486,0.005107843916131479,0.005815016222730842,False,,,,,6.180040597598481e-07,6.180040597597398e-07,1.0831433813014366e-19,4.336808689942018e-18,0,0,8.89913143176102e-16,-1,4.578237745508917e-13,2.247938163738028e-13,False,2.283936928471064e-13,-0.017259220911671168,-0.016552048605071805,0.02081744215478929,-8.700059042704958e-06,48.89608353749992,2.0329533354286417e-05,highs-ipm,0.0,4093,8,True,12,1023,0.0015496226730133552,3.0191834979906584e-06,8403012,52.39956370000027,0,0.021739937261657426,0.019418957588933788,0.004760809076549923,0.0007071723065993629,4.440892098500626e-16,1023,1023,1023,0.016040464083400843,64.61713072873299,0.015787229594119958
0.7357809275030334,1023,1.614222108221508,0.0015779297245567037,-0.01604964812280582,-0.015959121797969086,-0.014471718398249117,-0.014381192073412383,False,,,,,7.032396972410304e-07,7.032396972409365e-07,9.391477802682055e-20,1.0408340855860843e-17,0,0,4.440892098500626e-16,-1,2.93336088383854e-13,2.1443950266744963e-13,False,2.178569824540233e-13,-0.06710300402290904,-0.06701247769807231,0.05105335590010322,-3.3424176073252804e-05,45.99340345000002,4.9856792871194553e-05,highs-ipm,0.0,4093,8,True,13,1023,0.0015779297245567037,3.1929300976600963e-06,8403013,65.4428213000001,0,0.04823577250051995,0.037838019649081706,0.012929547936934679,9.05263248367344e-05,4.440892098500626e-16,1023,1023,1023,0.015844708303409876,63.84085141730804,0.015597569366554615
0.8145213772187637,1023,1.599703815863686,0.0015637378454190479,0.0012928548927157377,0.0028292802193081237,0.0028565927381347857,0.004393018064727172,False,,,,,7.784977094411367e-07,7.78497709441147e-07,1.0376153603865179e-20,4.336808689942018e-18,0,0,4.805184028455756e-16,-1,4.0832322332345905e-13,1.5733931085087915e-13,False,1.5983395162955105e-13,-0.03622379508405378,-0.034687369757461395,0.03751664997676952,-1.7715689973826594e-05,46.836005012500095,3.663735349293898e-05,highs-ipm,0.0,4093,8,True,14,1023,0.0015637378454190479,3.2235835564113383e-06,8403014,56.02953720000005,0,0.03206084711188977,0.03197578762431521,0.00812079504572996,0.001536425326592386,6.661338147750939e-16,1023,1023,1023,0.01586414555097702,63.91794417050877,0.015616404634866545
0.6968672542117642,1023,1.5960261215057114,0.0015601428362714677,-0.0022685921388938407,-0.0030877394451099063,-0.000708449302622373,-0.0015275966088384386,False,,,,,6.660470508960675e-07,6.660470508961154e-07,4.785736151986797e-20,5.854691731421724e-18,0,0,6.2363308961366215e-16,-1,2.904018171767664e-13,2.332656637293873e-13,False,2.3691118511415254e-13,-0.041207361894458464,-0.04202650920067453,0.03893876975556462,-2.1186803496537974e-05,48.04981540000017,3.802614233941858e-05,highs-ipm,0.0,4093,8,True,15,1023,0.0015601428362714677,3.099929992136222e-06,8403015,51.731662400000005,0,0.038790339057553885,0.03694085468760981,0.0067823615338492,0.0008191473062160656,6.661338147750939e-16,1023,1023,1023,0.015583345538180313,62.80393782350987,0.015344231083193225
0.8598115567546376,1023,1.636458845884837,0.0015996665160164585,-0.0026178044379639442,-0.0018657133408173723,-0.0010181379219474857,-0.0002660468248009138,False,,,,,8.217848496131832e-07,8.21784849613266e-07,8.279747059410786e-20,1.951563910473908e-18,0,0,3.9898639947466563e-16,-1,2.4842438219388474e-13,1.473766855081271e-13,False,1.4972745265851017e-13,-0.03397952066796177,-0.033227429570815196,0.031361716229997824,-1.7046115694737874e-05,37.42503095000001,3.062667600585725e-05,highs-ipm,0.0,4093,8,True,16,1023,0.0015996665160164585,3.3805170339564128e-06,8403016,39.5622986999997,0,0.018928398409762806,0.024017509515020057,0.008240723732597089,0.0007520910971465719,1.4432899320127035e-15,1023,1023,1023,0.016028237731458745,64.56865527806325,0.015775386092856888
0.6759474327833703,1023,1.5845690230618648,0.0015489433265511875,-0.005040304068293287,-0.004564097786489366,-0.003491360741742099,-0.0030151544599381786,False,,,,,6.460524460649715e-07,6.460524460650769e-07,1.0545560193316039e-19,1.734723475976807e-18,0,0,7.28583859910259e-16,-1,7.421045115224567e-13,1.431439602267437e-13,False,1.4542186899113574e-13,-0.026002875670416647,-0.025526669388612727,0.02096257160212336,-1.3110246483473636e-05,37.792537074999984,2.0471261330198595e-05,highs-ipm,0.0,4093,8,True,17,1023,0.0015489433265511875,3.045120031676717e-06,8403017,43.5124850000002,0,0.025551825687706992,0.020404273423124637,0.007407924498228446,0.00047620628180392033,6.661338147750939e-16,1023,1023,1023,0.01586112937774172,63.90598150247455,0.015613481920956402
0.6887341391059663,1023,1.6048481733248166,0.0015687665428395078,-0.008852664201770031,-0.007965567027366175,-0.007283897658930523,-0.006396800484526667,False,,,,,6.582736373830189e-07,6.58273637382888e-07,1.308665903507894e-19,4.336808689942018e-18,0,0,6.284035791725984e-16,-1,8.275648233097704e-13,3.3043980420845165e-13,False,3.3576613711616687e-13,-0.03261133646106649,-0.03172423928666263,0.023758672259296457,-1.6148624851573625e-05,41.25158726249998,2.3201828378219197e-05,highs-ipm,0.0,4093,8,True,18,1023,0.0015687665428395078,3.1191412741834834e-06,8403018,39.59558950000019,0,0.029912794058112396,0.021111958638959285,0.010116963357861764,0.0008870971744038558,2.220446049250313e-16,1023,1023,1023,0.016092652447734813,64.82403579034505,0.015837780549803334
0.7315259967394387,1023,1.589353525244933,0.0015536202592814593,0.003179329873537126,0.004350700026973308,0.004732950132818586,0.0059043202862547675,False,,,,,6.991729484166622e-07,6.991729484164924e-07,1.6983010592448722e-19,6.938893903907228e-18,0,0,5.689893001203927e-16,-1,4.0575463995662364e-13,1.9524497036488286e-13,False,1.9838644615965961e-13,-0.031011611920680138,-0.029840241767243956,0.034190941794217264,-1.526960349882858e-05,39.06632373750011,3.33895915959153e-05,highs-ipm,0.0,4093,8,True,19,1023,0.0015536202592814593,3.1127380368321703e-06,8403019,35.56764219999968,0,0.022366635728399274,0.02016458477471771,0.009117052234781988,0.0011713701534361819,8.881784197001252e-16,1023,1023,1023,0.015934668347001024,64.19762960781111,0.01568473726064283
0.6487305290507706,1023,1.570881479674695,0.0015355635187435923,0.0014054259850451965,0.0022173988155727645,0.002940989503788789,0.003752962334316357,False,,,,,6.200392586811047e-07,6.200392586810232e-07,8.152692117322641e-20,1.734723475976807e-18,0,0,8.396061623727746e-16,-1,2.6160462142897634e-13,1.6526379873968433e-13,False,1.678865380050354e-13,-0.01903501115246548,-0.01822303832193791,0.020440437137510675,-9.51800718931477e-06,37.7555852000001,1.996136439210027e-05,highs-ipm,0.0,4093,8,True,20,1023,0.0015355635187435923,2.9778430910521635e-06,8403020,34.647888400000284,0,0.015976005131877347,0.015726419553616023,0.004118318497788787,0.0008119728305275679,1.9984014443252818e-15,1023,1023,1023,0.016000354442374062,64.45809831294847,0.015748374862679812
1.090307628252507,1023,1.747646028051843,0.0017083538886137274,-0.011146644819299403,-0.012878594297905777,-0.009438290930685676,-0.01117024040929205,False,,,,,1.04208681923033e-06,1.0420868192300564e-06,2.73591641963139e-19,6.938893903907228e-18,0,0,4.163336342344337e-16,-1,3.103546065974516e-13,2.564901416257648e-13,False,2.607219995454102e-13,-0.0450934619535058,-0.04682541143211218,0.0339468171342064,-2.390605724506608e-05,40.18815095000002,3.315118860762344e-05,highs-ipm,0.0,4093,8,True,21,1023,0.0017083538886137274,3.960305225768126e-06,8403021,39.94949129999986,0,0.024164282137391625,0.024387265070879738,0.007404903154267536,0.0017319494786063733,6.661338147750939e-16,1023,1023,1023,0.016542800561442486,66.60780309553877,0.016273589810783966
0.7113555032037188,1023,1.5675087893634332,0.0015322666562692406,-0.002227461059150268,-0.0011807393078846137,-0.0006951944028810275,0.00035152734838462684,False,,,,,6.798945311090503e-07,6.798945311090507e-07,4.235164736271502e-22,8.023096076392733e-18,0,0,4.3021142204224816e-16,-1,2.4522023951353833e-13,1.054576348122338e-13,False,1.0713999132327956e-13,-0.03264625515802858,-0.03159953340676293,0.030418794098878314,-1.6109354202380013e-05,37.90834022499996,2.9705853612185854e-05,highs-ipm,0.0,4093,8,True,22,1023,0.0015322666562692406,3.0275695254840856e-06,8403022,35.37151210000002,0,0.020918404054351327,0.017929297314679675,0.009304601589055866,0.0010467217512656543,6.661338147750939e-16,1023,1023,1023,0.01578406763818636,63.60031713561807,0.01553880213428245
0.7462882529606466,1023,1.5666326053729627,0.001531410171430071,0.0010094536965837703,0.0011451104715497103,0.0025408638680138413,0.0026765206429797813,False,,,,,7.132823173977417e-07,7.132823173978628e-07,1.2112571145736495e-19,8.673617379884035e-19,1,0,4.0939474033052647e-16,-1,5.134050736627094e-13,3.7584909143295597e-13,False,3.8187855655458236e-13,-0.024942754040135233,-0.024807097265169293,0.025952207736719003,-1.2826122778906307e-05,38.70171906250005,2.534395286788965e-05,highs-ipm,0.0,4093,8,True,23,1023,0.001531410171430071,3.058325161728269e-06,8403023,39.19297290000031,0,0.021067320748864308,0.020126454882568253,0.008235158226466536,0.00013565677496594,1.1102230246251565e-16,1023,1023,1023,0.015980127025821866,64.37789300875423,0.015728779137247552
0.5852775690455464,1023,1.5395269758145138,0.0015049139548528971,0.008151553784198028,0.008513158244245565,0.009656467739050925,0.010018072199098461,False,,,,,5.593926195590104e-07,5.593926195590393e-07,2.8904999325053e-20,1.734723475976807e-18,0,0,4.848552115355176e-16,-1,4.41312893346979e-13,2.530290701355936e-13,False,2.56995813519012e-13,-0.022406858369063178,-0.02204525390901564,0.030558412153261206,-1.1323676754820582e-05,41.497427012500054,2.9842199368419146e-05,highs-ipm,0.0,4093,8,True,24,1023,0.0015049139548528971,2.8240219605057566e-06,8403024,35.86098089999996,0,0.02202270850865428,0.026212167188454,0.0081673907311733,0.00036160446004753627,1.7763568394002505e-15,1023,1023,1023,0.01577737717272188,63.57377730511326,0.015532317934305708
0.7377161268557473,1023,1.609198230812014,0.0015730187984477166,-0.0026724191852775664,-0.0024384256573040386,-0.0010994003868298498,-0.000865406858856322,False,,,,,7.050893089340337e-07,7.050893089338107e-07,2.2298142336469456e-19,6.505213034913027e-19,0,0,3.885780586188048e-16,-1,1.3653817016086051e-12,2.6046306496156635e-13,False,2.6464594404806974e-13,-0.047535633381858525,-0.047301639853885,0.04486321419658096,-2.3801593143838595e-05,39.14532882499992,4.381173261384859e-05,highs-ipm,0.0,4093,8,True,25,1023,0.0015730187984477166,3.17930518208694e-06,8403025,32.82769760000019,0,0.034127802605478465,0.03627831212286875,0.008089045654919096,0.0002339935279735278,2.220446049250313e-16,1023,1023,1023,0.0160654624777238,64.7162415706706,0.015811444312404253
0.5867555315651884,1023,1.519173564566123,0.001485018147180961,0.007960814453860012,0.007984951983786022,0.009445832601040973,0.009469970130966983,False,,,,,5.608052165377093e-07,5.608052165372916e-07,4.1769312211477685e-19,1.734723475976807e-18,0,0,5.065392549852277e-16,-1,6.070088008625074e-13,3.4900977507329456e-13,False,3.5434676026735445e-13,-0.020521172255590532,-0.020497034725664522,0.028481986709450544,-1.0569122953678172e-05,39.3371930374999,2.7814440145947797e-05,highs-ipm,0.0,4093,8,True,26,1023,0.001485018147180961,2.7659470983047095e-06,8403026,41.133786599999894,0,0.019161858557406982,0.023804732491671733,0.009535579080523578,2.4137529926009788e-05,7.771561172376096e-16,1023,1023,1023,0.01534242594872349,61.84765632091944,0.015110592797683713
0.7509863199496224,1023,1.6121085019542931,0.0015758636382739912,0.00014653449590439765,0.00024737502065842396,0.0017223981341783889,0.0018232386589324152,False,,,,,7.177726039539861e-07,7.177726039538859e-07,1.0016164601282102e-19,1.951563910473908e-18,0,0,4.180683577104105e-16,-1,3.4944657302353466e-13,2.918339940365111e-13,False,2.9645383370358047e-13,-0.026209024491209862,-0.026108183966455836,0.02635555898711426,-1.3465909306324899e-05,41.808386662500084,2.573785057335377e-05,highs-ipm,0.0,4093,8,True,27,1023,0.0015758636382739912,3.2009434444940724e-06,8403027,39.14037290000033,0,0.02352181854775453,0.021160175295268233,0.007188008901958518,0.0001008405247540263,1.1102230246251565e-15,1023,1023,1023,0.015890257285487114,64.02150488507091,0.015641706544117007
0.7464886048333883,1023,1.6019597900884632,0.0015659430988157021,-0.00630873337104066,-0.0062264161014139105,-0.004742790272224958,-0.004660473002598208,False,,,,,7.134738083497609e-07,7.134738083499411e-07,1.802062595283524e-19,2.6020852139652106e-18,0,0,3.7470027081099033e-16,-1,3.324365522444639e-13,2.63767089767053e-13,False,2.679557964402335e-13,-0.035810804922221495,-0.035728487652594745,0.029502071551180835,-1.815902441996847e-05,39.55499013749994,2.8810616749200034e-05,highs-ipm,0.0,4093,8,True,28,1023,0.0015659430988157021,3.1654772814644045e-06,8403028,39.80985429999964,0,0.03508964793855835,0.025872901016823987,0.012584308981000868,8.23172696267499e-05,1.2212453270876722e-15,1023,1023,1023,0.015841590624264816,63.828485684731625,0.015594548176088841
0.7743873134539083,1023,1.587646882639921,0.0015519519869402942,-0.0043845277676774555,-0.0037787780704332113,-0.002832575780737161,-0.002226826083492917,False,,,,,7.401386465784024e-07,7.401386465787449e-07,3.425189480459577e-19,4.7704895589362195e-18,0,0,2.914335439641036e-16,-1,3.239073505939549e-13,2.555105378578698e-13,False,2.595181014530823e-13,-0.03260970810032778,-0.03200395840308354,0.028225180332650326,-1.636707146058438e-05,39.381185100000096,2.7563652668603834e-05,highs-ipm,0.0,4093,8,True,29,1023,0.0015519519869402942,3.1485127859908012e-06,8403029,37.37183879999975,0,0.029890340546352916,0.024915594164558182,0.010221154723976092,0.0006057496972442442,2.220446049250313e-16,1023,1023,1023,0.015686255059779365,63.21227804337882,0.015443996590124314
0.6614949806009239,1023,1.5678684783288364,0.0015326182583859592,0.009233872603625723,0.009775696227697025,0.010766490862011683,0.011308314486082984,False,,,,,6.322391794835908e-07,6.322391794835905e-07,3.1763735522036263e-22,3.469446951953614e-18,0,0,4.649058915617843e-16,-1,3.290706940338277e-13,1.8414314669444598e-13,False,1.8705870186153106e-13,-0.0313720174912623,-0.030830193867190995,0.04060589009488802,-1.5686044778697943e-05,40.15538397500006,3.965418954578908e-05,highs-ipm,0.0,4093,8,True,30,1023,0.0015326182583859592,2.981003437017134e-06,8403030,39.00509890000012,0,0.026164621542584972,0.030179106942422824,0.013798974129137822,0.0005418236240713019,1.9984014443252818e-15,1023,1023,1023,0.015782798113269908,63.59528119357885,0.015537571755088896
0.7405446105339998,1023,1.609413702255198,0.0015732294254694017,0.00200612296775253,0.00386191589803659,0.0035793523932219316,0.005435145323505992,False,,,,,7.077926978529502e-07,7.077926978518892e-07,1.061014645554418e-18,8.673617379884035e-19,0,0,6.279698983036042e-16,-1,2.0701088683950514e-12,2.159382861324083e-12,False,2.1937868188715015e-12,-0.027025948845023396,-0.025170155914739336,0.029032071812775926,-1.2997907890595705e-05,40.347267187499995,2.835163262966399e-05,highs-ipm,0.0,4093,8,True,31,1023,0.0015732294254694017,3.1826705954070864e-06,8403031,39.35283400000026,0,0.01579474531035142,0.01590693740188804,0.00521458503633064,0.00185579293028406,2.220446049250313e-16,1023,1023,1023,0.015924781608856558,64.15842226215625,0.01567515813881169
0.7191978600008949,1023,1.6088969678376883,0.0015727243087367432,-0.004609348580790845,-0.0038769019547187783,-0.0030366242720541023,-0.0023041776459820354,False,,,,,6.873900456209407e-07,6.873900456209824e-07,4.171637265227429e-20,7.806255641895632e-18,0,0,6.38378239159465e-16,-1,2.995055375584754e-13,1.1335116872901452e-13,False,1.150954331841092e-13,-0.03784117969748449,-0.03710873307141242,0.033231831116693644,-1.880688861564658e-05,47.66522260000005,3.245296007489614e-05,highs-ipm,0.0,4093,8,True,32,1023,0.0015727243087367432,3.1606838540720822e-06,8403032,45.50837180000008,0,0.02923560226970463,0.02452375775518715,0.008377617452673661,0.0007324466260720669,1.9984014443252818e-15,1023,1023,1023,0.015829992031873425,63.782481217019395,0.015583308384319422
0.8043494354798657,1023,1.6165767202883778,0.0015802313981313567,-0.003971297478747693,-0.0050361904440521035,-0.0023910660806163364,-0.003455959045920747,False,,,,,7.68775640056879e-07,7.687756400568661e-07,1.291725244562808e-20,1.734723475976807e-18,0,0,7.32920668600201e-16,-1,3.770675178343952e-13,1.9000100971722222e-13,False,1.930539061945069e-13,-0.052107763317564885,-0.053172656282869296,0.04813646583881719,-2.673198671567664e-05,47.677557175000004,4.7008267420719915e-05,highs-ipm,0.0,4093,8,True,33,1023,0.0015802313981313567,3.2657190847632454e-06,8403033,48.75100389999989,0,0.051513460372797325,0.0394523745518683,0.015696465152435158,0.0010648929653044106,1.1102230246251565e-15,1023,1023,1023,0.015931502967383018,64.18507690236692,0.0156816703890464
0.7124083341347569,1023,1.6000147572256451,0.0015640417959194967,-0.004307984275399933,-0.0052348196657983695,-0.0027439424794804363,-0.003670777869878873,False,,,,,6.809007987051306e-07,6.809007987051703e-07,3.970466940254533e-20,2.6020852139652106e-18,0,0,5.238864897449957e-16,-1,3.1795787248760365e-13,1.6208334587680673e-13,False,1.6466689123362244e-13,-0.05095156574144085,-0.05187840113183929,0.04664358146604092,-2.601215135136107e-05,48.691953650000016,4.5550372525430584e-05,highs-ipm,0.0,4093,8,True,34,1023,0.0015640417959194967,3.1269611806979044e-06,8403034,40.1638767999998,0,0.04417590706848679,0.045036588010679314,0.009093040983297357,0.0009268353903984367,7.771561172376096e-16,1023,1023,1023,0.0159607487146649,64.30105156303709,0.01571000526827195
0.7873062318571795,1023,1.620007150989006,0.0015835847028240527,-0.0015177951095391995,-0.0011016589570683327,6.578959328485323e-05,0.00048192574575572,False,,,,,7.524862026609973e-07,7.524862026609992e-07,1.9058241313221758e-21,2.6020852139652106e-18,0,0,3.9898639947466563e-16,-1,2.102209465532079e-13,1.9884874996600743e-13,False,2.0203977380006677e-13,-0.03694818933016661,-0.03653205317769574,0.03543039422062741,-1.859040279333275e-05,47.649070924999876,3.4599994356081454e-05,highs-ipm,0.0,4093,8,True,35,1023,0.0015835847028240527,3.260042866573879e-06,8403035,45.743072199999915,0,0.040074874917449196,0.03928410161185859,0.007252860191102745,0.00041613615247086677,3.3306690738754696e-16,1023,1023,1023,0.015987304666620884,64.40635399666832,0.015735732713576426
0.7489912264208822,1023,1.5906853385523336,0.0015549221295721736,-0.005388295507612183,-0.005293782345946924,-0.003833373378040009,-0.0037388602163747507,False,,,,,7.158657470121604e-07,7.158657470122688e-07,1.0842021724855044e-19,4.336808689942018e-19,0,0,2.7755575615628914e-16,-1,2.9457504686393465e-13,1.7320258454463916e-13,False,1.759495327213756e-13,-0.028054824585119688,-0.02796031142345443,0.022666529077507505,-1.4368361559245876e-05,47.73631620000003,2.2135282302253423e-05,highs-ipm,0.0,4093,8,True,36,1023,0.0015549221295721736,3.133473676034046e-06,8403036,43.42045929999995,0,0.02333705540296052,0.020286844899310045,0.007592939589194027,9.45131616652585e-05,6.661338147750939e-16,1023,1023,1023,0.01577327745646396,63.55751432147123,0.01552834456913541
0.702263970267102,1023,1.5778209909573078,0.0015423470097334388,0.0001348999576369289,0.0009393465646506324,0.0016772469673703677,0.002481693574384071,False,,,,,6.712050875114226e-07,6.712050875113488e-07,7.379774552953092e-20,5.637851296924623e-18,0,0,4.85722573273506e-16,-1,2.557032005839205e-13,1.320845559663053e-13,False,1.3418779976070994e-13,-0.023951000039064044,-0.02314655343205034,0.024085899996700973,-1.197323313050468e-05,49.11863234999993,2.3521386715528294e-05,highs-ipm,0.0,4093,8,True,37,1023,0.0015423470097334388,3.049875397406668e-06,8403037,48.878655799999706,0,0.021290063356449392,0.017480659697450326,0.005358451157944425,0.0008044466070137035,8.881784197001252e-16,1023,1023,1023,0.015888104050815612,64.01296522784702,0.01563962013873614
0.7472314776668627,1023,1.6069631763438108,0.0015708339944709782,-0.0033900371930908405,-0.0030609870276018386,-0.0018192031986198622,-0.0014901530331308604,False,,,,,7.141838263004313e-07,7.141838263009009e-07,4.6957389013410275e-19,8.673617379884035e-19,0,0,3.922643460052555e-16,-1,3.0820728998473546e-13,3.0078077615375287e-13,False,3.056825625957771e-13,-0.026411061361360864,-0.026082011195871863,0.023021024168270024,-1.3449540855535208e-05,47.93229558750005,2.2481468914326195e-05,highs-ipm,0.0,4093,8,True,38,1023,0.0015708339944709782,3.1815287754012093e-06,8403038,45.638108999999986,0,0.03365062324250307,0.027054074324333783,0.006916022929776542,0.00032905016548900184,4.440892098500626e-16,1023,1023,1023,0.01608629229466542,64.79882157781496,0.015831620224240155
0.8369577822280215,1023,1.6462313236979054,0.001609219280252107,-0.00794902536675756,-0.008009498648766454,-0.006339806086505454,-0.0064002793685143475,False,,,,,7.999418242256797e-07,7.999418242260065e-07,3.2684883852175314e-19,9.540979117872439e-18,0,0,4.2327252813834093e-16,-1,5.204439852170284e-13,5.898297258596918e-13,False,5.993920637603622e-13,-0.049455480664425434,-0.04951595394643433,0.041506455297667874,-2.4977653712133394e-05,48.11216566249999,4.053364775162878e-05,highs-ipm,0.0,4093,8,True,39,1023,0.001609219280252107,3.3893330747185976e-06,8403039,48.66305699999975,0,0.027935448746898652,0.02667783842124732,0.003927633505319789,6.047328200889379e-05,0.0,1023,1023,1023,0.016091541520351763,64.81963164878937,0.01583670453183224
0.7953094419029184,1023,1.6377007177765015,0.0016008804670347033,-2.9367813852633484e-05,-0.00055978795984446,0.0015715126531820698,0.0010410925071902433,False,,,,,7.601354563983465e-07,7.601354563982781e-07,6.839791049078475e-20,4.7704895589362195e-18,0,0,2.5066754227864863e-16,-1,4.731075015258768e-13,1.7428392713389473e-13,False,1.7708751132161638e-13,-0.034330924712006106,-0.03486134485799793,0.03430155689815347,-1.778227650034258e-05,39.02013380000017,3.3497614158353e-05,highs-ipm,0.0,4093,8,True,40,1023,0.0016008804670347033,3.3227680101636806e-06,8403040,49.82094529999995,0,0.01886559997150148,0.018676552774867516,0.008795581953959991,0.0005304201459918265,4.440892098500626e-16,1023,1023,1023,0.016112817677008662,64.90397680718941,0.015857311704663916
0.7626909721005747,1023,1.6125496429309198,0.0015762948611250439,-0.003913130744182813,-0.00571612944369284,-0.0023368358830577695,-0.004139834582567796,False,,,,,7.289595968850354e-07,7.289595968851646e-07,1.291725244562808e-19,3.469446951953614e-18,0,0,3.608224830031759e-16,-1,5.210033251178137e-13,5.154114982031111e-13,False,5.234354616412418e-13,-0.04808778066546719,-0.04989077936497722,0.04417464992128438,-2.5089691708690448e-05,39.710934524999914,4.3139306563754276e-05,highs-ipm,0.0,4093,8,True,41,1023,0.0015762948611250439,3.2134869869991294e-06,8403041,49.25417400000015,0,0.04302681409459054,0.039556174714196396,0.006077969139784123,0.0018029986995100268,1.1102230246251565e-15,1023,1023,1023,0.015517453345632606,62.54243719241874,0.01528034136145095
0.7576735207958114,1023,1.5964754856961325,0.001560582097454675,0.0022934787392581008,0.0019392030113463618,0.0038540608367127758,0.003499785108801037,False,,,,,7.24164051357037e-07,7.241640513571537e-07,1.1667878848427987e-19,7.806255641895632e-18,0,0,6.175615574477433e-16,-1,3.3175476526082354e-13,2.7054394965628226e-13,False,2.748565264276692e-13,-0.049521680548776675,-0.049875956276688414,0.051815159288034776,-2.5077658327083918e-05,42.65731925,5.060074149222146e-05,highs-ipm,0.0,4093,8,True,42,1023,0.001560582097454675,3.1594036068035513e-06,8403042,47.442828700000064,0,0.031869545295491554,0.02709266557842544,0.015299969704669555,0.00035427572791173895,1.7763568394002505e-15,1023,1023,1023,0.016043447217950993,64.62895818370204,0.01579011927283216
0.621580697586682,1023,1.5637914015094514,0.0015286328460502945,-0.004541726645013663,-0.00390085223546683,-0.003013093798963369,-0.0023722193894165355,False,,,,,5.94090177174184e-07,5.94090177174192e-07,8.046812998915853e-21,8.673617379884035e-19,1,0,2.8275992658421956e-16,-1,2.615337417119501e-13,1.579562218870234e-13,False,1.604133492705273e-13,-0.03593017560759183,-0.035289301198045,0.03138844896257817,-1.78251942777821e-05,41.16803802499987,3.0652782190017743e-05,highs-ipm,0.0,4093,8,True,43,1023,0.0015286328460502945,2.9306634073413887e-06,8403043,43.93816450000031,0,0.03103937230868741,0.02288593054040615,0.013228253441734015,0.0006408744095468336,1.1102230246251565e-15,1023,1023,1023,0.01569749258727581,63.25686302134796,0.015454889572770086
0.6099156005637433,1023,1.5425077983153983,0.001507827759839099,0.011541056888894896,0.011079976363089172,0.013048884648733996,0.012587804122928271,False,,,,,5.829409899742358e-07,5.829409899744956e-07,2.5982735657025663e-19,0.0,0,0,6.938893903907228e-16,-1,4.967302610903168e-13,2.903596146072024e-13,False,2.9482319363616227e-13,-0.02930608030692107,-0.029767160832726795,0.040847137195815966,-1.5117687490329376e-05,41.58152283750013,3.988978241778903e-05,highs-ipm,0.0,4093,8,True,44,1023,0.001507827759839099,2.8563431194238865e-06,8403044,42.8720502000001,0,0.02119067102581619,0.022332268058384282,0.01128814287726381,0.0004610805258057245,6.661338147750939e-16,1023,1023,1023,0.015310417718014188,61.72057198100808,0.015079543606403146
0.6776180566750716,1023,1.5592407574172835,0.0015241845136043828,0.010685966314376186,0.011069976976978632,0.012210150827980569,0.012594161490583015,False,,,,,6.476491836208798e-07,6.476491836209014e-07,2.159934015498466e-20,3.469446951953614e-18,0,0,6.678685382510707e-16,-1,4.978333012755493e-13,2.145383209192081e-13,False,2.1793331028696628e-13,-0.026756178520310713,-0.026372167857708267,0.0374421448346869,-1.3524684270392516e-05,36.84793669999982,3.6564594565123925e-05,highs-ipm,0.0,4093,8,True,45,1023,0.0015241845136043828,2.970629381762279e-06,8403045,44.50843699999996,0,0.01983409929987541,0.026074969384099658,0.00912735865910206,0.00038401066260244573,0.0,1023,1023,1023,0.015867795259907537,63.932419456396914,0.015619941230490328
0.7209118667304938,1023,1.5823817640715578,0.0015468052434717086,-0.0036131615995746713,-0.002150305178205504,-0.0020663563561029628,-0.0006034999347337955,False,,,,,6.890282473309263e-07,6.890282473309433e-07,1.6940658945086007e-20,3.0357660829594124e-18,0,0,3.5258254649228604e-16,-1,7.209833858407011e-13,1.9299821886042262e-13,False,1.961070195122261e-13,-0.03149789784069888,-0.030035041419329715,0.02788473624112421,-1.535457581536303e-05,40.0062368249998,2.7231187735472862e-05,highs-ipm,0.0,4093,8,True,46,1023,0.0015468052434717086,3.0814663654774106e-06,8403046,51.48179449999998,0,0.030763968757481833,0.02727398316273137,0.00858678147250976,0.0014628564213691672,1.1102230246251565e-15,1023,1023,1023,0.01609097498968289,64.81738570056761,0.015836155802728465
0.6238797278123511,1023,1.549527770279223,0.0015146899025212344,0.0003816212529171442,0.0004701615006671364,0.0018963111554383787,0.001984851403188371,False,,,,,5.962875286676211e-07,5.962875286675693e-07,5.177488890091911e-20,4.336808689942018e-19,0,0,4.440892098500626e-16,-1,2.786060634583573e-13,1.7018905815874286e-13,False,1.7291723608536813e-13,-0.034832335378133863,-0.03474379513038387,0.03521395663105101,-1.7561031244675318e-05,38.657886387500014,3.438862952251075e-05,highs-ipm,0.0,4093,8,True,47,1023,0.0015146899025212344,2.890427344754757e-06,8403047,41.29609320000009,0,0.022912281924125803,0.02010745896936778,0.009017416591944612,8.85402477499922e-05,1.3322676295501878e-15,1023,1023,1023,0.01594706611326043,64.2467937343286,0.01569674901889289
0.7414917532585605,1023,1.5969996823853125,0.001561094508685545,0.004097054889135997,0.002398232828619347,0.005658149397821542,0.003959327337304892,False,,,,,7.086979514919562e-07,7.086979514918884e-07,6.776263578034403e-20,5.204170427930421e-18,0,0,8.396061623727746e-16,-1,3.863142580351822e-13,2.7793257062133647e-13,False,2.8237134852560075e-13,-0.039208871178767674,-0.04090769323928432,0.04330592606790367,-2.0683157540986185e-05,32.852578400000084,4.229094342568718e-05,highs-ipm,0.0,4093,8,True,48,1023,0.001561094508685545,3.1455408677612847e-06,8403048,28.565439399999377,0,0.03918426727067819,0.039452216507289924,0.009871661508800332,0.0016988220605166499,1.1102230246251565e-15,1023,1023,1023,0.015926842579518024,64.16659541394574,0.015677154999742423
0.6605595566979635,1023,1.5858330509904448,0.0015501789354745307,-0.0017129478527858517,-0.0016233136259727783,-0.00016276891731132107,-7.313469049824764e-05,False,,,,,6.313451263793984e-07,6.313451263793026e-07,9.582060215814273e-20,3.2526065174565133e-18,0,0,7.919012667834124e-16,-1,3.375223006901046e-13,1.7314275013724512e-13,False,1.7592524659271191e-13,-0.027495186013186755,-0.02740555178637368,0.025782238160400903,-1.4012962209569577e-05,30.40754331249991,2.5177966953516507e-05,highs-ipm,0.0,4093,8,True,49,1023,0.0015501789354745307,3.034245608398455e-06,8403049,34.75531189999947,0,0.027540656337966613,0.022653317972049808,0.006239043196593885,8.963422681307343e-05,8.881784197001252e-16,1023,1023,1023,0.015910168032395713,64.10046853130726,0.01566099890821091
0.6883379437272047,513,1.6239520869902637,0.003165598610117473,-0.004327853998593471,-0.004327853998593527,-0.0011622553884759984,-0.001162255388476054,False,-0.04508613785531439,0.045061399459269846,0.0031408602140729353,8,2.6168484550544246e-06,2.6168484550543657e-06,5.886878983417387e-20,9.107298248878237e-18,0,0,7.095019016745141e-16,-1,9.261533665092143e-13,9.12126277285985e-14,True,9.332812300755222e-14,-0.05665962787491628,-0.05665962787491634,0.05233177387632281,-5.77332179831831e-05,4.625986816764155,0.00010181278964265138,highs-ipm,0.0,2053,513,True,900000,513,0.003165598610117473,1.2636588369326317e-05,7263000,5.98211809999998,0,0.04902396723831607,0.043167820344467756,0.013379790633337541,5.551115123125783e-17,4.440892098500626e-16,513,513,513,0.023111856580867274,46.3767878901227,0.022589765168106526
